$date
	Tue Apr 21 12:39:08 2026
$end
$version
	Icarus Verilog
$end
$timescale
	1s
$end
$scope module tb_direct $end
$var wire 48 ! y3 [47:0] $end
$var wire 48 " y2 [47:0] $end
$var wire 48 # y1 [47:0] $end
$var reg 1 $ clk $end
$var reg 1 % rst $end
$var reg 16 & x1 [15:0] $end
$var reg 16 ' x2 [15:0] $end
$var reg 16 ( x3 [15:0] $end
$var integer 32 ) f1 [31:0] $end
$var integer 32 * f2 [31:0] $end
$var integer 32 + f3 [31:0] $end
$var integer 32 , i [31:0] $end
$scope module dut1 $end
$var wire 1 $ clk $end
$var wire 1 % rst $end
$var wire 16 - x [15:0] $end
$var parameter 32 . TAPS $end
$var reg 48 / acc_reg [47:0] $end
$var reg 48 0 y [47:0] $end
$scope begin $ivl_for_loop0 $end
$var integer 32 1 i [31:0] $end
$upscope $end
$scope begin $ivl_for_loop1 $end
$var integer 32 2 i [31:0] $end
$upscope $end
$scope begin $ivl_for_loop2 $end
$var integer 32 3 i [31:0] $end
$upscope $end
$scope begin $ivl_for_loop3 $end
$var integer 32 4 i [31:0] $end
$upscope $end
$scope begin $ivl_for_loop4 $end
$var integer 32 5 i [31:0] $end
$upscope $end
$upscope $end
$scope module dut2 $end
$var wire 1 $ clk $end
$var wire 1 % rst $end
$var wire 16 6 x [15:0] $end
$var parameter 32 7 TAPS $end
$var reg 48 8 acc_reg [47:0] $end
$var reg 48 9 y [47:0] $end
$scope begin $ivl_for_loop0 $end
$var integer 32 : i [31:0] $end
$upscope $end
$scope begin $ivl_for_loop1 $end
$var integer 32 ; i [31:0] $end
$upscope $end
$scope begin $ivl_for_loop2 $end
$var integer 32 < i [31:0] $end
$upscope $end
$scope begin $ivl_for_loop3 $end
$var integer 32 = i [31:0] $end
$upscope $end
$scope begin $ivl_for_loop4 $end
$var integer 32 > i [31:0] $end
$upscope $end
$upscope $end
$scope module dut3 $end
$var wire 1 $ clk $end
$var wire 1 % rst $end
$var wire 16 ? x [15:0] $end
$var parameter 32 @ TAPS $end
$var reg 48 A acc_reg [47:0] $end
$var reg 48 B y [47:0] $end
$scope begin $ivl_for_loop0 $end
$var integer 32 C i [31:0] $end
$upscope $end
$scope begin $ivl_for_loop1 $end
$var integer 32 D i [31:0] $end
$upscope $end
$scope begin $ivl_for_loop2 $end
$var integer 32 E i [31:0] $end
$upscope $end
$scope begin $ivl_for_loop3 $end
$var integer 32 F i [31:0] $end
$upscope $end
$scope begin $ivl_for_loop4 $end
$var integer 32 G i [31:0] $end
$upscope $end
$upscope $end
$upscope $end
$enddefinitions $end
$comment Show the parameter values. $end
$dumpall
b1100100 @
b1100100 7
b1100100 .
$end
#0
$dumpvars
b0 G
b0 F
b0 E
b0 D
b0 C
bx B
bx A
b0 ?
b0 >
b0 =
b0 <
b0 ;
b0 :
bx 9
bx 8
b0 6
b0 5
b0 4
b0 3
b0 2
b0 1
bx 0
bx /
b0 -
bx ,
b10000000000000000000000000000101 +
b10000000000000000000000000000100 *
b10000000000000000000000000000011 )
b0 (
b0 '
b0 &
1%
0$
bx #
bx "
bx !
$end
#1
b0 #
b0 0
b0 /
b0 "
b0 9
b0 8
b0 !
b0 B
b0 A
b1100100 E
b1100100 C
b1100100 <
b1100100 :
b1100100 3
b1100100 1
1$
#2
0$
#3
b1100100 E
b1100100 C
b1100100 <
b1100100 :
b1100100 3
b1100100 1
1$
#4
0$
#5
b1100100 E
b1100100 C
b1100100 <
b1100100 :
b1100100 3
b1100100 1
1$
#6
0$
#7
b1100100 E
b1100100 C
b1100100 <
b1100100 :
b1100100 3
b1100100 1
1$
#8
0$
#9
b1100100 E
b1100100 C
b1100100 <
b1100100 :
b1100100 3
b1100100 1
1$
#10
0$
b0 ,
0%
#11
b1100100 F
b1100100 D
b1100100 =
b1100100 ;
b1100100 4
b1100100 2
b1100100 5
b1100100 >
b1100100 G
b1 ,
1$
#12
0$
#13
b11110011011110 (
b11110011011110 ?
b10100011001100 '
b10100011001100 6
b10001111111001 &
b10001111111001 -
b1100100 F
b1100100 D
b1100100 =
b1100100 ;
b1100100 4
b1100100 2
b1100100 5
b1100100 >
b1100100 G
b10 ,
1$
#14
0$
#15
b10010110011110 (
b10010110011110 ?
b11111011011110 '
b11111011011110 6
b11101110000001 &
b11101110000001 -
b1100100 F
b1100100 D
b1100100 =
b1100100 ;
b1100100 4
b1100100 2
b1100100 5
b1100100 >
b1100100 G
b11 ,
1$
#16
0$
#17
b1101101001100010 (
b1101101001100010 ?
b11100000010101 '
b11100000010101 6
b11111001110101 &
b11111001110101 -
b1100100 F
b1100100 D
b1100100 =
b1100100 ;
b1100100 4
b1100100 2
b1100100 5
b1100100 >
b1100100 G
b100 ,
1$
#18
0$
#19
b111111111111111111111111111111111001010000010101 #
b111111111111111111111111111111111001010000010101 0
b111111111111111111111111111111111000010110011100 "
b111111111111111111111111111111111000010110011100 9
b111111111111111111111111111111110100100101100110 !
b111111111111111111111111111111110100100101100110 B
b1100001100100010 (
b1100001100100010 ?
b1011110001111 '
b1011110001111 6
b10101111010000 &
b10101111010000 -
b1100100 F
b1100100 D
b1100100 =
b1100100 ;
b1100100 4
b1100100 2
b111111111111111111111111111111111001010000010101 /
b1100100 5
b111111111111111111111111111111111000010110011100 8
b1100100 >
b111111111111111111111111111111110100100101100110 A
b1100100 G
b101 ,
1$
#20
0$
#21
b111111111111111111111111111111100101000110101110 #
b111111111111111111111111111111100101000110101110 0
b111111111111111111111111111111100010010111010010 "
b111111111111111111111111111111100010010111010010 9
b111111111111111111111111111111011110010100010100 !
b111111111111111111111111111111011110010100010100 B
b0 (
b0 ?
b1110110000111001 '
b1110110000111001 6
b101000000011 &
b101000000011 -
b1100100 F
b1100100 D
b1100100 =
b1100100 ;
b1100100 4
b1100100 2
b1100100 5
b1100100 >
b1100100 G
b110 ,
b111111111111111111111111111111011110010100010100 A
b111111111111111111111111111111100010010111010010 8
b111111111111111111111111111111100101000110101110 /
1$
#22
0$
#23
b111111111111111111111111111111000110000001011001 #
b111111111111111111111111111111000110000001011001 0
b111111111111111111111111111111000011000010000011 "
b111111111111111111111111111111000011000010000011 9
b111111111111111111111111111111010100010110111010 !
b111111111111111111111111111111010100010110111010 B
b11110011011110 (
b11110011011110 ?
b1100100111110111 '
b1100100111110111 6
b1110010011000000 &
b1110010011000000 -
b1100100 F
b1100100 D
b1100100 =
b1100100 ;
b1100100 4
b1100100 2
b1100100 5
b1100100 >
b1100100 G
b111 ,
b111111111111111111111111111111010100010110111010 A
b111111111111111111111111111111000011000010000011 8
b111111111111111111111111111111000110000001011001 /
1$
#24
0$
#25
b111111111111111111111111111110101001000000001100 #
b111111111111111111111111111110101001000000001100 0
b111111111111111111111111111110101011010010010010 "
b111111111111111111111111111110101011010010010010 9
b111111111111111111111111111111101000010001101110 !
b111111111111111111111111111111101000010001101110 B
b10010110011110 (
b10010110011110 ?
b1100000010000001 '
b1100000010000001 6
b1100100011101010 &
b1100100011101010 -
b1100100 F
b1100100 D
b1100100 =
b1100100 ;
b1100100 4
b1100100 2
b1100100 5
b1100100 >
b1100100 G
b1000 ,
b111111111111111111111111111111101000010001101110 A
b111111111111111111111111111110101011010010010010 8
b111111111111111111111111111110101001000000001100 /
1$
#26
0$
#27
b111111111111111111111111111110100011010100110111 #
b111111111111111111111111111110100011010100110111 0
b111111111111111111111111111110110010110001011011 "
b111111111111111111111111111110110010110001011011 9
b10001100100010110 !
b10001100100010110 B
b1101101001100010 (
b1101101001100010 ?
b1101010000110000 '
b1101010000110000 6
b1100000000100000 &
b1100000000100000 -
b1100100 F
b1100100 D
b1100100 =
b1100100 ;
b1100100 4
b1100100 2
b1100100 5
b1100100 >
b1100100 G
b1001 ,
b10001100100010110 A
b111111111111111111111111111110110010110001011011 8
b111111111111111111111111111110100011010100110111 /
1$
#28
0$
#29
b111111111111111111111111111111000110101100010100 #
b111111111111111111111111111111000110101100010100 0
b111111111111111111111111111111100111111001110011 "
b111111111111111111111111111111100111111001110011 9
b110001110011000010 !
b110001110011000010 B
b1100001100100010 (
b1100001100100010 ?
b1111101111111011 '
b1111101111111011 6
b1100110101101110 &
b1100110101101110 -
b1100100 F
b1100100 D
b1100100 =
b1100100 ;
b1100100 4
b1100100 2
b1100100 5
b1100100 >
b1100100 G
b1010 ,
b110001110011000010 A
b111111111111111111111111111111100111111001110011 8
b111111111111111111111111111111000110101100010100 /
1$
#30
0$
#31
b10110100110111111 #
b10110100110111111 0
b1000100001001000000 "
b1000100001001000000 9
b110111000011100000 !
b110111000011100000 B
b0 (
b0 ?
b10010110011110 '
b10010110011110 6
b1110110000111001 &
b1110110000111001 -
b1100100 F
b1100100 D
b1100100 =
b1100100 ;
b1100100 4
b1100100 2
b1100100 5
b1100100 >
b1100100 G
b1011 ,
b110111000011100000 A
b1000100001001000000 8
b10110100110111111 /
1$
#32
0$
#33
b10000000011011101000 #
b10000000011011101000 0
b10100111010110010111 "
b10100111010110010111 9
b101001010010101000 !
b101001010010101000 B
b11110011011110 (
b11110011011110 ?
b11110111111101 '
b11110111111101 6
b1000111011011 &
b1000111011011 -
b1100100 F
b1100100 D
b1100100 =
b1100100 ;
b1100100 4
b1100100 2
b1100100 5
b1100100 >
b1100100 G
b1100 ,
b101001010010101000 A
b10100111010110010111 8
b10000000011011101000 /
1$
#34
0$
#35
b11011101010100000111 #
b11011101010100000111 0
b11100001011100100000 "
b11100001011100100000 9
b10111101110010010 !
b10111101110010010 B
b10010110011110 (
b10010110011110 ?
b11100111101001 '
b11100111101001 6
b11000101010000 &
b11000101010000 -
b1100100 F
b1100100 D
b1100100 =
b1100100 ;
b1100100 4
b1100100 2
b1100100 5
b1100100 >
b1100100 G
b1101 ,
b10111101110010010 A
b11100001011100100000 8
b11011101010100000111 /
1$
#36
0$
#37
b11111011001001011110 #
b11111011001001011110 0
b11000011010111011100 "
b11000011010111011100 9
b111111111111111111111111111111111100001100100010 !
b111111111111111111111111111111111100001100100010 B
b1101101001100010 (
b1101101001100010 ?
b1101101000000 '
b1101101000000 6
b11111110110111 &
b11111110110111 -
b1100100 F
b1100100 D
b1100100 =
b1100100 ;
b1100100 4
b1100100 2
b1100100 5
b1100100 >
b1100100 G
b1110 ,
b111111111111111111111111111111111100001100100010 A
b11000011010111011100 8
b11111011001001011110 /
1$
#38
0$
#39
b10110010011000110010 #
b10110010011000110010 0
b111001110001010111 "
b111001110001010111 9
b111111111111111111111111111111001011010010111110 !
b111111111111111111111111111111001011010010111110 B
b1100001100100010 (
b1100001100100010 ?
b1111000000010101 '
b1111000000010101 6
b11100000010101 &
b11100000010101 -
b1100100 F
b1100100 D
b1100100 =
b1100100 ;
b1100100 4
b1100100 2
b1100100 5
b1100100 >
b1100100 G
b1111 ,
b111111111111111111111111111111001011010010111110 A
b111001110001010111 8
b10110010011000110010 /
1$
#40
0$
#41
b111111111111111111111111111111111100101110000001 #
b111111111111111111111111111111111100101110000001 0
b111111111111111111111111111101100000000111011110 "
b111111111111111111111111111101100000000111011110 9
b111111111111111111111111111110010011010110000000 !
b111111111111111111111111111110010011010110000000 B
b0 (
b0 ?
b1100110000111001 '
b1100110000111001 6
b1110100001110 &
b1110100001110 -
b1100100 F
b1100100 D
b1100100 =
b1100100 ;
b1100100 4
b1100100 2
b1100100 5
b1100100 >
b1100100 G
b10000 ,
b111111111111111111111111111110010011010110000000 A
b111111111111111111111111111101100000000111011110 8
b111111111111111111111111111111111100101110000001 /
1$
#42
0$
#43
b111111111111111111111111111100000110111111000001 #
b111111111111111111111111111100000110111111000001 0
b111111111111111111111111111010000101111001110010 "
b111111111111111111111111111010000101111001110010 9
b111111111111111111111111111110000011001110101010 !
b111111111111111111111111111110000011001110101010 B
b11110011011110 (
b11110011011110 ?
b1100000000100000 '
b1100000000100000 6
b1111011111111011 &
b1111011111111011 -
b1100100 F
b1100100 D
b1100100 =
b1100100 ;
b1100100 4
b1100100 2
b1100100 5
b1100100 >
b1100100 G
b10001 ,
b111111111111111111111111111110000011001110101010 A
b111111111111111111111111111010000101111001110010 8
b111111111111111111111111111100000110111111000001 /
1$
#44
0$
#45
b111111111111111111111111111000101100111010011101 #
b111111111111111111111111111000101100111010011101 0
b111111111111111111111111111000010110111011110001 "
b111111111111111111111111111000010110111011110001 9
b111111111111111111111111111110111100101000101000 !
b111111111111111111111111111110111100101000101000 B
b10010110011110 (
b10010110011110 ?
b1101000101011001 '
b1101000101011001 6
b1101010110101101 &
b1101010110101101 -
b1100100 F
b1100100 D
b1100100 =
b1100100 ;
b1100100 4
b1100100 2
b1100100 5
b1100100 >
b1100100 G
b10010 ,
b111111111111111111111111111110111100101000101000 A
b111111111111111111111111111000010110111011110001 8
b111111111111111111111111111000101100111010011101 /
1$
#46
0$
#47
b111111111111111111111111110111011011101001011010 #
b111111111111111111111111110111011011101001011010 0
b111111111111111111111111111001101100011000110001 "
b111111111111111111111111111001101100011000110001 9
b101001010010101000 !
b101001010010101000 B
b1101101001100010 (
b1101101001100010 ?
b1111011111111011 '
b1111011111111011 6
b1100001000000011 &
b1100001000000011 -
b1100100 F
b1100100 D
b1100100 =
b1100100 ;
b1100100 4
b1100100 2
b1100100 5
b1100100 >
b1100100 G
b10011 ,
b101001010010101000 A
b111111111111111111111111111001101100011000110001 8
b111111111111111111111111110111011011101001011010 /
1$
#48
0$
#49
b111111111111111111111111111001100101001111111110 #
b111111111111111111111111111001100101001111111110 0
b111111111111111111111111111110011100001111000001 "
b111111111111111111111111111110011100001111000001 9
b10001110010101101100 !
b10001110010101101100 B
b1100001100100010 (
b1100001100100010 ?
b10001001001011 '
b10001001001011 6
b1100001111001001 &
b1100001111001001 -
b1100100 F
b1100100 D
b1100100 =
b1100100 ;
b1100100 4
b1100100 2
b1100100 5
b1100100 >
b1100100 G
b10100 ,
b10001110010101101100 A
b111111111111111111111111111110011100001111000001 8
b111111111111111111111111111001100101001111111110 /
1$
#50
0$
#51
b111111111111111111111111111111010010010101110100 #
b111111111111111111111111111111010010010101110100 0
b101011010110000101101 "
b101011010110000101101 9
b10111111001111010000 !
b10111111001111010000 B
b0 (
b0 ?
b11110011011110 '
b11110011011110 6
b1101101001100010 &
b1101101001100010 -
b1100100 F
b1100100 D
b1100100 =
b1100100 ;
b1100100 4
b1100100 2
b1100100 5
b1100100 >
b1100100 G
b10101 ,
b10111111001111010000 A
b101011010110000101101 8
b111111111111111111111111111111010010010101110100 /
1$
#52
0$
#53
b111000100001000101000 #
b111000100001000101000 0
b1011111110101101111011 "
b1011111110101101111011 9
b10101101101010111010 !
b10101101101010111010 B
b11110011011110 (
b11110011011110 ?
b11101110000001 '
b11101110000001 6
b1111110111111101 &
b1111110111111101 -
b1100100 F
b1100100 D
b1100100 =
b1100100 ;
b1100100 4
b1100100 2
b1100100 5
b1100100 >
b1100100 G
b10110 ,
b10101101101010111010 A
b1011111110101101111011 8
b111000100001000101000 /
1$
#54
0$
#55
b1110000011001110111110 #
b1110000011001110111110 0
b1110111010100110110101 "
b1110111010100110110101 9
b1011110111001001000 !
b1011110111001001000 B
b10010110011110 (
b10010110011110 ?
b1111011010101 '
b1111011010101 6
b10001001001011 &
b10001001001011 -
b1100100 F
b1100100 D
b1100100 =
b1100100 ;
b1100100 4
b1100100 2
b1100100 5
b1100100 >
b1100100 G
b10111 ,
b1011110111001001000 A
b1110111010100110110101 8
b1110000011001110111110 /
1$
#56
0$
#57
b10000111000010011110110 #
b10000111000010011110110 0
b1011110011010110011010 "
b1011110011010110011010 9
b111111111111111111111111111111011001000011110110 !
b111111111111111111111111111111011001000011110110 B
b1101101001100010 (
b1101101001100010 ?
b1111010000000010 '
b1111010000000010 6
b11101010111100 &
b11101010111100 -
b1100100 F
b1100100 D
b1100100 =
b1100100 ;
b1100100 4
b1100100 2
b1100100 5
b1100100 >
b1100100 G
b11000 ,
b111111111111111111111111111111011001000011110110 A
b1011110011010110011010 8
b10000111000010011110110 /
1$
#58
0$
#59
b1101000110010011111011 #
b1101000110010011111011 0
b10011001010100000110 "
b10011001010100000110 9
b111111111111111111111111111100110101010110010110 !
b111111111111111111111111111100110101010110010110 B
b1100001100100010 (
b1100001100100010 ?
b1100111010110000 '
b1100111010110000 6
b11111011011110 &
b11111011011110 -
b1100100 F
b1100100 D
b1100100 =
b1100100 ;
b1100100 4
b1100100 2
b1100100 5
b1100100 >
b1100100 G
b11001 ,
b111111111111111111111111111100110101010110010110 A
b10011001010100000110 8
b1101000110010011111011 /
1$
#60
0$
#61
b10100010100000000100 #
b10100010100000000100 0
b111111111111111111111111110101010101101110101100 "
b111111111111111111111111110101010101101110101100 9
b111111111111111111111111111010110110001110100010 !
b111111111111111111111111111010110110001110100010 B
b0 (
b0 ?
b1100000000000000 '
b1100000000000000 6
b10110101000001 &
b10110101000001 -
b1100100 F
b1100100 D
b1100100 =
b1100100 ;
b1100100 4
b1100100 2
b1100100 5
b1100100 >
b1100100 G
b11010 ,
b111111111111111111111111111010110110001110100010 A
b111111111111111111111111110101010101101110101100 8
b10100010100000000100 /
1$
#62
0$
#63
b111111111111111111111111110100000010111000111001 #
b111111111111111111111111110100000010111000111001 0
b111111111111111111111111101001101101011101110000 "
b111111111111111111111111101001101101011101110000 9
b111111111111111111111111111010110011111000000100 !
b111111111111111111111111111010110011111000000100 B
b11110011011110 (
b11110011011110 ?
b1100111010110000 '
b1100111010110000 6
b101111111110 &
b101111111110 -
b1100100 F
b1100100 D
b1100100 =
b1100100 ;
b1100100 4
b1100100 2
b1100100 5
b1100100 >
b1100100 G
b11011 ,
b111111111111111111111111111010110011111000000100 A
b111111111111111111111111101001101101011101110000 8
b111111111111111111111111110100000010111000111001 /
1$
#64
0$
#65
b111111111111111111111111100110111100100000110101 #
b111111111111111111111111100110111100100000110101 0
b111111111111111111111111100101001101000100001101 "
b111111111111111111111111100101001101000100001101 9
b111111111111111111111111111101010011110010000110 !
b111111111111111111111111111101010011110010000110 B
b10010110011110 (
b10010110011110 ?
b1111010000000010 '
b1111010000000010 6
b1110011010010101 &
b1110011010010101 -
b1100100 F
b1100100 D
b1100100 =
b1100100 ;
b1100100 4
b1100100 2
b1100100 5
b1100100 >
b1100100 G
b11100 ,
b111111111111111111111111111101010011110010000110 A
b111111111111111111111111100101001101000100001101 8
b111111111111111111111111100110111100100000110101 /
1$
#66
0$
#67
b111111111111111111111111100001010110011111010100 #
b111111111111111111111111100001010110011111010100 0
b111111111111111111111111101011101011101000110000 "
b111111111111111111111111101011101011101000110000 9
b1100100001001100110 !
b1100100001001100110 B
b1101101001100010 (
b1101101001100010 ?
b1111011010101 '
b1111011010101 6
b1100100111110111 &
b1100100111110111 -
b1100100 F
b1100100 D
b1100100 =
b1100100 ;
b1100100 4
b1100100 2
b1100100 5
b1100100 >
b1100100 G
b11101 ,
b1100100001001100110 A
b111111111111111111111111101011101011101000110000 8
b111111111111111111111111100001010110011111010100 /
1$
#68
0$
#69
b111111111111111111111111100111100111110001010001 #
b111111111111111111111111100111100111110001010001 0
b111111111111111111111111111100111010110101001001 "
b111111111111111111111111111100111010110101001001 9
b101110011000100000110 !
b101110011000100000110 B
b1100001100100010 (
b1100001100100010 ?
b11101110000001 '
b11101110000001 6
b1100000000001000 &
b1100000000001000 -
b1100100 F
b1100100 D
b1100100 =
b1100100 ;
b1100100 4
b1100100 2
b1100100 5
b1100100 >
b1100100 G
b11110 ,
b101110011000100000110 A
b111111111111111111111111111100111010110101001001 8
b111111111111111111111111100111100111110001010001 /
1$
#70
0$
#71
b111111111111111111111111111001111110011101100010 #
b111111111111111111111111111001111110011101100010 0
b10011101101101100000111 "
b10011101101101100000111 9
b1000001100110100001100 !
b1000001100110100001100 B
b0 (
b0 ?
b11110011011110 '
b11110011011110 6
b1100110000111001 &
b1100110000111001 -
b1100100 F
b1100100 D
b1100100 =
b1100100 ;
b1100100 4
b1100100 2
b1100100 5
b1100100 >
b1100100 G
b11111 ,
b1000001100110100001100 A
b10011101101101100000111 8
b111111111111111111111111111001111110011101100010 /
1$
#72
0$
#73
b10011010111011111111011 #
b10011010111011111111011 0
b100111000100111110010110 "
b100111000100111110010110 9
b111101001101011100000 !
b111101001101011100000 B
b11110011011110 (
b11110011011110 ?
b10001001001011 '
b10001001001011 6
b1110101001010010 &
b1110101001010010 -
b1100100 F
b1100100 D
b1100100 =
b1100100 ;
b1100100 4
b1100100 2
b1100100 5
b1100100 >
b1100100 G
b100000 ,
b111101001101011100000 A
b100111000100111110010110 8
b10011010111011111111011 /
1$
#74
0$
#75
b101010011100111010001100 #
b101010011100111010001100 0
b101101011111000101110001 "
b101101011111000101110001 9
b11111101010110001010 !
b11111101010110001010 B
b10010110011110 (
b10010110011110 ?
b1111011111111011 '
b1111011111111011 6
b111111101011 &
b111111101011 -
b1100100 F
b1100100 D
b1100100 =
b1100100 ;
b1100100 4
b1100100 2
b1100100 5
b1100100 >
b1100100 G
b100001 ,
b11111101010110001010 A
b101101011111000101110001 8
b101010011100111010001100 /
1$
#76
0$
#77
b110100101011100111110001 #
b110100101011100111110001 0
b100001000101101011010010 "
b100001000101101011010010 9
b111111111111111111111111111101111000101101101110 !
b111111111111111111111111111101111000101101101110 B
b1101101001100010 (
b1101101001100010 ?
b1101000101011001 '
b1101000101011001 6
b11000000000010 &
b11000000000010 -
b1100100 F
b1100100 D
b1100100 =
b1100100 ;
b1100100 4
b1100100 2
b1100100 5
b1100100 >
b1100100 G
b100010 ,
b111111111111111111111111111101111000101101101110 A
b100001000101101011010010 8
b110100101011100111110001 /
1$
#78
0$
#79
b101010101100001001010010 #
b101010101100001001010010 0
b11001110111110001001 "
b11001110111110001001 9
b111111111111111111111111110111010110001101000100 !
b111111111111111111111111110111010110001101000100 B
b1100001100100010 (
b1100001100100010 ?
b1100000000100000 '
b1100000000100000 6
b11111101111111 &
b11111101111111 -
b1100100 F
b1100100 D
b1100100 =
b1100100 ;
b1100100 4
b1100100 2
b1100100 5
b1100100 >
b1100100 G
b100011 ,
b111111111111111111111111110111010110001101000100 A
b11001110111110001001 8
b101010101100001001010010 /
1$
#80
0$
#81
b1100001011000100001110 #
b1100001011000100001110 0
b111111111111111111111111011101010111000111101000 "
b111111111111111111111111011101010111000111101000 9
b111111111111111111111111110011000001001000101000 !
b111111111111111111111111110011000001001000101000 B
b0 (
b0 ?
b1100110000111001 '
b1100110000111001 6
b11100100000110 &
b11100100000110 -
b1100100 F
b1100100 D
b1100100 =
b1100100 ;
b1100100 4
b1100100 2
b1100100 5
b1100100 >
b1100100 G
b100100 ,
b111111111111111111111111110011000001001000101000 A
b111111111111111111111111011101010111000111101000 8
b1100001011000100001110 /
1$
#82
0$
#83
b111111111111111111111111100001101001011011100011 #
b111111111111111111111111100001101001011011100011 0
b111111111111111111111110111110100010101110010000 "
b111111111111111111111110111110100010101110010000 9
b111111111111111111111111110011011011110000111010 !
b111111111111111111111111110011011011110000111010 B
b11110011011110 (
b11110011011110 ?
b1111000000010101 '
b1111000000010101 6
b1111011010101 &
b1111011010101 -
b1100100 F
b1100100 D
b1100100 =
b1100100 ;
b1100100 4
b1100100 2
b1100100 5
b1100100 >
b1100100 G
b100101 ,
b111111111111111111111111110011011011110000111010 A
b111111111111111111111110111110100010101110010000 8
b111111111111111111111111100001101001011011100011 /
1$
#84
0$
#85
b111111111111111111111110111010101100101100010010 #
b111111111111111111111110111010101100101100010010 0
b111111111111111111111110110101111010110011011011 "
b111111111111111111111110110101111010110011011011 9
b111111111111111111111111111001100000011001010110 !
b111111111111111111111111111001100000011001010110 B
b10010110011110 (
b10010110011110 ?
b1101101000000 '
b1101101000000 6
b1111100111111010 &
b1111100111111010 -
b1100100 F
b1100100 D
b1100100 =
b1100100 ;
b1100100 4
b1100100 2
b1100100 5
b1100100 >
b1100100 G
b100110 ,
b111111111111111111111111111001100000011001010110 A
b111111111111111111111110110101111010110011011011 8
b111111111111111111111110111010101100101100010010 /
1$
#86
0$
#87
b111111111111111111111110101000110011001111011110 #
b111111111111111111111110101000110011001111011110 0
b111111111111111111111111001011111111010110000100 "
b111111111111111111111111001011111111010110000100 9
b11100111101000011010 !
b11100111101000011010 B
b1101101001100010 (
b1101101001100010 ?
b11100111101001 '
b11100111101001 6
b1101011100110100 &
b1101011100110100 -
b1100100 F
b1100100 D
b1100100 =
b1100100 ;
b1100100 4
b1100100 2
b1100100 5
b1100100 >
b1100100 G
b100111 ,
b11100111101000011010 A
b111111111111111111111111001011111111010110000100 8
b111111111111111111111110101000110011001111011110 /
1$
#88
0$
#89
b111111111111111111111110111000010000011011010100 #
b111111111111111111111110111000010000011011010100 0
b111111111111111111111111111101100011101011010010 "
b111111111111111111111111111101100011101011010010 9
b1110001000111100001110 !
b1110001000111100001110 B
b1100001100100010 (
b1100001100100010 ?
b11110111111101 '
b11110111111101 6
b1100001010001011 &
b1100001010001011 -
b1100100 F
b1100100 D
b1100100 =
b1100100 ;
b1100100 4
b1100100 2
b1100100 5
b1100100 >
b1100100 G
b101000 ,
b1110001000111100001110 A
b111111111111111111111111111101100011101011010010 8
b111111111111111111111110111000010000011011010100 /
1$
#90
0$
#91
b111111111111111111111111101001110000110110111101 #
b111111111111111111111111101001110000110110111101 0
b111010101110010101000111 "
b111010101110010101000111 9
b10100110000001001110100 !
b10100110000001001110100 B
b0 (
b0 ?
b10010110011110 '
b10010110011110 6
b1100001100100010 &
b1100001100100010 -
b1100100 F
b1100100 D
b1100100 =
b1100100 ;
b1100100 4
b1100100 2
b1100100 5
b1100100 >
b1100100 G
b101001 ,
b10100110000001001110100 A
b111010101110010101000111 8
b111111111111111111111111101001110000110110111101 /
1$
#92
0$
#93
b101111100110110111000000 #
b101111100110110111000000 0
b1101011010001111001110000 "
b1101011010001111001110000 9
b10100000101011010001100 !
b10100000101011010001100 B
b11110011011110 (
b11110011011110 ?
b1111101111111011 '
b1111101111111011 6
b1101100011000110 &
b1101100011000110 -
b1100100 F
b1100100 D
b1100100 =
b1100100 ;
b1100100 4
b1100100 2
b1100100 5
b1100100 >
b1100100 G
b101010 ,
b10100000101011010001100 A
b1101011010001111001110000 8
b101111100110110111000000 /
1$
#94
0$
#95
b1110000010111100101111100 #
b1110000010111100101111100 0
b1110111100000010011110011 "
b1110111100000010011110011 9
b1010111010110101000010 !
b1010111010110101000010 B
b10010110011110 (
b10010110011110 ?
b1101010000110000 '
b1101010000110000 6
b1111101111111011 &
b1111101111111011 -
b1100100 F
b1100100 D
b1100100 =
b1100100 ;
b1100100 4
b1100100 2
b1100100 5
b1100100 >
b1100100 G
b101011 ,
b1010111010110101000010 A
b1110111100000010011110011 8
b1110000010111100101111100 /
1$
#96
0$
#97
b10001111001001101101110001 #
b10001111001001101101110001 0
b1010010011010101111111111 "
b1010010011010101111111111 9
b111111111111111111111111111010111011010001011010 !
b111111111111111111111111111010111011010001011010 B
b1101101001100010 (
b1101101001100010 ?
b1100000010000001 '
b1100000010000001 6
b10000010010100 &
b10000010010100 -
b1100100 F
b1100100 D
b1100100 =
b1100100 ;
b1100100 4
b1100100 2
b1100100 5
b1100100 >
b1100100 G
b101100 ,
b111111111111111111111111111010111011010001011010 A
b1010010011010101111111111 8
b10001111001001101101110001 /
1$
#98
0$
#99
b1110110111100101000011011 #
b1110110111100101000011011 0
b1010010011101100000 "
b1010010011101100000 9
b111111111111111111111111101000101011000001101000 !
b111111111111111111111111101000101011000001101000 B
b1100001100100010 (
b1100001100100010 ?
b1100100111110111 '
b1100100111110111 6
b11100111101001 &
b11100111101001 -
b1100100 F
b1100100 D
b1100100 =
b1100100 ;
b1100100 4
b1100100 2
b1100100 5
b1100100 >
b1100100 G
b101101 ,
b111111111111111111111111101000101011000001101000 A
b1010010011101100000 8
b1110110111100101000011011 /
1$
#100
0$
#101
b100101010001010110001110 #
b100101010001010110001110 0
b111111111111111111111110011101000010101101010101 "
b111111111111111111111110011101000010101101010101 9
b111111111111111111111111011011000001000100101100 !
b111111111111111111111111011011000001000100101100 B
b0 (
b0 ?
b1110110000111001 '
b1110110000111001 6
b11111100110110 &
b11111100110110 -
b1100100 F
b1100100 D
b1100100 =
b1100100 ;
b1100100 4
b1100100 2
b1100100 5
b1100100 >
b1100100 G
b101110 ,
b111111111111111111111111011011000001000100101100 A
b111111111111111111111110011101000010101101010101 8
b100101010001010110001110 /
1$
#102
0$
#103
b111111111111111111111110101111011110111111001011 #
b111111111111111111111110101111011110111111001011 0
b111111111111111111111101001011111000011010011101 "
b111111111111111111111101001011111000011010011101 9
b111111111111111111111111011001001011100100010110 !
b111111111111111111111111011001001011100100010110 B
b11110011011110 (
b11110011011110 ?
b1011110001111 '
b1011110001111 6
b10111010100111 &
b10111010100111 -
b1100100 F
b1100100 D
b1100100 =
b1100100 ;
b1100100 4
b1100100 2
b1100100 5
b1100100 >
b1100100 G
b101111 ,
b111111111111111111111111011001001011100100010110 A
b111111111111111111111101001011111000011010011101 8
b111111111111111111111110101111011110111111001011 /
1$
#104
0$
#105
b111111111111111111111100111111100101100010101011 #
b111111111111111111111100111111100101100010101011 0
b111111111111111111111100110100011111011010100001 "
b111111111111111111111100110100011111011010100001 9
b111111111111111111111111100111110101110110010100 !
b111111111111111111111111100111110101110110010100 B
b10010110011110 (
b10010110011110 ?
b11100000010101 '
b11100000010101 6
b110111110110 &
b110111110110 -
b1100100 F
b1100100 D
b1100100 =
b1100100 ;
b1100100 4
b1100100 2
b1100100 5
b1100100 >
b1100100 G
b110000 ,
b111111111111111111111111100111110101110110010100 A
b111111111111111111111100110100011111011010100001 8
b111111111111111111111100111111100101100010101011 /
1$
#106
0$
#107
b111111111111111111111100001000001110001000101001 #
b111111111111111111111100001000001110001000101001 0
b111111111111111111111101101111001001101100111001 "
b111111111111111111111101101111001001101100111001 9
b110111100101010101010 !
b110111100101010101010 B
b1101101001100010 (
b1101101001100010 ?
b11111011011110 '
b11111011011110 6
b1110100001110001 &
b1110100001110001 -
b1100100 F
b1100100 D
b1100100 =
b1100100 ;
b1100100 4
b1100100 2
b1100100 5
b1100100 >
b1100100 G
b110001 ,
b110111100101010101010 A
b111111111111111111111101101111001001101100111001 8
b111111111111111111111100001000001110001000101001 /
1$
#108
0$
#109
b111111111111111111111100110010111010011000011010 #
b111111111111111111111100110010111010011000011010 0
b111111111111111111111111111010010100010100111100 "
b111111111111111111111111111010010100010100111100 9
b110001011000000010110110 !
b110001011000000010110110 B
b1100001100100010 (
b1100001100100010 ?
b10100011001100 '
b10100011001100 6
b1100101100010001 &
b1100101100010001 -
b1100100 F
b1100100 D
b1100100 =
b1100100 ;
b1100100 4
b1100100 2
b1100100 5
b1100100 >
b1100100 G
b110010 ,
b110001011000000010110110 A
b111111111111111111111111111010010100010100111100 8
b111111111111111111111100110010111010011000011010 /
1$
#110
0$
#111
b111111111111111111111111001110011110011011110001 #
b111111111111111111111111001110011110011011110001 0
b10110111101010001111110111 "
b10110111101010001111110111 9
b1011110100010100010111100 !
b1011110100010100010111100 B
b0 (
b0 ?
b0 '
b0 6
b1100000000000000 &
b1100000000000000 -
b1100100 F
b1100100 D
b1100100 =
b1100100 ;
b1100100 4
b1100100 2
b1100100 5
b1100100 >
b1100100 G
b110011 ,
b1011110100010100010111100 A
b10110111101010001111110111 8
b111111111111111111111111001110011110011011110001 /
1$
#112
0$
#113
b11000100001000010110110011 #
b11000100001000010110110011 0
b101110011011101000011100111 "
b101110011011101000011100111 9
b10000100100000101100001110 !
b10000100100000101100001110 B
b11110011011110 (
b11110011011110 ?
b1101011100110100 '
b1101011100110100 6
b1100101100010001 &
b1100101100010001 -
b1100100 F
b1100100 D
b1100100 =
b1100100 ;
b1100100 4
b1100100 2
b1100100 5
b1100100 >
b1100100 G
b110100 ,
b10000100100000101100001110 A
b101110011011101000011100111 8
b11000100001000010110110011 /
1$
#114
0$
#115
b111011000101101001001110101 #
b111011000101101001001110101 0
b111110100101111111011001111 "
b111110100101111111011001111 9
b10011010011100010111111000 !
b10011010011100010111111000 B
b10010110011110 (
b10010110011110 ?
b1100000100100010 '
b1100000100100010 6
b1110100001110001 &
b1110100001110001 -
b1100100 F
b1100100 D
b1100100 =
b1100100 ;
b1100100 4
b1100100 2
b1100100 5
b1100100 >
b1100100 G
b110101 ,
b10011010011100010111111000 A
b111110100101111111011001111 8
b111011000101101001001110101 /
1$
#116
0$
#117
b1010111011001010011111111000 #
b1010111011001010011111111000 0
b1000010000110001100101100000 "
b1000010000110001100101100000 9
b10011010110000010010101100 !
b10011010110000010010101100 B
b1101101001100010 (
b1101101001100010 ?
b1100011111101011 '
b1100011111101011 6
b110111110110 &
b110111110110 -
b1100100 F
b1100100 D
b1100100 =
b1100100 ;
b1100100 4
b1100100 2
b1100100 5
b1100100 >
b1100100 G
b110110 ,
b10011010110000010010101100 A
b1000010000110001100101100000 8
b1010111011001010011111111000 /
1$
#118
0$
#119
b1100011101001100000001101010 #
b1100011101001100000001101010 0
b110111010101010110010010001 "
b110111010101010110010010001 9
b10000101000000111010111010 !
b10000101000000111010111010 B
b1100001100100010 (
b1100001100100010 ?
b1110100001110001 '
b1110100001110001 6
b10111010100111 &
b10111010100111 -
b1100100 F
b1100100 D
b1100100 =
b1100100 ;
b1100100 4
b1100100 2
b1100100 5
b1100100 >
b1100100 G
b110111 ,
b10000101000000111010111010 A
b110111010101010110010010001 8
b1100011101001100000001101010 /
1$
#120
0$
#121
b1011001110010000110011101011 #
b1011001110010000110011101011 0
b100001001011000001000110110 "
b100001001011000001000110110 9
b1011110100010100010111100 !
b1011110100010100010111100 B
b0 (
b0 ?
b1001111000111 '
b1001111000111 6
b11111100110110 &
b11111100110110 -
b1100100 F
b1100100 D
b1100100 =
b1100100 ;
b1100100 4
b1100100 2
b1100100 5
b1100100 >
b1100100 G
b111000 ,
b1011110100010100010111100 A
b100001001011000001000110110 8
b1011001110010000110011101011 /
1$
#122
0$
#123
b111001111111001011111000001 #
b111001111111001011111000001 0
b110001000001111100000111 "
b110001000001111100000111 9
b110000110111110100001010 !
b110000110111110100001010 B
b11110011011110 (
b11110011011110 ?
b11011000001001 '
b11011000001001 6
b11100111101001 &
b11100111101001 -
b1100100 F
b1100100 D
b1100100 =
b1100100 ;
b1100100 4
b1100100 2
b1100100 5
b1100100 >
b1100100 G
b111001 ,
b110000110111110100001010 A
b110001000001111100000111 8
b111001111111001011111000001 /
1$
#124
0$
#125
b1011011000010110100001001 #
b1011011000010110100001001 0
b111111111111111111111101110001101111110010111011 "
b111111111111111111111101110001101111110010111011 9
b110101000101111110110 !
b110101000101111110110 B
b10010110011110 (
b10010110011110 ?
b11111101111111 '
b11111101111111 6
b10000010010100 &
b10000010010100 -
b1100100 F
b1100100 D
b1100100 =
b1100100 ;
b1100100 4
b1100100 2
b1100100 5
b1100100 >
b1100100 G
b111010 ,
b110101000101111110110 A
b111111111111111111111101110001101111110010111011 8
b1011011000010110100001001 /
1$
#126
0$
#127
b111111111111111111111011010011000100010110010011 #
b111111111111111111111011010011000100010110010011 0
b111111111111111111111100000001110001101000000011 "
b111111111111111111111100000001110001101000000011 9
b111111111111111111111111101000001001110001001000 !
b111111111111111111111111101000001001110001001000 B
b1101101001100010 (
b1101101001100010 ?
b10101111010000 '
b10101111010000 6
b1111101111111011 &
b1111101111111011 -
b1100100 F
b1100100 D
b1100100 =
b1100100 ;
b1100100 4
b1100100 2
b1100100 5
b1100100 >
b1100100 G
b111011 ,
b111111111111111111111111101000001001110001001000 A
b111111111111111111111100000001110001101000000011 8
b111111111111111111111011010011000100010110010011 /
1$
#128
0$
#129
b111111111111111111110110101001001001110001100011 #
b111111111111111111110110101001001001110001100011 0
b111111111111111111111011111011001000010011000100 "
b111111111111111111111011111011001000010011000100 9
b111111111111111111111111011001101011110011000010 !
b111111111111111111111111011001101011110011000010 B
b1100001100100010 (
b1100001100100010 ?
b10000000101 '
b10000000101 6
b1101100011000110 &
b1101100011000110 -
b1100100 F
b1100100 D
b1100100 =
b1100100 ;
b1100100 4
b1100100 2
b1100100 5
b1100100 >
b1100100 G
b111100 ,
b111111111111111111111111011001101011110011000010 A
b111111111111111111111011111011001000010011000100 8
b111111111111111111110110101001001001110001100011 /
1$
#130
0$
#131
b111111111111111111110100111000011000100111011101 #
b111111111111111111110100111000011000100111011101 0
b111111111111111111111101010011010100000100111011 "
b111111111111111111111101010011010100000100111011 9
b111111111111111111111111011011000001000100101100 !
b111111111111111111111111011011000001000100101100 B
b0 (
b0 ?
b1101101001100010 '
b1101101001100010 6
b1100001100100010 &
b1100001100100010 -
b1100100 F
b1100100 D
b1100100 =
b1100100 ;
b1100100 4
b1100100 2
b1100100 5
b1100100 >
b1100100 G
b111101 ,
b111111111111111111111111011011000001000100101100 A
b111111111111111111111101010011010100000100111011 8
b111111111111111111110100111000011000100111011101 /
1$
#132
0$
#133
b111111111111111111110110100110011111111001011111 #
b111111111111111111110110100110011111111001011111 0
b111111111111111111111111100000011010110010011010 "
b111111111111111111111111100000011010110010011010 9
b111111111111111111111111101000001010110010111100 !
b111111111111111111111111101000001010110010111100 B
b11110011011110 (
b11110011011110 ?
b1100001000000011 '
b1100001000000011 6
b1100001010001011 &
b1100001010001011 -
b1100100 F
b1100100 D
b1100100 =
b1100100 ;
b1100100 4
b1100100 2
b1100100 5
b1100100 >
b1100100 G
b111110 ,
b111111111111111111111111101000001010110010111100 A
b111111111111111111111111100000011010110010011010 8
b111111111111111111110110100110011111111001011111 /
1$
#134
0$
#135
b111111111111111111111011010100010011000011100011 #
b111111111111111111111011010100010011000011100011 0
b1101001011111010010100101 "
b1101001011111010010100101 9
b111111111111111111111111111010100111010110100110 !
b111111111111111111111111111010100111010110100110 B
b10010110011110 (
b10010110011110 ?
b1100011000010111 '
b1100011000010111 6
b1101011100110100 &
b1101011100110100 -
b1100100 F
b1100100 D
b1100100 =
b1100100 ;
b1100100 4
b1100100 2
b1100100 5
b1100100 >
b1100100 G
b111111 ,
b111111111111111111111111111010100111010110100110 A
b1101001011111010010100101 8
b111111111111111111111011010100010011000011100011 /
1$
#136
0$
#137
b1100100010000111000010011 #
b1100100010000111000010011 0
b10111011111011000101110110 "
b10111011111011000101110110 9
b1011001110101111110110 !
b1011001110101111110110 B
b1101101001100010 (
b1101101001100010 ?
b1110010011000000 '
b1110010011000000 6
b1111100111111010 &
b1111100111111010 -
b1100100 F
b1100100 D
b1100100 =
b1100100 ;
b1100100 4
b1100100 2
b1100100 5
b1100100 >
b1100100 G
b1000000 ,
b1011001110101111110110 A
b10111011111011000101110110 8
b1100100010000111000010011 /
1$
#138
0$
#139
b111010110011011111001101011 #
b111010110011011111001101011 0
b10111101101000111010100100 "
b10111101101000111010100100 9
b10100100101101000111000 !
b10100100101101000111000 B
b1100001100100010 (
b1100001100100010 ?
b111111101011 '
b111111101011 6
b1111011010101 &
b1111011010101 -
b1100100 F
b1100100 D
b1100100 =
b1100100 ;
b1100100 4
b1100100 2
b1100100 5
b1100100 >
b1100100 G
b1000001 ,
b10100100101101000111000 A
b10111101101000111010100100 8
b111010110011011111001101011 /
1$
#140
0$
#141
b1010110001010010110010101000 #
b1010110001010010110010101000 0
b1110101001110000101010100 "
b1110101001110000101010100 9
b10100110000001001110100 !
b10100110000001001110100 B
b0 (
b0 ?
b11001111000111 '
b11001111000111 6
b11100100000110 &
b11100100000110 -
b1100100 F
b1100100 D
b1100100 =
b1100100 ;
b1100100 4
b1100100 2
b1100100 5
b1100100 >
b1100100 G
b1000010 ,
b10100110000001001110100 A
b1110101001110000101010100 8
b1010110001010010110010101000 /
1$
#142
0$
#143
b1010101010011010011000001110 #
b1010101010011010011000001110 0
b101010101101100100011 "
b101010101101100100011 9
b1101101000101101100010 !
b1101101000101101100010 B
b11110011011110 (
b11110011011110 ?
b11111111100000 '
b11111111100000 6
b11111101111111 &
b11111101111111 -
b1100100 F
b1100100 D
b1100100 =
b1100100 ;
b1100100 4
b1100100 2
b1100100 5
b1100100 >
b1100100 G
b1000011 ,
b1101101000101101100010 A
b101010101101100100011 8
b1010101010011010011000001110 /
1$
#144
0$
#145
b111000000110000111010011011 #
b111000000110000111010011011 0
b111111111111111111111110011101011110111010011110 "
b111111111111111111111110011101011110111010011110 9
b11010011101101100110 !
b11010011101101100110 B
b10010110011110 (
b10010110011110 ?
b10111010100111 '
b10111010100111 6
b11000000000010 &
b11000000000010 -
b1100100 F
b1100100 D
b1100100 =
b1100100 ;
b1100100 4
b1100100 2
b1100100 5
b1100100 >
b1100100 G
b1000100 ,
b11010011101101100110 A
b111111111111111111111110011101011110111010011110 8
b111000000110000111010011011 /
1$
#146
0$
#147
b111111000111001100111110 #
b111111000111001100111110 0
b111111111111111111111101100110011101111100000000 "
b111111111111111111111101100110011101111100000000 9
b111111111111111111111111111001110100010100001010 !
b111111111111111111111111111001110100010100001010 B
b1101101001100010 (
b1101101001100010 ?
b100000000101 '
b100000000101 6
b111111101011 &
b111111101011 -
b1100100 F
b1100100 D
b1100100 =
b1100100 ;
b1100100 4
b1100100 2
b1100100 5
b1100100 >
b1100100 G
b1000101 ,
b111111111111111111111111111001110100010100001010 A
b111111111111111111111101100110011101111100000000 8
b111111000111001100111110 /
1$
#148
0$
#149
b111111111111111111111010100100101101111101110110 #
b111111111111111111111010100100101101111101110110 0
b111111111111111111111101110010100111001100110100 "
b111111111111111111111101110010100111001100110100 9
b111111111111111111111111110011111011111111100110 !
b111111111111111111111111110011111011111111100110 B
b1100001100100010 (
b1100001100100010 ?
b1101110110110101 '
b1101110110110101 6
b1110101001010010 &
b1110101001010010 -
b1100100 F
b1100100 D
b1100100 =
b1100100 ;
b1100100 4
b1100100 2
b1100100 5
b1100100 >
b1100100 G
b1000110 ,
b111111111111111111111111110011111011111111100110 A
b111111111111111111111101110010100111001100110100 8
b111111111111111111111010100100101101111101110110 /
1$
#150
0$
#151
b111111111111111111110101111011100000011101100101 #
b111111111111111111110101111011100000011101100101 0
b111111111111111111111110110111110011010100111110 "
b111111111111111111111110110111110011010100111110 9
b111111111111111111111111110011000001001000101000 !
b111111111111111111111111110011000001001000101000 B
b0 (
b0 ?
b1100001100100010 '
b1100001100100010 6
b1100110000111001 &
b1100110000111001 -
b1100100 F
b1100100 D
b1100100 =
b1100100 ;
b1100100 4
b1100100 2
b1100100 5
b1100100 >
b1100100 G
b1000111 ,
b111111111111111111111111110011000001001000101000 A
b111111111111111111111110110111110011010100111110 8
b111111111111111111110101111011100000011101100101 /
1$
#152
0$
#153
b111111111111111111110100101001011000111000001000 #
b111111111111111111110100101001011000111000001000 0
b10101010010001101001000 "
b10101010010001101001000 9
b111111111111111111111111110110110101111110011000 !
b111111111111111111111111110110110101111110011000 B
b11110011011110 (
b11110011011110 ?
b1100010001111111 '
b1100010001111111 6
b1100000000001000 &
b1100000000001000 -
b1100100 F
b1100100 D
b1100100 =
b1100100 ;
b1100100 4
b1100100 2
b1100100 5
b1100100 >
b1100100 G
b1001000 ,
b111111111111111111111111110110110101111110011000 A
b10101010010001101001000 8
b111111111111111111110100101001011000111000001000 /
1$
#154
0$
#155
b111111111111111111110111001100110011001101010000 #
b111111111111111111110111001100110011001101010000 0
b1100010011101101111001110 "
b1100010011101101111001110 9
b111111111111111111111111111101100100110010111010 !
b111111111111111111111111111101100100110010111010 B
b10010110011110 (
b10010110011110 ?
b1110000100101011 '
b1110000100101011 6
b1100100111110111 &
b1100100111110111 -
b1100100 F
b1100100 D
b1100100 =
b1100100 ;
b1100100 4
b1100100 2
b1100100 5
b1100100 >
b1100100 G
b1001001 ,
b111111111111111111111111111101100100110010111010 A
b1100010011101101111001110 8
b111111111111111111110111001100110011001101010000 /
1$
#156
0$
#157
b111111111111111111111100110000111111000111101101 #
b111111111111111111111100110000111111000111101101 0
b10000000001011100111110100 "
b10000000001011100111110100 9
b100010001010000111110 !
b100010001010000111110 B
b1101101001100010 (
b1101101001100010 ?
b101111111110 '
b101111111110 6
b1110011010010101 &
b1110011010010101 -
b1100100 F
b1100100 D
b1100100 =
b1100100 ;
b1100100 4
b1100100 2
b1100100 5
b1100100 >
b1100100 G
b1001010 ,
b100010001010000111110 A
b10000000001011100111110100 8
b111111111111111111111100110000111111000111101101 /
1$
#158
0$
#159
b11011110100101111101000100 #
b11011110100101111101000100 0
b1100101001000110101111101 "
b1100101001000110101111101 9
b1000001001111010001100 !
b1000001001111010001100 B
b1100001100100010 (
b1100001100100010 ?
b11000101010000 '
b11000101010000 6
b101111111110 &
b101111111110 -
b1100100 F
b1100100 D
b1100100 =
b1100100 ;
b1100100 4
b1100100 2
b1100100 5
b1100100 >
b1100100 G
b1001011 ,
b1000001001111010001100 A
b1100101001000110101111101 8
b11011110100101111101000100 /
1$
#160
0$
#161
b1001000011100111000001110110 #
b1001000011100111000001110110 0
b100000101001111000111001 "
b100000101001111000111001 9
b1000001100110100001100 !
b1000001100110100001100 B
b0 (
b0 ?
b100000000000000 '
b100000000000000 6
b10110101000001 &
b10110101000001 -
b1100100 F
b1100100 D
b1100100 =
b1100100 ;
b1100100 4
b1100100 2
b1100100 5
b1100100 >
b1100100 G
b1001100 ,
b1000001100110100001100 A
b100000101001111000111001 8
b1001000011100111000001110110 /
1$
#162
0$
#163
b1011100101001000001100011000 #
b1011100101001000001100011000 0
b111111111111111111111111010010110011001100010110 "
b111111111111111111111111010010110011001100010110 9
b101010010110101011010 !
b101010010110101011010 B
b11110011011110 (
b11110011011110 ?
b11000101010000 '
b11000101010000 6
b11111011011110 &
b11111011011110 -
b1100100 F
b1100100 D
b1100100 =
b1100100 ;
b1100100 4
b1100100 2
b1100100 5
b1100100 >
b1100100 G
b1001101 ,
b101010010110101011010 A
b111111111111111111111111010010110011001100010110 8
b1011100101001000001100011000 /
1$
#164
0$
#165
b1010001001111111001111101101 #
b1010001001111111001111101101 0
b111111111111111111111110011101110101010100110000 "
b111111111111111111111110011101110101010100110000 9
b1010000001110110010 !
b1010000001110110010 B
b10010110011110 (
b10010110011110 ?
b101111111110 '
b101111111110 6
b11101010111100 &
b11101010111100 -
b1100100 F
b1100100 D
b1100100 =
b1100100 ;
b1100100 4
b1100100 2
b1100100 5
b1100100 >
b1100100 G
b1001110 ,
b1010000001110110010 A
b111111111111111111111110011101110101010100110000 8
b1010001001111111001111101101 /
1$
#166
0$
#167
b101001111010100100011000001 #
b101001111010100100011000001 0
b111111111111111111111110010111010110110000001101 "
b111111111111111111111110010111010110110000001101 9
b111111111111111111111111111101100111101100111010 !
b111111111111111111111111111101100111101100111010 B
b1101101001100010 (
b1101101001100010 ?
b1110000100101011 '
b1110000100101011 6
b10001001001011 &
b10001001001011 -
b1100100 F
b1100100 D
b1100100 =
b1100100 ;
b1100100 4
b1100100 2
b1100100 5
b1100100 >
b1100100 G
b1001111 ,
b111111111111111111111111111101100111101100111010 A
b111111111111111111111110010111010110110000001101 8
b101001111010100100011000001 /
1$
#168
0$
#169
b111111111111111111111110011111100001101101011101 #
b111111111111111111111110011111100001101101011101 0
b111111111111111111111110111111100101110100111101 "
b111111111111111111111110111111100101110100111101 9
b111111111111111111111111111011010100000110110000 !
b111111111111111111111111111011010100000110110000 B
b1100001100100010 (
b1100001100100010 ?
b1100010001111111 '
b1100010001111111 6
b1111110111111101 &
b1111110111111101 -
b1100100 F
b1100100 D
b1100100 =
b1100100 ;
b1100100 4
b1100100 2
b1100100 5
b1100100 >
b1100100 G
b1010000 ,
b111111111111111111111111111011010100000110110000 A
b111111111111111111111110111111100101110100111101 8
b111111111111111111111110011111100001101101011101 /
1$
#170
0$
#171
b111111111111111111111000001110010110110001101010 #
b111111111111111111111000001110010110110001101010 0
b10010001111011011110 "
b10010001111011011110 9
b111111111111111111111111111010110110001110100010 !
b111111111111111111111111111010110110001110100010 B
b0 (
b0 ?
b1100001100100010 '
b1100001100100010 6
b1101101001100010 &
b1101101001100010 -
b1100100 F
b1100100 D
b1100100 =
b1100100 ;
b1100100 4
b1100100 2
b1100100 5
b1100100 >
b1100100 G
b1010001 ,
b111111111111111111111111111010110110001110100010 A
b10010001111011011110 8
b111111111111111111111000001110010110110001101010 /
1$
#172
0$
#173
b111111111111111111110100100110001110111011010010 #
b111111111111111111110100100110001110111011010010 0
b1000000011101001011101101 "
b1000000011101001011101101 9
b111111111111111111111111111100010101000111101010 !
b111111111111111111111111111100010101000111101010 B
b11110011011110 (
b11110011011110 ?
b1101110110110101 '
b1101110110110101 6
b1100001111001001 &
b1100001111001001 -
b1100100 F
b1100100 D
b1100100 =
b1100100 ;
b1100100 4
b1100100 2
b1100100 5
b1100100 >
b1100100 G
b1010010 ,
b111111111111111111111111111100010101000111101010 A
b1000000011101001011101101 8
b111111111111111111110100100110001110111011010010 /
1$
#174
0$
#175
b111111111111111111110100111000001111101000101010 #
b111111111111111111110100111000001111101000101010 0
b1011110011111111000011101 "
b1011110011111111000011101 9
b111111111111111111111111111111000101001001000010 !
b111111111111111111111111111111000101001001000010 B
b10010110011110 (
b10010110011110 ?
b100000000101 '
b100000000101 6
b1100001000000011 &
b1100001000000011 -
b1100100 F
b1100100 D
b1100100 =
b1100100 ;
b1100100 4
b1100100 2
b1100100 5
b1100100 >
b1100100 G
b1010011 ,
b111111111111111111111111111111000101001001000010 A
b1011110011111111000011101 8
b111111111111111111110100111000001111101000101010 /
1$
#176
0$
#177
b111111111111111111111000111111101000101101101010 #
b111111111111111111111000111111101000101101101010 0
b1010000010010101010110001 "
b1010000010010101010110001 9
b1110010110011111100 !
b1110010110011111100 B
b1101101001100010 (
b1101101001100010 ?
b10111010100111 '
b10111010100111 6
b1101010110101101 &
b1101010110101101 -
b1100100 F
b1100100 D
b1100100 =
b1100100 ;
b1100100 4
b1100100 2
b1100100 5
b1100100 >
b1100100 G
b1010100 ,
b1110010110011111100 A
b1010000010010101010110001 8
b111111111111111111111000111111101000101101101010 /
1$
#178
0$
#179
b111111111111111111111111100010110010110010001000 #
b111111111111111111111111100010110010110010001000 0
b11110000001111100111010 "
b11110000001111100111010 9
b11001101111001100110 !
b11001101111001100110 B
b1100001100100010 (
b1100001100100010 ?
b11111111100000 '
b11111111100000 6
b1111011111111011 &
b1111011111111011 -
b1100100 F
b1100100 D
b1100100 =
b1100100 ;
b1100100 4
b1100100 2
b1100100 5
b1100100 >
b1100100 G
b1010101 ,
b11001101111001100110 A
b11110000001111100111010 8
b111111111111111111111111100010110010110010001000 /
1$
#180
0$
#181
b110010001101101000100010010 #
b110010001101101000100010010 0
b111111111111111111111111011111110110111110000011 "
b111111111111111111111111011111110110111110000011 9
b10111111001111010000 !
b10111111001111010000 B
b0 (
b0 ?
b11001111000111 '
b11001111000111 6
b1110100001110 &
b1110100001110 -
b1100100 F
b1100100 D
b1100100 =
b1100100 ;
b1100100 4
b1100100 2
b1100100 5
b1100100 >
b1100100 G
b1010110 ,
b10111111001111010000 A
b111111111111111111111111011111110110111110000011 8
b110010001101101000100010010 /
1$
#182
0$
#183
b1010110111100001001010100000 #
b1010110111100001001010100000 0
b111111111111111111111110110010100000101101100101 "
b111111111111111111111110110010100000101101100101 9
b1101110000111000000 !
b1101110000111000000 B
b11110011011110 (
b11110011011110 ?
b111111101011 '
b111111101011 6
b11100000010101 &
b11100000010101 -
b1100100 F
b1100100 D
b1100100 =
b1100100 ;
b1100100 4
b1100100 2
b1100100 5
b1100100 >
b1100100 G
b1010111 ,
b1101110000111000000 A
b111111111111111111111110110010100000101101100101 8
b1010110111100001001010100000 /
1$
#184
0$
#185
b1011101110001000011001010110 #
b1011101110001000011001010110 0
b111111111111111111111110101010001111100001010110 "
b111111111111111111111110101010001111100001010110 9
b10101010111110100 !
b10101010111110100 B
b10010110011110 (
b10010110011110 ?
b1110010011000000 '
b1110010011000000 6
b11111110110111 &
b11111110110111 -
b1100100 F
b1100100 D
b1100100 =
b1100100 ;
b1100100 4
b1100100 2
b1100100 5
b1100100 >
b1100100 G
b1011000 ,
b10101010111110100 A
b111111111111111111111110101010001111100001010110 8
b1011101110001000011001010110 /
1$
#186
0$
#187
b1000100001110001101111100000 #
b1000100001110001101111100000 0
b111111111111111111111111001001110110100000001011 "
b111111111111111111111111001001110110100000001011 9
b111111111111111111111111111111010000100011011100 !
b111111111111111111111111111111010000100011011100 B
b1101101001100010 (
b1101101001100010 ?
b1100011000010111 '
b1100011000010111 6
b11000101010000 &
b11000101010000 -
b1100100 F
b1100100 D
b1100100 =
b1100100 ;
b1100100 4
b1100100 2
b1100100 5
b1100100 >
b1100100 G
b1011001 ,
b111111111111111111111111111111010000100011011100 A
b111111111111111111111111001001110110100000001011 8
b1000100001110001101111100000 /
1$
#188
0$
#189
b10011000010010010100010011 #
b10011000010010010100010011 0
b1110111111011000011 "
b1110111111011000011 9
b111111111111111111111111111110100011011101010110 !
b111111111111111111111111111110100011011101010110 B
b1100001100100010 (
b1100001100100010 ?
b1100001000000011 '
b1100001000000011 6
b1000111011011 &
b1000111011011 -
b1100100 F
b1100100 D
b1100100 =
b1100100 ;
b1100100 4
b1100100 2
b1100100 5
b1100100 >
b1100100 G
b1011010 ,
b111111111111111111111111111110100011011101010110 A
b1110111111011000011 8
b10011000010010010100010011 /
1$
#190
0$
#191
b111111111111111111111011011001001101110001001001 #
b111111111111111111111011011001001101110001001001 0
b110111111111110111101011 "
b110111111111110111101011 9
b111111111111111111111111111110010011010110000000 !
b111111111111111111111111111110010011010110000000 B
b0 (
b0 ?
b1101101001100010 '
b1101101001100010 6
b1110110000111001 &
b1110110000111001 -
b1100100 F
b1100100 D
b1100100 =
b1100100 ;
b1100100 4
b1100100 2
b1100100 5
b1100100 >
b1100100 G
b1011011 ,
b111111111111111111111111111110010011010110000000 A
b110111111111110111101011 8
b111111111111111111111011011001001101110001001001 /
1$
#192
0$
#193
b111111111111111111110101111111000100101001011111 #
b111111111111111111110101111111000100101001011111 0
b1010011010000110010001011 "
b1010011010000110010001011 9
b111111111111111111111111111110101011000100010010 !
b111111111111111111111111111110101011000100010010 B
b11110011011110 (
b11110011011110 ?
b10000000101 '
b10000000101 6
b1100110101101110 &
b1100110101101110 -
b1100100 F
b1100100 D
b1100100 =
b1100100 ;
b1100100 4
b1100100 2
b1100100 5
b1100100 >
b1100100 G
b1011100 ,
b111111111111111111111111111110101011000100010010 A
b1010011010000110010001011 8
b111111111111111111110101111111000100101001011111 /
1$
#194
0$
#195
b111111111111111111110100000001110110010101000001 #
b111111111111111111110100000001110110010101000001 0
b1000111011110001001011111 "
b1000111011110001001011111 9
b111111111111111111111111111111101000010001101110 !
b111111111111111111111111111111101000010001101110 B
b10010110011110 (
b10010110011110 ?
b10101111010000 '
b10101111010000 6
b1100000000100000 &
b1100000000100000 -
b1100100 F
b1100100 D
b1100100 =
b1100100 ;
b1100100 4
b1100100 2
b1100100 5
b1100100 >
b1100100 G
b1011101 ,
b111111111111111111111111111111101000010001101110 A
b1000111011110001001011111 8
b111111111111111111110100000001110110010101000001 /
1$
#196
0$
#197
b111111111111111111110110001101010101111011101000 #
b111111111111111111110110001101010101111011101000 0
b11010100101111111000110 "
b11010100101111111000110 9
b101011101001000110 !
b101011101001000110 B
b1101101001100010 (
b1101101001100010 ?
b11111101111111 '
b11111101111111 6
b1100100011101010 &
b1100100011101010 -
b1100100 F
b1100100 D
b1100100 =
b1100100 ;
b1100100 4
b1100100 2
b1100100 5
b1100100 >
b1100100 G
b1011110 ,
b101011101001000110 A
b11010100101111111000110 8
b111111111111111111110110001101010101111011101000 /
1$
#198
0$
#199
b111111111111111111111011110001110001001010100111 #
b111111111111111111111011110001110001001010100111 0
b111111111111111111111111100001101111101011010001 "
b111111111111111111111111100001101111101011010001 9
b1001001100001010100 !
b1001001100001010100 B
b1100001100100010 (
b1100001100100010 ?
b11011000001001 '
b11011000001001 6
b1110010011000000 &
b1110010011000000 -
b1100100 F
b1100100 D
b1100100 =
b1100100 ;
b1100100 4
b1100100 2
b1100100 5
b1100100 >
b1100100 G
b1011111 ,
b1001001100001010100 A
b111111111111111111111111100001101111101011010001 8
b111111111111111111111011110001110001001010100111 /
1$
#200
0$
#201
b10110100001001000000011001 #
b10110100001001000000011001 0
b111111111111111111111110110111010101100000100110 "
b111111111111111111111110110111010101100000100110 9
b110111000011100000 !
b110111000011100000 B
b0 (
b0 ?
b1001111000111 '
b1001111000111 6
b101000000011 &
b101000000011 -
b1100100 F
b1100100 D
b1100100 =
b1100100 ;
b1100100 4
b1100100 2
b1100100 5
b1100100 >
b1100100 G
b1100000 ,
b110111000011100000 A
b111111111111111111111110110111010101100000100110 8
b10110100001001000000011001 /
1$
#202
0$
#203
b1000111000101111010011010010 #
b1000111000101111010011010010 0
b111111111111111111111110101110110111110010011010 "
b111111111111111111111110101110110111110010011010 9
b10001100100010110 !
b10001100100010110 B
b11110011011110 (
b11110011011110 ?
b1110100001110001 '
b1110100001110001 6
b10101111010000 &
b10101111010000 -
b1100100 F
b1100100 D
b1100100 =
b1100100 ;
b1100100 4
b1100100 2
b1100100 5
b1100100 >
b1100100 G
b1100001 ,
b10001100100010110 A
b111111111111111111111110101110110111110010011010 8
b1000111000101111010011010010 /
1$
#204
0$
#205
b1011111001000001111100111011 #
b1011111001000001111100111011 0
b111111111111111111111111001100000100111110111101 "
b111111111111111111111111001100000100111110111101 9
b111111111111111111111111111111111101101001100010 !
b111111111111111111111111111111111101101001100010 B
b10010110011110 (
b10010110011110 ?
b1100011111101011 '
b1100011111101011 6
b11111001110101 &
b11111001110101 -
b1100100 F
b1100100 D
b1100100 =
b1100100 ;
b1100100 4
b1100100 2
b1100100 5
b1100100 >
b1100100 G
b1100010 ,
b111111111111111111111111111111111101101001100010 A
b111111111111111111111111001100000100111110111101 8
b1011111001000001111100111011 /
1$
#206
0$
#207
b1010110010010001000111000100 #
b1010110010010001000111000100 0
b1010001011000010100 "
b1010001011000010100 9
b111111111111111111111111111111111100001100100010 !
b111111111111111111111111111111111100001100100010 B
b1101101001100010 (
b1101101001100010 ?
b1100000100100010 '
b1100000100100010 6
b11101110000001 &
b11101110000001 -
b1100100 F
b1100100 D
b1100100 =
b1100100 ;
b1100100 4
b1100100 2
b1100100 5
b1100100 >
b1100100 G
b1100011 ,
b111111111111111111111111111111111100001100100010 A
b1010001011000010100 8
b1010110010010001000111000100 /
1$
#208
0$
#209
b101111100101011010010111011 #
b101111100101011010010111011 0
b110101110000101001001110 "
b110101110000101001001110 9
b111111111111111111111111111111110100100101100110 !
b111111111111111111111111111111110100100101100110 B
b1100001100100010 (
b1100001100100010 ?
b1101011100110100 '
b1101011100110100 6
b10001111111001 &
b10001111111001 -
b1100100 F
b1100100 D
b1100100 =
b1100100 ;
b1100100 4
b1100100 2
b1100100 5
b1100100 >
b1100100 G
b1100100 ,
b111111111111111111111111111111110100100101100110 A
b110101110000101001001110 8
b101111100101011010010111011 /
1$
#210
0$
#211
b111111111111111111111111000011001001101010001101 #
b111111111111111111111111000011001001101010001101 0
b1010001010000010000010001 "
b1010001010000010000010001 9
b111111111111111111111111111111011110010100010100 !
b111111111111111111111111111111011110010100010100 B
b0 (
b0 ?
b0 '
b0 6
b0 &
b0 -
b1100100 F
b1100100 D
b1100100 =
b1100100 ;
b1100100 4
b1100100 2
b1100100 5
b1100100 >
b1100100 G
b1100101 ,
b111111111111111111111111111111011110010100010100 A
b1010001010000010000010001 8
b111111111111111111111111000011001001101010001101 /
1$
#212
0$
#213
b111111111111111111111000011110010110100011000000 #
b111111111111111111111000011110010110100011000000 0
b1000111000110000101000110 "
b1000111000110000101000110 9
b111111111111111111111111111111010100010110111010 !
b111111111111111111111111111111010100010110111010 B
b11110011011110 (
b11110011011110 ?
b10100011001100 '
b10100011001100 6
b1101110000000111 &
b1101110000000111 -
b1100100 F
b1100100 D
b1100100 =
b1100100 ;
b1100100 4
b1100100 2
b1100100 5
b1100100 >
b1100100 G
b1100110 ,
b111111111111111111111111111111010100010110111010 A
b1000111000110000101000110 8
b111111111111111111111000011110010110100011000000 /
1$
#214
0$
#215
b111111111111111111110100011111111000010010000011 #
b111111111111111111110100011111111000010010000011 0
b11100000001101010010001 "
b11100000001101010010001 9
b111111111111111111111111111111101100000101001100 !
b111111111111111111111111111111101100000101001100 B
b10010110011110 (
b10010110011110 ?
b11111011011110 '
b11111011011110 6
b1100010001111111 &
b1100010001111111 -
b1100100 F
b1100100 D
b1100100 =
b1100100 ;
b1100100 4
b1100100 2
b1100100 5
b1100100 >
b1100100 G
b1100111 ,
b111111111111111111111111111111101100000101001100 A
b11100000001101010010001 8
b111111111111111111110100011111111000010010000011 /
1$
#216
0$
#217
b111111111111111111111111100011111110010101101111 "
b111111111111111111111111100011111110010101101111 9
b10011111010110100 !
b10011111010110100 B
b1101101001100010 (
b1101101001100010 ?
b11100000010101 '
b11100000010101 6
b1100000110001011 &
b1100000110001011 -
b1100100 F
b1100100 D
b1100100 =
b1100100 ;
b1100100 4
b1100100 2
b1100100 5
b1100100 >
b1100100 G
b1101000 ,
b10011111010110100 A
b111111111111111111111111100011111110010101101111 8
b111111111111111111110100011111111000010010000011 /
1$
#218
0$
#219
b111111111111111111111000011110011101010010101011 #
b111111111111111111111000011110011101010010101011 0
b111111111111111111111110111000110010010001010110 "
b111111111111111111111110111000110010010001010110 9
b100000001110101100 !
b100000001110101100 B
b1100001100100010 (
b1100001100100010 ?
b1011110001111 '
b1011110001111 6
b1101010000110000 &
b1101010000110000 -
b1100100 F
b1100100 D
b1100100 =
b1100100 ;
b1100100 4
b1100100 2
b1100100 5
b1100100 >
b1100100 G
b1101001 ,
b100000001110101100 A
b111111111111111111111110111000110010010001010110 8
b111111111111111111111000011110011101010010101011 /
1$
#220
0$
#221
b111111111111111111111111000011100100100011011111 #
b111111111111111111111111000011100100100011011111 0
b111111111111111111111110101110010010000111000001 "
b111111111111111111111110101110010010000111000001 9
b0 !
b0 B
b0 (
b0 ?
b1110110000111001 '
b1110110000111001 6
b1111010111111101 &
b1111010111111101 -
b1100100 F
b1100100 D
b1100100 =
b1100100 ;
b1100100 4
b1100100 2
b1100100 5
b1100100 >
b1100100 G
b1101010 ,
b0 A
b111111111111111111111110101110010010000111000001 8
b111111111111111111111111000011100100100011011111 /
1$
#222
0$
#223
b101111101100101010001100010 #
b101111101100101010001100010 0
b111111111111111111111111001001010010011000110101 "
b111111111111111111111111001001010010011000110101 9
b111111111111111111111111111111011111110001010100 !
b111111111111111111111111111111011111110001010100 B
b11110011011110 (
b11110011011110 ?
b1100100111110111 '
b1100100111110111 6
b1101101000000 &
b1101101000000 -
b1100100 F
b1100100 D
b1100100 =
b1100100 ;
b1100100 4
b1100100 2
b1100100 5
b1100100 >
b111111111111111111111111111111011111110001010100 A
b1100100 G
b1101011 ,
b111111111111111111111111001001010010011000110101 8
b101111101100101010001100010 /
1$
#224
0$
#225
b1010110011101000000110111000 #
b1010110011101000000110111000 0
b111111111111111111111111111101011001111001111110 "
b111111111111111111111111111101011001111001111110 9
b111111111111111111111111111111101100000101001100 !
b111111111111111111111111111111101100000101001100 B
b10010110011110 (
b10010110011110 ?
b1100000010000001 '
b1100000010000001 6
b11011100010110 &
b11011100010110 -
b1100100 F
b1100100 D
b1100100 =
b1100100 ;
b1100100 4
b1100100 2
b1100100 5
b1100100 >
b1100100 G
b1101100 ,
b111111111111111111111111111111101100000101001100 A
b111111111111111111111111111101011001111001111110 8
b1010110011101000000110111000 /
1$
#226
0$
#227
b1011111010011110101000000100 #
b1011111010011110101000000100 0
b110010101101110010011110 "
b110010101101110010011110 9
b10011111010110100 !
b10011111010110100 B
b1101101001100010 (
b1101101001100010 ?
b1101010000110000 '
b1101010000110000 6
b11111111100000 &
b11111111100000 -
b1100100 F
b1100100 D
b1100100 =
b1100100 ;
b1100100 4
b1100100 2
b1100100 5
b1100100 >
b1100100 G
b1101101 ,
b10011111010110100 A
b110010101101110010011110 8
b1011111010011110101000000100 /
1$
#228
0$
#229
b1000111001101000100110111110 #
b1000111001101000100110111110 0
b1010000110000000111011001 "
b1010000110000000111011001 9
b100000001110101100 !
b100000001110101100 B
b1100001100100010 (
b1100001100100010 ?
b1111101111111011 '
b1111101111111011 6
b11001010010010 &
b11001010010010 -
b1100100 F
b1100100 D
b1100100 =
b1100100 ;
b1100100 4
b1100100 2
b1100100 5
b1100100 >
b1100100 G
b1101110 ,
b100000001110101100 A
b1010000110000000111011001 8
b1000111001101000100110111110 /
1$
#230
0$
#231
b10110011110010011001011010 #
b10110011110010011001011010 0
b1001001101110101000011010 "
b1001001101110101000011010 9
b0 !
b0 B
b0 (
b0 ?
b10010110011110 '
b10010110011110 6
b1001111000111 &
b1001111000111 -
b1100100 F
b1100100 D
b1100100 =
b1100100 ;
b1100100 4
b1100100 2
b1100100 5
b1100100 >
b1100100 G
b1101111 ,
b0 A
b1001001101110101000011010 8
b10110011110010011001011010 /
1$
#232
0$
#233
b111111111111111111111011101111110000101110111111 #
b111111111111111111111011101111110000101110111111 0
b100000110111101011000110 "
b100000110111101011000110 9
b111111111111111111111111111111011111110001010100 !
b111111111111111111111111111111011111110001010100 B
b11110011011110 (
b11110011011110 ?
b11110111111101 '
b11110111111101 6
b1110111000100101 &
b1110111000100101 -
b1100100 F
b1100100 D
b1100100 =
b1100100 ;
b1100100 4
b1100100 2
b1100100 5
b1100100 >
b111111111111111111111111111111011111110001010100 A
b1100100 G
b1110000 ,
b100000110111101011000110 8
b111111111111111111111011101111110000101110111111 /
1$
#234
0$
#235
b111111111111111111110110001001111000100111100001 #
b111111111111111111110110001001111000100111100001 0
b111111111111111111111111101000111011011101011010 "
b111111111111111111111111101000111011011101011010 9
b111111111111111111111111111111101100000101001100 !
b111111111111111111111111111111101100000101001100 B
b10010110011110 (
b10010110011110 ?
b11100111101001 '
b11100111101001 6
b1100111010110000 &
b1100111010110000 -
b1100100 F
b1100100 D
b1100100 =
b1100100 ;
b1100100 4
b1100100 2
b1100100 5
b1100100 >
b1100100 G
b1110001 ,
b111111111111111111111111111111101100000101001100 A
b111111111111111111111111101000111011011101011010 8
b111111111111111111110110001001111000100111100001 /
1$
#236
0$
#237
b111111111111111111110011111101111011001011100011 #
b111111111111111111110011111101111011001011100011 0
b111111111111111111111110111011100101001101111101 "
b111111111111111111111110111011100101001101111101 9
b10011111010110100 !
b10011111010110100 B
b1101101001100010 (
b1101101001100010 ?
b1101101000000 '
b1101101000000 6
b1100000001001001 &
b1100000001001001 -
b1100100 F
b1100100 D
b1100100 =
b1100100 ;
b1100100 4
b1100100 2
b1100100 5
b1100100 >
b1100100 G
b1110010 ,
b10011111010110100 A
b111111111111111111111110111011100101001101111101 8
b111111111111111111110011111101111011001011100011 /
1$
#238
0$
#239
b111111111111111111110101111100010010010000101101 #
b111111111111111111110101111100010010010000101101 0
b111111111111111111111110101101101000111111001100 "
b111111111111111111111110101101101000111111001100 9
b100000001110101100 !
b100000001110101100 B
b1100001100100010 (
b1100001100100010 ?
b1111000000010101 '
b1111000000010101 6
b1100011111101011 &
b1100011111101011 -
b1100100 F
b1100100 D
b1100100 =
b1100100 ;
b1100100 4
b1100100 2
b1100100 5
b1100100 >
b1100100 G
b1110011 ,
b100000001110101100 A
b111111111111111111111110101101101000111111001100 8
b111111111111111111110101111100010010010000101101 /
1$
#240
0$
#241
b111111111111111111111011011001010001000011001000 #
b111111111111111111111011011001010001000011001000 0
b111111111111111111111111000101100000001111110011 "
b111111111111111111111111000101100000001111110011 9
b0 !
b0 B
b0 (
b0 ?
b1100110000111001 '
b1100110000111001 6
b1110001011110010 &
b1110001011110010 -
b1100100 F
b1100100 D
b1100100 =
b1100100 ;
b1100100 4
b1100100 2
b1100100 5
b1100100 >
b1100100 G
b1110100 ,
b0 A
b111111111111111111111111000101100000001111110011 8
b111111111111111111111011011001010001000011001000 /
1$
#242
0$
#243
b10011100001011010101010010 #
b10011100001011010101010010 0
b111111111111111111111111111000001101111110101111 "
b111111111111111111111111111000001101111110101111 9
b111111111111111111111111111111011111110001010100 !
b111111111111111111111111111111011111110001010100 B
b11110011011110 (
b11110011011110 ?
b1100000000100000 '
b1100000000100000 6
b100000000101 &
b100000000101 -
b1100100 F
b1100100 D
b1100100 =
b1100100 ;
b1100100 4
b1100100 2
b1100100 5
b1100100 >
b111111111111111111111111111111011111110001010100 A
b1100100 G
b1110101 ,
b111111111111111111111111111000001101111110101111 8
b10011100001011010101010010 /
1$
#244
0$
#245
b1000101001000100110101000011 #
b1000101001000100110101000011 0
b101110100000011011100110 "
b101110100000011011100110 9
b111111111111111111111111111111101100000101001100 !
b111111111111111111111111111111101100000101001100 B
b10010110011110 (
b10010110011110 ?
b1101000101011001 '
b1101000101011001 6
b10101001010011 &
b10101001010011 -
b1100100 F
b1100100 D
b1100100 =
b1100100 ;
b1100100 4
b1100100 2
b1100100 5
b1100100 >
b1100100 G
b1110110 ,
b111111111111111111111111111111101100000101001100 A
b101110100000011011100110 8
b1000101001000100110101000011 /
1$
#246
0$
#247
b1011110110101100101111111100 #
b1011110110101100101111111100 0
b1001111011100110111011011 "
b1001111011100110111011011 9
b10011111010110100 !
b10011111010110100 B
b1101101001100010 (
b1101101001100010 ?
b1111011111111011 '
b1111011111111011 6
b11110111111101 &
b11110111111101 -
b1100100 F
b1100100 D
b1100100 =
b1100100 ;
b1100100 4
b1100100 2
b1100100 5
b1100100 >
b1100100 G
b1110111 ,
b10011111010110100 A
b1001111011100110111011011 8
b1011110110101100101111111100 /
1$
#248
0$
#249
b1010111101111011111010100010 #
b1010111101111011111010100010 0
b1001011111011100001011100 "
b1001011111011100001011100 9
b100000001110101100 !
b100000001110101100 B
b1100001100100010 (
b1100001100100010 ?
b10001001001011 '
b10001001001011 6
b11110000110111 &
b11110000110111 -
b1100100 F
b1100100 D
b1100100 =
b1100100 ;
b1100100 4
b1100100 2
b1100100 5
b1100100 >
b1100100 G
b1111000 ,
b100000001110101100 A
b1001011111011100001011100 8
b1010111101111011111010100010 /
1$
#250
0$
#251
b110010010011010101110011110 #
b110010010011010101110011110 0
b100101100011110010101010 "
b100101100011110010101010 9
b0 !
b0 B
b0 (
b0 ?
b11110011011110 '
b11110011011110 6
b10010110011110 &
b10010110011110 -
b1100100 F
b1100100 D
b1100100 =
b1100100 ;
b1100100 4
b1100100 2
b1100100 5
b1100100 >
b1100100 G
b1111001 ,
b0 A
b100101100011110010101010 8
b110010010011010101110011110 /
1$
#252
0$
#253
b111111111111111111111111011011101110101001100000 #
b111111111111111111111111011011101110101001100000 0
b111111111111111111111111101101111100110001000001 "
b111111111111111111111111101101111100110001000001 9
b111111111111111111111111111111011111110001010100 !
b111111111111111111111111111111011111110001010100 B
b11110011011110 (
b11110011011110 ?
b11101110000001 '
b11101110000001 6
b1000000011 &
b1000000011 -
b1100100 F
b1100100 D
b1100100 =
b1100100 ;
b1100100 4
b1100100 2
b1100100 5
b1100100 >
b111111111111111111111111111111011111110001010100 A
b1100100 G
b1111010 ,
b111111111111111111111111101101111100110001000001 8
b111111111111111111111111011011101110101001100000 /
1$
#254
0$
#255
b111111111111111111111000110001100101011110101100 #
b111111111111111111111000110001100101011110101100 0
b111111111111111111111110111110100111111100000100 "
b111111111111111111111110111110100111111100000100 9
b111111111111111111111111111111101100000101001100 !
b111111111111111111111111111111101100000101001100 B
b10010110011110 (
b10010110011110 ?
b1111011010101 '
b1111011010101 6
b1101110110110101 &
b1101110110110101 -
b1100100 F
b1100100 D
b1100100 =
b1100100 ;
b1100100 4
b1100100 2
b1100100 5
b1100100 >
b1100100 G
b1111011 ,
b111111111111111111111111111111101100000101001100 A
b111111111111111111111110111110100111111100000100 8
b111111111111111111111000110001100101011110101100 /
1$
#256
0$
#257
b111111111111111111110100100111010111010100110100 #
b111111111111111111110100100111010111010100110100 0
b111111111111111111111110101101010011011101111101 "
b111111111111111111111110101101010011011101111101 9
b10011111010110100 !
b10011111010110100 B
b1101101001100010 (
b1101101001100010 ?
b1111010000000010 '
b1111010000000010 6
b1100010101000100 &
b1100010101000100 -
b1100100 F
b1100100 D
b1100100 =
b1100100 ;
b1100100 4
b1100100 2
b1100100 5
b1100100 >
b1100100 G
b1111100 ,
b10011111010110100 A
b111111111111111111111110101101010011011101111101 8
b111111111111111111110100100111010111010100110100 /
1$
#258
0$
#259
b111111111111111111110100011001001000100111010111 #
b111111111111111111110100011001001000100111010111 0
b111111111111111111111111000001111100001000011001 "
b111111111111111111111111000001111100001000011001 9
b100000001110101100 !
b100000001110101100 B
b1100001100100010 (
b1100001100100010 ?
b1100111010110000 '
b1100111010110000 6
b1100000100100010 &
b1100000100100010 -
b1100100 F
b1100100 D
b1100100 =
b1100100 ;
b1100100 4
b1100100 2
b1100100 5
b1100100 >
b1100100 G
b1111101 ,
b100000001110101100 A
b111111111111111111111111000001111100001000011001 8
b111111111111111111110100011001001000100111010111 /
1$
#260
0$
#261
b111111111111111111111000001011110100010001100110 #
b111111111111111111111000001011110100010001100110 0
b111111111111111111111111110011000011110011001110 "
b111111111111111111111111110011000011110011001110 9
b0 !
b0 B
b0 (
b0 ?
b1100000000000000 '
b1100000000000000 6
b1101001010111111 &
b1101001010111111 -
b1100100 F
b1100100 D
b1100100 =
b1100100 ;
b1100100 4
b1100100 2
b1100100 5
b1100100 >
b1100100 G
b1111110 ,
b0 A
b111111111111111111111111110011000011110011001110 8
b111111111111111111111000001011110100010001100110 /
1$
#262
0$
#263
b111111111111111111111110101011011110110100100100 #
b111111111111111111111110101011011110110100100100 0
b101010000111101000110011 "
b101010000111101000110011 9
b111111111111111111111111111111011111110001010100 !
b111111111111111111111111111111011111110001010100 B
b11110011011110 (
b11110011011110 ?
b1100111010110000 '
b1100111010110000 6
b1111010000000010 &
b1111010000000010 -
b1100100 F
b1100100 D
b1100100 =
b1100100 ;
b1100100 4
b1100100 2
b1100100 5
b1100100 >
b111111111111111111111111111111011111110001010100 A
b1100100 G
b1111111 ,
b101010000111101000110011 8
b111111111111111111111110101011011110110100100100 /
1$
#264
0$
#265
b101101000011000000010001100 #
b101101000011000000010001100 0
b1001101110110010100000000 "
b1001101110110010100000000 9
b111111111111111111111111111111101100000101001100 !
b111111111111111111111111111111101100000101001100 B
b10010110011110 (
b10010110011110 ?
b1111010000000010 '
b1111010000000010 6
b1100101101011 &
b1100101101011 -
b1100100 F
b1100100 D
b1100100 =
b1100100 ;
b1100100 4
b1100100 2
b1100100 5
b1100100 >
b1100100 G
b10000000 ,
b111111111111111111111111111111101100000101001100 A
b1001101110110010100000000 8
b101101000011000000010001100 /
1$
#266
0$
#267
b1010101000101000110000011001 #
b1010101000101000110000011001 0
b10011111010110100 !
b10011111010110100 B
b1101101001100010 (
b1101101001100010 ?
b1111011010101 '
b1111011010101 6
b11011000001001 &
b11011000001001 -
b1100100 F
b1100100 D
b1100100 =
b1100100 ;
b1100100 4
b1100100 2
b1100100 5
b1100100 >
b1100100 G
b10000001 ,
b10011111010110100 A
b1001101110110010100000000 8
b1010101000101000110000011001 /
1$
#268
0$
#269
b1011111101100000011011000111 #
b1011111101100000011011000111 0
b101010000111101000110011 "
b101010000111101000110011 9
b100000001110101100 !
b100000001110101100 B
b1100001100100010 (
b1100001100100010 ?
b11101110000001 '
b11101110000001 6
b11111111111000 &
b11111111111000 -
b1100100 F
b1100100 D
b1100100 =
b1100100 ;
b1100100 4
b1100100 2
b1100100 5
b1100100 >
b1100100 G
b10000010 ,
b100000001110101100 A
b101010000111101000110011 8
b1011111101100000011011000111 /
1$
#270
0$
#271
b1001001001101000100100010100 #
b1001001001101000100100010100 0
b111111111111111111111111110011000011110011001110 "
b111111111111111111111111110011000011110011001110 9
b0 !
b0 B
b0 (
b0 ?
b11110011011110 '
b11110011011110 6
b11001111000111 &
b11001111000111 -
b1100100 F
b1100100 D
b1100100 =
b1100100 ;
b1100100 4
b1100100 2
b1100100 5
b1100100 >
b1100100 G
b10000011 ,
b0 A
b111111111111111111111111110011000011110011001110 8
b1001001001101000100100010100 /
1$
#272
0$
#273
b11001011001110011101001001 #
b11001011001110011101001001 0
b111111111111111111111111000001111100001000011001 "
b111111111111111111111111000001111100001000011001 9
b111111111111111111111111111111011111110001010100 !
b111111111111111111111111111111011111110001010100 B
b11110011011110 (
b11110011011110 ?
b10001001001011 '
b10001001001011 6
b1010110101110 &
b1010110101110 -
b1100100 F
b1100100 D
b1100100 =
b1100100 ;
b1100100 4
b1100100 2
b1100100 5
b1100100 >
b111111111111111111111111111111011111110001010100 A
b1100100 G
b10000100 ,
b111111111111111111111111000001111100001000011001 8
b11001011001110011101001001 /
1$
#274
0$
#275
b111111111111111111111100000110100010001101100001 #
b111111111111111111111100000110100010001101100001 0
b111111111111111111111110101101010011011101111101 "
b111111111111111111111110101101010011011101111101 9
b111111111111111111111111111111101100000101001100 !
b111111111111111111111111111111101100000101001100 B
b10010110011110 (
b10010110011110 ?
b1111011111111011 '
b1111011111111011 6
b1111000000010101 &
b1111000000010101 -
b1100100 F
b1100100 D
b1100100 =
b1100100 ;
b1100100 4
b1100100 2
b1100100 5
b1100100 >
b1100100 G
b10000101 ,
b111111111111111111111111111111101100000101001100 A
b111111111111111111111110101101010011011101111101 8
b111111111111111111111100000110100010001101100001 /
1$
#276
0$
#277
b111111111111111111110110011000000111100101011111 #
b111111111111111111110110011000000111100101011111 0
b111111111111111111111110111110100111111100000100 "
b111111111111111111111110111110100111111100000100 9
b10011111010110100 !
b10011111010110100 B
b1101101001100010 (
b1101101001100010 ?
b1101000101011001 '
b1101000101011001 6
b1100111111111110 &
b1100111111111110 -
b1100100 F
b1100100 D
b1100100 =
b1100100 ;
b1100100 4
b1100100 2
b1100100 5
b1100100 >
b1100100 G
b10000110 ,
b10011111010110100 A
b111111111111111111111110111110100111111100000100 8
b111111111111111111110110011000000111100101011111 /
1$
#278
0$
#279
b111111111111111111110011111110101100101110110110 #
b111111111111111111110011111110101100101110110110 0
b111111111111111111111111101101111100110001000001 "
b111111111111111111111111101101111100110001000001 9
b100000001110101100 !
b100000001110101100 B
b1100001100100010 (
b1100001100100010 ?
b1100000000100000 '
b1100000000100000 6
b1100000010000001 &
b1100000010000001 -
b1100100 F
b1100100 D
b1100100 =
b1100100 ;
b1100100 4
b1100100 2
b1100100 5
b1100100 >
b1100100 G
b10000111 ,
b100000001110101100 A
b111111111111111111111111101101111100110001000001 8
b111111111111111111110011111110101100101110110110 /
1$
#280
0$
#281
b111111111111111111110101101111010101011001010111 #
b111111111111111111110101101111010101011001010111 0
b100101100011110010101010 "
b100101100011110010101010 9
b0 !
b0 B
b0 (
b0 ?
b1100110000111001 '
b1100110000111001 6
b1100011011111010 &
b1100011011111010 -
b1100100 F
b1100100 D
b1100100 =
b1100100 ;
b1100100 4
b1100100 2
b1100100 5
b1100100 >
b1100100 G
b10001000 ,
b0 A
b100101100011110010101010 8
b111111111111111111110101101111010101011001010111 /
1$
#282
0$
#283
b111111111111111111111011000011000100100010010011 #
b111111111111111111111011000011000100100010010011 0
b1001011111011100001011100 "
b1001011111011100001011100 9
b111111111111111111111111111111011111110001010100 !
b111111111111111111111111111111011111110001010100 B
b11110011011110 (
b11110011011110 ?
b1111000000010101 '
b1111000000010101 6
b1110000100101011 &
b1110000100101011 -
b1100100 F
b1100100 D
b1100100 =
b1100100 ;
b1100100 4
b1100100 2
b1100100 5
b1100100 >
b111111111111111111111111111111011111110001010100 A
b1100100 G
b10001001 ,
b1001011111011100001011100 8
b111111111111111111111011000011000100100010010011 /
1$
#284
0$
#285
b10000100011010100000101100 #
b10000100011010100000101100 0
b1001111011100110111011011 "
b1001111011100110111011011 9
b111111111111111111111111111111101100000101001100 !
b111111111111111111111111111111101100000101001100 B
b10010110011110 (
b10010110011110 ?
b1101101000000 '
b1101101000000 6
b11000000110 &
b11000000110 -
b1100100 F
b1100100 D
b1100100 =
b1100100 ;
b1100100 4
b1100100 2
b1100100 5
b1100100 >
b1100100 G
b10001010 ,
b111111111111111111111111111111101100000101001100 A
b1001111011100110111011011 8
b10000100011010100000101100 /
1$
#286
0$
#287
b1000010111111101101010111101 #
b1000010111111101101010111101 0
b101110100000011011100110 "
b101110100000011011100110 9
b10011111010110100 !
b10011111010110100 B
b1101101001100010 (
b1101101001100010 ?
b11100111101001 '
b11100111101001 6
b10100011001100 &
b10100011001100 -
b1100100 F
b1100100 D
b1100100 =
b1100100 ;
b1100100 4
b1100100 2
b1100100 5
b1100100 >
b1100100 G
b10001011 ,
b10011111010110100 A
b101110100000011011100110 8
b1000010111111101101010111101 /
1$
#288
0$
#289
b1011110010001001111100111010 #
b1011110010001001111100111010 0
b111111111111111111111111111000001101111110101111 "
b111111111111111111111111111000001101111110101111 9
b100000001110101100 !
b100000001110101100 B
b1100001100100010 (
b1100001100100010 ?
b11110111111101 '
b11110111111101 6
b11110101110101 &
b11110101110101 -
b1100100 F
b1100100 D
b1100100 =
b1100100 ;
b1100100 4
b1100100 2
b1100100 5
b1100100 >
b1100100 G
b10001100 ,
b100000001110101100 A
b111111111111111111111111111000001101111110101111 8
b1011110010001001111100111010 /
1$
#290
0$
#291
b1011000111100001111011101011 #
b1011000111100001111011101011 0
b111111111111111111111111000101100000001111110011 "
b111111111111111111111111000101100000001111110011 9
b0 !
b0 B
b0 (
b0 ?
b10010110011110 '
b10010110011110 6
b11110011011110 &
b11110011011110 -
b1100100 F
b1100100 D
b1100100 =
b1100100 ;
b1100100 4
b1100100 2
b1100100 5
b1100100 >
b1100100 G
b10001101 ,
b0 A
b111111111111111111111111000101100000001111110011 8
b1011000111100001111011101011 /
1$
#292
0$
#293
b110100110110101000010101011 #
b110100110110101000010101011 0
b111111111111111111111110101101101000111111001100 "
b111111111111111111111110101101101000111111001100 9
b111111111111111111111111111111011111110001010100 !
b111111111111111111111111111111011111110001010100 B
b11110011011110 (
b11110011011110 ?
b1111101111111011 '
b1111101111111011 6
b10011100111010 &
b10011100111010 -
b1100100 F
b1100100 D
b1100100 =
b1100100 ;
b1100100 4
b1100100 2
b1100100 5
b1100100 >
b111111111111111111111111111111011111110001010100 A
b1100100 G
b10001110 ,
b111111111111111111111110101101101000111111001100 8
b110100110110101000010101011 /
1$
#294
0$
#295
b111111111111111111111111110011111001010010010111 #
b111111111111111111111111110011111001010010010111 0
b111111111111111111111110111011100101001101111101 "
b111111111111111111111110111011100101001101111101 9
b111111111111111111111111111111101100000101001100 !
b111111111111111111111111111111101100000101001100 B
b10010110011110 (
b10010110011110 ?
b1101010000110000 '
b1101010000110000 6
b10000000101 &
b10000000101 -
b1100100 F
b1100100 D
b1100100 =
b1100100 ;
b1100100 4
b1100100 2
b1100100 5
b1100100 >
b1100100 G
b10001111 ,
b111111111111111111111111111111101100000101001100 A
b111111111111111111111110111011100101001101111101 8
b111111111111111111111111110011111001010010010111 /
1$
#296
0$
#297
b111111111111111111111001000101001001010101110010 #
b111111111111111111111001000101001001010101110010 0
b111111111111111111111111101000111011011101011010 "
b111111111111111111111111101000111011011101011010 9
b10011111010110100 !
b10011111010110100 B
b1101101001100010 (
b1101101001100010 ?
b1100000010000001 '
b1100000010000001 6
b1101111101101100 &
b1101111101101100 -
b1100100 F
b1100100 D
b1100100 =
b1100100 ;
b1100100 4
b1100100 2
b1100100 5
b1100100 >
b1100100 G
b10010000 ,
b10011111010110100 A
b111111111111111111111111101000111011011101011010 8
b111111111111111111111001000101001001010101110010 /
1$
#298
0$
#299
b111111111111111111110100101111100011010001000100 #
b111111111111111111110100101111100011010001000100 0
b100000110111101011000110 "
b100000110111101011000110 9
b100000001110101100 !
b100000001110101100 B
b1100001100100010 (
b1100001100100010 ?
b1100100111110111 '
b1100100111110111 6
b1100011000010111 &
b1100011000010111 -
b1100100 F
b1100100 D
b1100100 =
b1100100 ;
b1100100 4
b1100100 2
b1100100 5
b1100100 >
b1100100 G
b10010001 ,
b100000001110101100 A
b100000110111101011000110 8
b111111111111111111110100101111100011010001000100 /
1$
#300
0$
#301
b111111111111111111110100010011000111010001001111 #
b111111111111111111110100010011000111010001001111 0
b1001001101110101000011010 "
b1001001101110101000011010 9
b0 !
b0 B
b0 (
b0 ?
b1110110000111001 '
b1110110000111001 6
b1100000011001010 &
b1100000011001010 -
b1100100 F
b1100100 D
b1100100 =
b1100100 ;
b1100100 4
b1100100 2
b1100100 5
b1100100 >
b1100100 G
b10010010 ,
b0 A
b1001001101110101000011010 8
b111111111111111111110100010011000111010001001111 /
1$
#302
0$
#303
b111111111111111111110111111001101010110010011000 #
b111111111111111111110111111001101010110010011000 0
b1010000110000000111011001 "
b1010000110000000111011001 9
b111111111111111111111111111111011111110001010100 !
b111111111111111111111111111111011111110001010100 B
b11110011011110 (
b11110011011110 ?
b1011110001111 '
b1011110001111 6
b1101000101011001 &
b1101000101011001 -
b1100100 F
b1100100 D
b1100100 =
b1100100 ;
b1100100 4
b1100100 2
b1100100 5
b1100100 >
b111111111111111111111111111111011111110001010100 A
b1100100 G
b10010011 ,
b1010000110000000111011001 8
b111111111111111111110111111001101010110010011000 /
1$
#304
0$
#305
b111111111111111111111110010011011110110011101000 #
b111111111111111111111110010011011110110011101000 0
b110010101101110010011110 "
b110010101101110010011110 9
b111111111111111111111111111111101100000101001100 !
b111111111111111111111111111111101100000101001100 B
b10010110011110 (
b10010110011110 ?
b11100000010101 '
b11100000010101 6
b1111001000001010 &
b1111001000001010 -
b1100100 F
b1100100 D
b1100100 =
b1100100 ;
b1100100 4
b1100100 2
b1100100 5
b1100100 >
b1100100 G
b10010100 ,
b111111111111111111111111111111101100000101001100 A
b110010101101110010011110 8
b111111111111111111111110010011011110110011101000 /
1$
#306
0$
#307
b101010010110100101011100000 #
b101010010110100101011100000 0
b111111111111111111111111111101011001111001111110 "
b111111111111111111111111111101011001111001111110 9
b10011111010110100 !
b10011111010110100 B
b1101101001100010 (
b1101101001100010 ?
b11111011011110 '
b11111011011110 6
b1011110001111 &
b1011110001111 -
b1100100 F
b1100100 D
b1100100 =
b1100100 ;
b1100100 4
b1100100 2
b1100100 5
b1100100 >
b1100100 G
b10010101 ,
b10011111010110100 A
b111111111111111111111111111101011001111001111110 8
b101010010110100101011100000 /
1$
#308
0$
#309
b1010011100111111000110100111 #
b1010011100111111000110100111 0
b111111111111111111111111001001010010011000110101 "
b111111111111111111111111001001010010011000110101 9
b100000001110101100 !
b100000001110101100 B
b1100001100100010 (
b1100001100100010 ?
b10100011001100 '
b10100011001100 6
b11010011101111 &
b11010011101111 -
b1100100 F
b1100100 D
b1100100 =
b1100100 ;
b1100100 4
b1100100 2
b1100100 5
b1100100 >
b1100100 G
b10010110 ,
b100000001110101100 A
b111111111111111111111111001001010010011000110101 8
b1010011100111111000110100111 /
1$
#310
0$
#311
b1011111111110010010111111010 #
b1011111111110010010111111010 0
b111111111111111111111110101110010010000111000001 "
b111111111111111111111110101110010010000111000001 9
b0 !
b0 B
b0 (
b0 ?
b0 '
b0 6
b100000000000000 &
b100000000000000 -
b1100100 F
b1100100 D
b1100100 =
b1100100 ;
b1100100 4
b1100100 2
b1100100 5
b1100100 >
b1100100 G
b10010111 ,
b0 A
b111111111111111111111110101110010010000111000001 8
b1011111111110010010111111010 /
1$
#312
0$
#313
b1001011001000011101010110111 #
b1001011001000011101010110111 0
b111111111111111111111110111000110010010001010110 "
b111111111111111111111110111000110010010001010110 9
b111111111111111111111111111111011111110001010100 !
b111111111111111111111111111111011111110001010100 B
b11110011011110 (
b11110011011110 ?
b1101011100110100 '
b1101011100110100 6
b11010011101111 &
b11010011101111 -
b1100100 F
b1100100 D
b1100100 =
b1100100 ;
b1100100 4
b1100100 2
b1100100 5
b1100100 >
b111111111111111111111111111111011111110001010100 A
b1100100 G
b10011000 ,
b111111111111111111111110111000110010010001010110 8
b1001011001000011101010110111 /
1$
#314
0$
#315
b11100010011101010110000011 #
b11100010011101010110000011 0
b111111111111111111111111100011111110010101101111 "
b111111111111111111111111100011111110010101101111 9
b111111111111111111111111111111101100000101001100 !
b111111111111111111111111111111101100000101001100 B
b10010110011110 (
b10010110011110 ?
b1100000100100010 '
b1100000100100010 6
b1011110001111 &
b1011110001111 -
b1100100 F
b1100100 D
b1100100 =
b1100100 ;
b1100100 4
b1100100 2
b1100100 5
b1100100 >
b1100100 G
b10011001 ,
b111111111111111111111111111111101100000101001100 A
b111111111111111111111111100011111110010101101111 8
b11100010011101010110000011 /
1$
#316
0$
#317
b111111111111111111111100011101100010101001111101 #
b111111111111111111111100011101100010101001111101 0
b11100000001101010010001 "
b11100000001101010010001 9
b10011111010110100 !
b10011111010110100 B
b1101101001100010 (
b1101101001100010 ?
b1100011111101011 '
b1100011111101011 6
b1111001000001010 &
b1111001000001010 -
b1100100 F
b1100100 D
b1100100 =
b1100100 ;
b1100100 4
b1100100 2
b1100100 5
b1100100 >
b1100100 G
b10011010 ,
b10011111010110100 A
b11100000001101010010001 8
b111111111111111111111100011101100010101001111101 /
1$
#318
0$
#319
b111111111111111111110110100110111100010101001001 #
b111111111111111111110110100110111100010101001001 0
b1000111001101101110101010 "
b1000111001101101110101010 9
b100000001110101100 !
b100000001110101100 B
b1100001100100010 (
b1100001100100010 ?
b1110100001110001 '
b1110100001110001 6
b1101000101011001 &
b1101000101011001 -
b1100100 F
b1100100 D
b1100100 =
b1100100 ;
b1100100 4
b1100100 2
b1100100 5
b1100100 >
b1100100 G
b10011011 ,
b100000001110101100 A
b1000111001101101110101010 8
b111111111111111111110110100110111100010101001001 /
1$
#320
0$
#321
b111111111111111111110100000000001101101000000110 #
b111111111111111111110100000000001101101000000110 0
b1010001101101111000111111 "
b1010001101101111000111111 9
b0 !
b0 B
b0 (
b0 ?
b1001111000111 '
b1001111000111 6
b1100000011001010 &
b1100000011001010 -
b1100100 F
b1100100 D
b1100100 =
b1100100 ;
b1100100 4
b1100100 2
b1100100 5
b1100100 >
b1100100 G
b10011100 ,
b0 A
b1010001101101111000111111 8
b111111111111111111110100000000001101101000000110 /
1$
#322
0$
#323
b111111111111111111110101100011000000111001011001 #
b111111111111111111110101100011000000111001011001 0
b110110101101100111001011 "
b110110101101100111001011 9
b111111111111111111111111111111011111110001010100 !
b111111111111111111111111111111011111110001010100 B
b11110011011110 (
b11110011011110 ?
b11011000001001 '
b11011000001001 6
b1100011000010111 &
b1100011000010111 -
b1100100 F
b1100100 D
b1100100 =
b1100100 ;
b1100100 4
b1100100 2
b1100100 5
b1100100 >
b111111111111111111111111111111011111110001010100 A
b1100100 G
b10011101 ,
b110110101101100111001011 8
b111111111111111111110101100011000000111001011001 /
1$
#324
0$
#325
b111111111111111111111010101101001011010100100000 #
b111111111111111111111010101101001011010100100000 0
b10100110000110000010 "
b10100110000110000010 9
b111111111111111111111111111111101100000101001100 !
b111111111111111111111111111111101100000101001100 B
b10010110011110 (
b10010110011110 ?
b11111101111111 '
b11111101111111 6
b1101111101101100 &
b1101111101101100 -
b1100100 F
b1100100 D
b1100100 =
b1100100 ;
b1100100 4
b1100100 2
b1100100 5
b1100100 >
b1100100 G
b10011110 ,
b111111111111111111111111111111101100000101001100 A
b10100110000110000010 8
b111111111111111111111010101101001011010100100000 /
1$
#326
0$
#327
b1101100100001001100011000 #
b1101100100001001100011000 0
b111111111111111111111111001101010010001101100010 "
b111111111111111111111111001101010010001101100010 9
b10011111010110100 !
b10011111010110100 B
b1101101001100010 (
b1101101001100010 ?
b10101111010000 '
b10101111010000 6
b10000000101 &
b10000000101 -
b1100100 F
b1100100 D
b1100100 =
b1100100 ;
b1100100 4
b1100100 2
b1100100 5
b1100100 >
b1100100 G
b10011111 ,
b10011111010110100 A
b111111111111111111111111001101010010001101100010 8
b1101100100001001100011000 /
1$
#328
0$
#329
b1000000110010101001101101000 #
b1000000110010101001101101000 0
b111111111111111111111110101111001111111000100111 "
b111111111111111111111110101111001111111000100111 9
b100000001110101100 !
b100000001110101100 B
b1100001100100010 (
b1100001100100010 ?
b10000000101 '
b10000000101 6
b10011100111010 &
b10011100111010 -
b1100100 F
b1100100 D
b1100100 =
b1100100 ;
b1100100 4
b1100100 2
b1100100 5
b1100100 >
b1100100 G
b10100000 ,
b100000001110101100 A
b111111111111111111111110101111001111111000100111 8
b1000000110010101001101101000 /
1$
#330
0$
#331
b1011101100111000101110110001 #
b1011101100111000101110110001 0
b111111111111111111111110110110010001010111100110 "
b111111111111111111111110110110010001010111100110 9
b0 !
b0 B
b0 (
b0 ?
b1101101001100010 '
b1101101001100010 6
b11110011011110 &
b11110011011110 -
b1100100 F
b1100100 D
b1100100 =
b1100100 ;
b1100100 4
b1100100 2
b1100100 5
b1100100 >
b1100100 G
b10100001 ,
b0 A
b111111111111111111111110110110010001010111100110 8
b1011101100111000101110110001 /
1$
#332
0$
#333
b1011010000011100101110111100 #
b1011010000011100101110111100 0
b111111111111111111111111011111001000010100111010 "
b111111111111111111111111011111001000010100111010 9
b111111111111111111111111111111011111110001010100 !
b111111111111111111111111111111011111110001010100 B
b11110011011110 (
b11110011011110 ?
b1100001000000011 '
b1100001000000011 6
b11110101110101 &
b11110101110101 -
b1100100 F
b1100100 D
b1100100 =
b1100100 ;
b1100100 4
b1100100 2
b1100100 5
b1100100 >
b111111111111111111111111111111011111110001010100 A
b1100100 G
b10100010 ,
b111111111111111111111111011111001000010100111010 8
b1011010000011100101110111100 /
1$
#334
0$
#335
b110111010110110101010001110 #
b110111010110110101010001110 0
b10111000100100010100110 "
b10111000100100010100110 9
b111111111111111111111111111111101100000101001100 !
b111111111111111111111111111111101100000101001100 B
b10010110011110 (
b10010110011110 ?
b1100011000010111 '
b1100011000010111 6
b10100011001100 &
b10100011001100 -
b1100100 F
b1100100 D
b1100100 =
b1100100 ;
b1100100 4
b1100100 2
b1100100 5
b1100100 >
b1100100 G
b10100011 ,
b111111111111111111111111111111101100000101001100 A
b10111000100100010100110 8
b110111010110110101010001110 /
1$
#336
0$
#337
b1100000110101101101001 #
b1100000110101101101001 0
b1000100011010110010000011 "
b1000100011010110010000011 9
b10011111010110100 !
b10011111010110100 B
b1101101001100010 (
b1101101001100010 ?
b1110010011000000 '
b1110010011000000 6
b11000000110 &
b11000000110 -
b1100100 F
b1100100 D
b1100100 =
b1100100 ;
b1100100 4
b1100100 2
b1100100 5
b1100100 >
b1100100 G
b10100100 ,
b10011111010110100 A
b1000100011010110010000011 8
b1100000110101101101001 /
1$
#338
0$
#339
b111111111111111111111001011001001010111101010101 #
b111111111111111111111001011001001010111101010101 0
b1010010010111000000110100 "
b1010010010111000000110100 9
b100000001110101100 !
b100000001110101100 B
b1100001100100010 (
b1100001100100010 ?
b111111101011 '
b111111101011 6
b1110000100101011 &
b1110000100101011 -
b1100100 F
b1100100 D
b1100100 =
b1100100 ;
b1100100 4
b1100100 2
b1100100 5
b1100100 >
b1100100 G
b10100101 ,
b100000001110101100 A
b1010010010111000000110100 8
b111111111111111111111001011001001010111101010101 /
1$
#340
0$
#341
b111111111111111111110100111000011110000100010101 #
b111111111111111111110100111000011110000100010101 0
b111010011111110000001101 "
b111010011111110000001101 9
b0 !
b0 B
b0 (
b0 ?
b11001111000111 '
b11001111000111 6
b1100011011111010 &
b1100011011111010 -
b1100100 F
b1100100 D
b1100100 =
b1100100 ;
b1100100 4
b1100100 2
b1100100 5
b1100100 >
b1100100 G
b10100110 ,
b0 A
b111010011111110000001101 8
b111111111111111111110100111000011110000100010101 /
1$
#342
0$
#343
b111111111111111111110100001101110110000011000110 #
b111111111111111111110100001101110110000011000110 0
b111110010000001010001 "
b111110010000001010001 9
b111111111111111111111111111111011111110001010100 !
b111111111111111111111111111111011111110001010100 B
b11110011011110 (
b11110011011110 ?
b11111111100000 '
b11111111100000 6
b1100000010000001 &
b1100000010000001 -
b1100100 F
b1100100 D
b1100100 =
b1100100 ;
b1100100 4
b1100100 2
b1100100 5
b1100100 >
b111111111111111111111111111111011111110001010100 A
b1100100 G
b10100111 ,
b111110010000001010001 8
b111111111111111111110100001101110110000011000110 /
1$
#344
0$
#345
b111111111111111111110111101000000010010101000011 #
b111111111111111111110111101000000010010101000011 0
b111111111111111111111111010001011111100100011010 "
b111111111111111111111111010001011111100100011010 9
b111111111111111111111111111111101100000101001100 !
b111111111111111111111111111111101100000101001100 B
b10010110011110 (
b10010110011110 ?
b10111010100111 '
b10111010100111 6
b1100111111111110 &
b1100111111111110 -
b1100100 F
b1100100 D
b1100100 =
b1100100 ;
b1100100 4
b1100100 2
b1100100 5
b1100100 >
b1100100 G
b10101000 ,
b111111111111111111111111111111101100000101001100 A
b111111111111111111111111010001011111100100011010 8
b111111111111111111110111101000000010010101000011 /
1$
#346
0$
#347
b111111111111111111111101111011100101011111010100 #
b111111111111111111111101111011100101011111010100 0
b111111111111111111111110110000100011001000100101 "
b111111111111111111111110110000100011001000100101 9
b10011111010110100 !
b10011111010110100 B
b1101101001100010 (
b1101101001100010 ?
b100000000101 '
b100000000101 6
b1111000000010101 &
b1111000000010101 -
b1100100 F
b1100100 D
b1100100 =
b1100100 ;
b1100100 4
b1100100 2
b1100100 5
b1100100 >
b1100100 G
b10101001 ,
b10011111010110100 A
b111111111111111111111110110000100011001000100101 8
b111111111111111111111101111011100101011111010100 /
1$
#348
0$
#349
b100111100111011011101101101 #
b100111100111011011101101101 0
b111111111111111111111110110100000100011110100100 "
b111111111111111111111110110100000100011110100100 9
b100000001110101100 !
b100000001110101100 B
b1100001100100010 (
b1100001100100010 ?
b1101110110110101 '
b1101110110110101 6
b1010110101110 &
b1010110101110 -
b1100100 F
b1100100 D
b1100100 =
b1100100 ;
b1100100 4
b1100100 2
b1100100 5
b1100100 >
b1100100 G
b10101010 ,
b100000001110101100 A
b111111111111111111111110110100000100011110100100 8
b100111100111011011101101101 /
1$
#350
0$
#351
b1010010000101010100110101001 #
b1010010000101010100110101001 0
b111111111111111111111111011010011100001101010110 "
b111111111111111111111111011010011100001101010110 9
b0 !
b0 B
b0 (
b0 ?
b1100001100100010 '
b1100001100100010 6
b11001111000111 &
b11001111000111 -
b1100100 F
b1100100 D
b1100100 =
b1100100 ;
b1100100 4
b1100100 2
b1100100 5
b1100100 >
b1100100 G
b10101011 ,
b0 A
b111111111111111111111111011010011100001101010110 8
b1010010000101010100110101001 /
1$
#352
0$
#353
b1100000001010011010001001010 #
b1100000001010011010001001010 0
b10010000011001110111111 "
b10010000011001110111111 9
b111111111111111111111111111111011111110001010100 !
b111111111111111111111111111111011111110001010100 B
b11110011011110 (
b11110011011110 ?
b1100010001111111 '
b1100010001111111 6
b11111111111000 &
b11111111111000 -
b1100100 F
b1100100 D
b1100100 =
b1100100 ;
b1100100 4
b1100100 2
b1100100 5
b1100100 >
b111111111111111111111111111111011111110001010100 A
b1100100 G
b10101100 ,
b10010000011001110111111 8
b1100000001010011010001001010 /
1$
#354
0$
#355
b1001100111111000011010100001 #
b1001100111111000011010100001 0
b1000001011000000011111100 "
b1000001011000000011111100 9
b111111111111111111111111111111101100000101001100 !
b111111111111111111111111111111101100000101001100 B
b10010110011110 (
b10010110011110 ?
b1110000100101011 '
b1110000100101011 6
b11011000001001 &
b11011000001001 -
b1100100 F
b1100100 D
b1100100 =
b1100100 ;
b1100100 4
b1100100 2
b1100100 5
b1100100 >
b1100100 G
b10101101 ,
b111111111111111111111111111111101100000101001100 A
b1000001011000000011111100 8
b1001100111111000011010100001 /
1$
#356
0$
#357
b11111001011101110010011111 #
b11111001011101110010011111 0
b1010010101100100010000011 "
b1010010101100100010000011 9
b10011111010110100 !
b10011111010110100 B
b1101101001100010 (
b1101101001100010 ?
b101111111110 '
b101111111110 6
b1100101101011 &
b1100101101011 -
b1100100 F
b1100100 D
b1100100 =
b1100100 ;
b1100100 4
b1100100 2
b1100100 5
b1100100 >
b1100100 G
b10101110 ,
b10011111010110100 A
b1010010101100100010000011 8
b11111001011101110010011111 /
1$
#358
0$
#359
b111111111111111111111100110100110001100010110111 #
b111111111111111111111100110100110001100010110111 0
b111110000011110111100111 "
b111110000011110111100111 9
b100000001110101100 !
b100000001110101100 B
b1100001100100010 (
b1100001100100010 ?
b11000101010000 '
b11000101010000 6
b1111010000000010 &
b1111010000000010 -
b1100100 F
b1100100 D
b1100100 =
b1100100 ;
b1100100 4
b1100100 2
b1100100 5
b1100100 >
b1100100 G
b10101111 ,
b100000001110101100 A
b111110000011110111100111 8
b111111111111111111111100110100110001100010110111 /
1$
#360
0$
#361
b111111111111111111110110110110010111011011101100 #
b111111111111111111110110110110010111011011101100 0
b1100111100001100110010 "
b1100111100001100110010 9
b0 !
b0 B
b0 (
b0 ?
b100000000000000 '
b100000000000000 6
b1101001010111111 &
b1101001010111111 -
b1100100 F
b1100100 D
b1100100 =
b1100100 ;
b1100100 4
b1100100 2
b1100100 5
b1100100 >
b1100100 G
b10110000 ,
b0 A
b1100111100001100110010 8
b111111111111111111110110110110010111011011101100 /
1$
#362
0$
#363
b111111111111111111110100000010011111100100111001 #
b111111111111111111110100000010011111100100111001 0
b111111111111111111111111010101111000010111001101 "
b111111111111111111111111010101111000010111001101 9
b111111111111111111111111111111011111110001010100 !
b111111111111111111111111111111011111110001010100 B
b11110011011110 (
b11110011011110 ?
b11000101010000 '
b11000101010000 6
b1100000100100010 &
b1100000100100010 -
b1100100 F
b1100100 D
b1100100 =
b1100100 ;
b1100100 4
b1100100 2
b1100100 5
b1100100 >
b111111111111111111111111111111011111110001010100 A
b1100100 G
b10110001 ,
b111111111111111111111111010101111000010111001101 8
b111111111111111111110100000010011111100100111001 /
1$
#364
0$
#365
b111111111111111111110101010111010111001111100111 #
b111111111111111111110101010111010111001111100111 0
b111111111111111111111110110010001001101100000000 "
b111111111111111111111110110010001001101100000000 9
b111111111111111111111111111111101100000101001100 !
b111111111111111111111111111111101100000101001100 B
b10010110011110 (
b10010110011110 ?
b101111111110 '
b101111111110 6
b1100010101000100 &
b1100010101000100 -
b1100100 F
b1100100 D
b1100100 =
b1100100 ;
b1100100 4
b1100100 2
b1100100 5
b1100100 >
b1100100 G
b10110010 ,
b111111111111111111111111111111101100000101001100 A
b111111111111111111111110110010001001101100000000 8
b111111111111111111110101010111010111001111100111 /
1$
#366
0$
#367
b111111111111111111111010010111100111111101110100 #
b111111111111111111111010010111100111111101110100 0
b10011111010110100 !
b10011111010110100 B
b1101101001100010 (
b1101101001100010 ?
b1110000100101011 '
b1110000100101011 6
b1101110110110101 &
b1101110110110101 -
b1100100 F
b1100100 D
b1100100 =
b1100100 ;
b1100100 4
b1100100 2
b1100100 5
b1100100 >
b1100100 G
b10110011 ,
b10011111010110100 A
b111111111111111111111110110010001001101100000000 8
b111111111111111111111010010111100111111101110100 /
1$
#368
0$
#369
b1010100100001001011011100 #
b1010100100001001011011100 0
b111111111111111111111111010101111000010111001101 "
b111111111111111111111111010101111000010111001101 9
b100000001110101100 !
b100000001110101100 B
b1100001100100010 (
b1100001100100010 ?
b1100010001111111 '
b1100010001111111 6
b1000000011 &
b1000000011 -
b1100100 F
b1100100 D
b1100100 =
b1100100 ;
b1100100 4
b1100100 2
b1100100 5
b1100100 >
b1100100 G
b10110100 ,
b100000001110101100 A
b111111111111111111111111010101111000010111001101 8
b1010100100001001011011100 /
1$
#370
0$
#371
b111110100001011101110011010 #
b111110100001011101110011010 0
b1100111100001100110010 "
b1100111100001100110010 9
b0 !
b0 B
b0 (
b0 ?
b1100001100100010 '
b1100001100100010 6
b10010110011110 &
b10010110011110 -
b1100100 F
b1100100 D
b1100100 =
b1100100 ;
b1100100 4
b1100100 2
b1100100 5
b1100100 >
b1100100 G
b10110101 ,
b0 A
b1100111100001100110010 8
b111110100001011101110011010 /
1$
#372
0$
#373
b1011100110110111011000101001 #
b1011100110110111011000101001 0
b111110000011110111100111 "
b111110000011110111100111 9
b111111111111111111111111111111011111110001010100 !
b111111111111111111111111111111011111110001010100 B
b11110011011110 (
b11110011011110 ?
b1101110110110101 '
b1101110110110101 6
b11110000110111 &
b11110000110111 -
b1100100 F
b1100100 D
b1100100 =
b1100100 ;
b1100100 4
b1100100 2
b1100100 5
b1100100 >
b111111111111111111111111111111011111110001010100 A
b1100100 G
b10110110 ,
b111110000011110111100111 8
b1011100110110111011000101001 /
1$
#374
0$
#375
b1011011000101000101011001100 #
b1011011000101000101011001100 0
b1010010101100100010000011 "
b1010010101100100010000011 9
b111111111111111111111111111111101100000101001100 !
b111111111111111111111111111111101100000101001100 B
b10010110011110 (
b10010110011110 ?
b100000000101 '
b100000000101 6
b11110111111101 &
b11110111111101 -
b1100100 F
b1100100 D
b1100100 =
b1100100 ;
b1100100 4
b1100100 2
b1100100 5
b1100100 >
b1100100 G
b10110111 ,
b111111111111111111111111111111101100000101001100 A
b1010010101100100010000011 8
b1011011000101000101011001100 /
1$
#376
0$
#377
b111001110011010100001010100 #
b111001110011010100001010100 0
b1000001011000000011111100 "
b1000001011000000011111100 9
b10011111010110100 !
b10011111010110100 B
b1101101001100010 (
b1101101001100010 ?
b10111010100111 '
b10111010100111 6
b10101001010011 &
b10101001010011 -
b1100100 F
b1100100 D
b1100100 =
b1100100 ;
b1100100 4
b1100100 2
b1100100 5
b1100100 >
b1100100 G
b10111000 ,
b10011111010110100 A
b1000001011000000011111100 8
b111001110011010100001010100 /
1$
#378
0$
#379
b100100010001010110100000 #
b100100010001010110100000 0
b10010000011001110111111 "
b10010000011001110111111 9
b100000001110101100 !
b100000001110101100 B
b1100001100100010 (
b1100001100100010 ?
b11111111100000 '
b11111111100000 6
b100000000101 &
b100000000101 -
b1100100 F
b1100100 D
b1100100 =
b1100100 ;
b1100100 4
b1100100 2
b1100100 5
b1100100 >
b1100100 G
b10111001 ,
b100000001110101100 A
b10010000011001110111111 8
b100100010001010110100000 /
1$
#380
0$
#381
b111111111111111111111001101101100101010001100010 #
b111111111111111111111001101101100101010001100010 0
b111111111111111111111111011010011100001101010110 "
b111111111111111111111111011010011100001101010110 9
b0 !
b0 B
b0 (
b0 ?
b11001111000111 '
b11001111000111 6
b1110001011110010 &
b1110001011110010 -
b1100100 F
b1100100 D
b1100100 =
b1100100 ;
b1100100 4
b1100100 2
b1100100 5
b1100100 >
b1100100 G
b10111010 ,
b0 A
b111111111111111111111111011010011100001101010110 8
b111111111111111111111001101101100101010001100010 /
1$
#382
0$
#383
b111111111111111111110101000010000100000101011110 #
b111111111111111111110101000010000100000101011110 0
b111111111111111111111110110100000100011110100100 "
b111111111111111111111110110100000100011110100100 9
b111111111111111111111111111111011111110001010100 !
b111111111111111111111111111111011111110001010100 B
b11110011011110 (
b11110011011110 ?
b111111101011 '
b111111101011 6
b1100011111101011 &
b1100011111101011 -
b1100100 F
b1100100 D
b1100100 =
b1100100 ;
b1100100 4
b1100100 2
b1100100 5
b1100100 >
b111111111111111111111111111111011111110001010100 A
b1100100 G
b10111011 ,
b111111111111111111111110110100000100011110100100 8
b111111111111111111110101000010000100000101011110 /
1$
#384
0$
#385
b111111111111111111110100001001010011010000000100 #
b111111111111111111110100001001010011010000000100 0
b111111111111111111111110110000100011001000100101 "
b111111111111111111111110110000100011001000100101 9
b111111111111111111111111111111101100000101001100 !
b111111111111111111111111111111101100000101001100 B
b10010110011110 (
b10010110011110 ?
b1110010011000000 '
b1110010011000000 6
b1100000001001001 &
b1100000001001001 -
b1100100 F
b1100100 D
b1100100 =
b1100100 ;
b1100100 4
b1100100 2
b1100100 5
b1100100 >
b1100100 G
b10111100 ,
b111111111111111111111111111111101100000101001100 A
b111111111111111111111110110000100011001000100101 8
b111111111111111111110100001001010011010000000100 /
1$
#386
0$
#387
b111111111111111111110111010110111011001010111101 #
b111111111111111111110111010110111011001010111101 0
b111111111111111111111111010001011111100100011010 "
b111111111111111111111111010001011111100100011010 9
b10011111010110100 !
b10011111010110100 B
b1101101001100010 (
b1101101001100010 ?
b1100011000010111 '
b1100011000010111 6
b1100111010110000 &
b1100111010110000 -
b1100100 F
b1100100 D
b1100100 =
b1100100 ;
b1100100 4
b1100100 2
b1100100 5
b1100100 >
b1100100 G
b10111101 ,
b10011111010110100 A
b111111111111111111111111010001011111100100011010 8
b111111111111111111110111010110111011001010111101 /
1$
#388
0$
#389
b111111111111111111111101100011110100101010101110 #
b111111111111111111111101100011110100101010101110 0
b111110010000001010001 "
b111110010000001010001 9
b100000001110101100 !
b100000001110101100 B
b1100001100100010 (
b1100001100100010 ?
b1100001000000011 '
b1100001000000011 6
b1110111000100101 &
b1110111000100101 -
b1100100 F
b1100100 D
b1100100 =
b1100100 ;
b1100100 4
b1100100 2
b1100100 5
b1100100 >
b1100100 G
b10111110 ,
b100000001110101100 A
b111110010000001010001 8
b111111111111111111111101100011110100101010101110 /
1$
#390
0$
#391
b100100110101110111100111000 #
b100100110101110111100111000 0
b111010011111110000001101 "
b111010011111110000001101 9
b0 !
b0 B
b0 (
b0 ?
b1101101001100010 '
b1101101001100010 6
b1001111000111 &
b1001111000111 -
b1100100 F
b1100100 D
b1100100 =
b1100100 ;
b1100100 4
b1100100 2
b1100100 5
b1100100 >
b1100100 G
b10111111 ,
b0 A
b111010011111110000001101 8
b100100110101110111100111000 /
1$
#392
0$
#393
b1010000011101101101111010011 #
b1010000011101101101111010011 0
b1010010010111000000110100 "
b1010010010111000000110100 9
b111111111111111111111111111111011111110001010100 !
b111111111111111111111111111111011111110001010100 B
b11110011011110 (
b11110011011110 ?
b10000000101 '
b10000000101 6
b11001010010010 &
b11001010010010 -
b1100100 F
b1100100 D
b1100100 =
b1100100 ;
b1100100 4
b1100100 2
b1100100 5
b1100100 >
b111111111111111111111111111111011111110001010100 A
b1100100 G
b11000000 ,
b1010010010111000000110100 8
b1010000011101101101111010011 /
1$
#394
0$
#395
b1100000010000100110100011101 #
b1100000010000100110100011101 0
b1000100011010110010000011 "
b1000100011010110010000011 9
b111111111111111111111111111111101100000101001100 !
b111111111111111111111111111111101100000101001100 B
b10010110011110 (
b10010110011110 ?
b10101111010000 '
b10101111010000 6
b11111111100000 &
b11111111100000 -
b1100100 F
b1100100 D
b1100100 =
b1100100 ;
b1100100 4
b1100100 2
b1100100 5
b1100100 >
b1100100 G
b11000001 ,
b111111111111111111111111111111101100000101001100 A
b1000100011010110010000011 8
b1100000010000100110100011101 /
1$
#396
0$
#397
b1001110110000111011000011111 #
b1001110110000111011000011111 0
b10111000100100010100110 "
b10111000100100010100110 9
b10011111010110100 !
b10011111010110100 B
b1101101001100010 (
b1101101001100010 ?
b11111101111111 '
b11111101111111 6
b11011100010110 &
b11011100010110 -
b1100100 F
b1100100 D
b1100100 =
b1100100 ;
b1100100 4
b1100100 2
b1100100 5
b1100100 >
b1100100 G
b11000010 ,
b10011111010110100 A
b10111000100100010100110 8
b1001110110000111011000011111 /
1$
#398
0$
#399
b100010000001111010001000001 #
b100010000001111010001000001 0
b111111111111111111111111011111001000010100111010 "
b111111111111111111111111011111001000010100111010 9
b100000001110101100 !
b100000001110101100 B
b1100001100100010 (
b1100001100100010 ?
b11011000001001 '
b11011000001001 6
b1101101000000 &
b1101101000000 -
b1100100 F
b1100100 D
b1100100 =
b1100100 ;
b1100100 4
b1100100 2
b1100100 5
b1100100 >
b1100100 G
b11000011 ,
b100000001110101100 A
b111111111111111111111111011111001000010100111010 8
b100010000001111010001000001 /
1$
#400
0$
#401
b111111111111111111111101001100001101100110100110 #
b111111111111111111111101001100001101100110100110 0
b111111111111111111111110110110010001010111100110 "
b111111111111111111111110110110010001010111100110 9
b0 !
b0 B
b0 (
b0 ?
b1001111000111 '
b1001111000111 6
b1111010111111101 &
b1111010111111101 -
b1100100 F
b1100100 D
b1100100 =
b1100100 ;
b1100100 4
b1100100 2
b1100100 5
b1100100 >
b1100100 G
b11000100 ,
b0 A
b111111111111111111111110110110010001010111100110 8
b111111111111111111111101001100001101100110100110 /
1$
#402
0$
#403
b111111111111111111110111000110010111011001000010 #
b111111111111111111110111000110010111011001000010 0
b111111111111111111111110101111001111111000100111 "
b111111111111111111111110101111001111111000100111 9
b111111111111111111111111111111011111110001010100 !
b111111111111111111111111111111011111110001010100 B
b11110011011110 (
b11110011011110 ?
b1110100001110001 '
b1110100001110001 6
b1101010000110000 &
b1101010000110000 -
b1100100 F
b1100100 D
b1100100 =
b1100100 ;
b1100100 4
b1100100 2
b1100100 5
b1100100 >
b111111111111111111111111111111011111110001010100 A
b1100100 G
b11000101 ,
b111111111111111111111110101111001111111000100111 8
b111111111111111111110111000110010111011001000010 /
1$
#404
0$
#405
b111111111111111111110100000101100001010111111100 #
b111111111111111111110100000101100001010111111100 0
b111111111111111111111111001101010010001101100010 "
b111111111111111111111111001101010010001101100010 9
b111111111111111111111111111111101100000101001100 !
b111111111111111111111111111111101100000101001100 B
b10010110011110 (
b10010110011110 ?
b1100011111101011 '
b1100011111101011 6
b1100000110001011 &
b1100000110001011 -
b1100100 F
b1100100 D
b1100100 =
b1100100 ;
b1100100 4
b1100100 2
b1100100 5
b1100100 >
b1100100 G
b11000110 ,
b111111111111111111111111111111101100000101001100 A
b111111111111111111111111001101010010001101100010 8
b111111111111111111110100000101100001010111111100 /
1$
#406
0$
#407
b111111111111111111110101001100010111111001001000 #
b111111111111111111110101001100010111111001001000 0
b10100110000110000010 "
b10100110000110000010 9
b10011111010110100 !
b10011111010110100 B
b1101101001100010 (
b1101101001100010 ?
b1100000100100010 '
b1100000100100010 6
b1100010001111111 &
b1100010001111111 -
b1100100 F
b1100100 D
b1100100 =
b1100100 ;
b1100100 4
b1100100 2
b1100100 5
b1100100 >
b1100100 G
b11000111 ,
b10011111010110100 A
b10100110000110000010 8
b111111111111111111110101001100010111111001001000 /
1$
#408
0$
#409
b111111111111111111111010000010011010101110011110 #
b111111111111111111111010000010011010101110011110 0
b110110101101100111001011 "
b110110101101100111001011 9
b100000001110101100 !
b100000001110101100 B
b1100001100100010 (
b1100001100100010 ?
b1101011100110100 '
b1101011100110100 6
b1101110000000111 &
b1101110000000111 -
b1100100 F
b1100100 D
b1100100 =
b1100100 ;
b1100100 4
b1100100 2
b1100100 5
b1100100 >
b1100100 G
b11001000 ,
b100000001110101100 A
b110110101101100111001011 8
b111111111111111111111010000010011010101110011110 /
1$
#410
0$
#411
b111100011011011100100001 #
b111100011011011100100001 0
b1010001101101111000111111 "
b1010001101101111000111111 9
b0 !
b0 B
b0 (
b0 ?
b0 '
b0 6
b0 &
b0 -
b1100100 F
b1100100 D
b1100100 =
b1100100 ;
b1100100 4
b1100100 2
b1100100 5
b1100100 >
b1100100 G
b11001001 ,
b0 A
b1010001101101111000111111 8
b111100011011011100100001 /
1$
#412
0$
#413
b111100001100010101101010101 #
b111100001100010101101010101 0
b1000111001101101110101010 "
b1000111001101101110101010 9
b111111111111111111111111111111011111110001010100 !
b111111111111111111111111111111011111110001010100 B
b11110011011110 (
b11110011011110 ?
b10100011001100 '
b10100011001100 6
b10001111111001 &
b10001111111001 -
b1100100 F
b1100100 D
b1100100 =
b1100100 ;
b1100100 4
b1100100 2
b1100100 5
b1100100 >
b111111111111111111111111111111011111110001010100 A
b1100100 G
b11001010 ,
b1000111001101101110101010 8
b111100001100010101101010101 /
1$
#414
0$
#415
b1011100000000111101101111101 #
b1011100000000111101101111101 0
b11100000001101010010001 "
b11100000001101010010001 9
b111111111111111111111111111111101100000101001100 !
b111111111111111111111111111111101100000101001100 B
b10010110011110 (
b10010110011110 ?
b11111011011110 '
b11111011011110 6
b11101110000001 &
b11101110000001 -
b1100100 F
b1100100 D
b1100100 =
b1100100 ;
b1100100 4
b1100100 2
b1100100 5
b1100100 >
b1100100 G
b11001011 ,
b111111111111111111111111111111101100000101001100 A
b11100000001101010010001 8
b1011100000000111101101111101 /
1$
#416
0$
#417
b111111111111111111111111100011111110010101101111 "
b111111111111111111111111100011111110010101101111 9
b10011111010110100 !
b10011111010110100 B
b1101101001100010 (
b1101101001100010 ?
b11100000010101 '
b11100000010101 6
b11111001110101 &
b11111001110101 -
b1100100 F
b1100100 D
b1100100 =
b1100100 ;
b1100100 4
b1100100 2
b1100100 5
b1100100 >
b1100100 G
b11001100 ,
b10011111010110100 A
b111111111111111111111111100011111110010101101111 8
b1011100000000111101101111101 /
1$
#418
0$
#419
b111100001100010101101010101 #
b111100001100010101101010101 0
b111111111111111111111110111000110010010001010110 "
b111111111111111111111110111000110010010001010110 9
b100000001110101100 !
b100000001110101100 B
b1100001100100010 (
b1100001100100010 ?
b1011110001111 '
b1011110001111 6
b10101111010000 &
b10101111010000 -
b1100100 F
b1100100 D
b1100100 =
b1100100 ;
b1100100 4
b1100100 2
b1100100 5
b1100100 >
b1100100 G
b11001101 ,
b100000001110101100 A
b111111111111111111111110111000110010010001010110 8
b111100001100010101101010101 /
1$
#420
0$
#421
b111100011011011100100001 #
b111100011011011100100001 0
b111111111111111111111110101110010010000111000001 "
b111111111111111111111110101110010010000111000001 9
b0 !
b0 B
b0 (
b0 ?
b1110110000111001 '
b1110110000111001 6
b101000000011 &
b101000000011 -
b1100100 F
b1100100 D
b1100100 =
b1100100 ;
b1100100 4
b1100100 2
b1100100 5
b1100100 >
b1100100 G
b11001110 ,
b0 A
b111111111111111111111110101110010010000111000001 8
b111100011011011100100001 /
1$
#422
0$
#423
b111111111111111111111010000010011010101110011110 #
b111111111111111111111010000010011010101110011110 0
b111111111111111111111111001001010010011000110101 "
b111111111111111111111111001001010010011000110101 9
b111111111111111111111111111111011111110001010100 !
b111111111111111111111111111111011111110001010100 B
b11110011011110 (
b11110011011110 ?
b1100100111110111 '
b1100100111110111 6
b1110010011000000 &
b1110010011000000 -
b1100100 F
b1100100 D
b1100100 =
b1100100 ;
b1100100 4
b1100100 2
b1100100 5
b1100100 >
b111111111111111111111111111111011111110001010100 A
b1100100 G
b11001111 ,
b111111111111111111111111001001010010011000110101 8
b111111111111111111111010000010011010101110011110 /
1$
#424
0$
#425
b111111111111111111110101001100010111111001001000 #
b111111111111111111110101001100010111111001001000 0
b111111111111111111111111111101011001111001111110 "
b111111111111111111111111111101011001111001111110 9
b111111111111111111111111111111101100000101001100 !
b111111111111111111111111111111101100000101001100 B
b10010110011110 (
b10010110011110 ?
b1100000010000001 '
b1100000010000001 6
b1100100011101010 &
b1100100011101010 -
b1100100 F
b1100100 D
b1100100 =
b1100100 ;
b1100100 4
b1100100 2
b1100100 5
b1100100 >
b1100100 G
b11010000 ,
b111111111111111111111111111111101100000101001100 A
b111111111111111111111111111101011001111001111110 8
b111111111111111111110101001100010111111001001000 /
1$
#426
0$
#427
b111111111111111111110100000101100001010111111100 #
b111111111111111111110100000101100001010111111100 0
b110010101101110010011110 "
b110010101101110010011110 9
b10011111010110100 !
b10011111010110100 B
b1101101001100010 (
b1101101001100010 ?
b1101010000110000 '
b1101010000110000 6
b1100000000100000 &
b1100000000100000 -
b1100100 F
b1100100 D
b1100100 =
b1100100 ;
b1100100 4
b1100100 2
b1100100 5
b1100100 >
b1100100 G
b11010001 ,
b10011111010110100 A
b110010101101110010011110 8
b111111111111111111110100000101100001010111111100 /
1$
#428
0$
#429
b111111111111111111110111000110010111011001000010 #
b111111111111111111110111000110010111011001000010 0
b1010000110000000111011001 "
b1010000110000000111011001 9
b100000001110101100 !
b100000001110101100 B
b1100001100100010 (
b1100001100100010 ?
b1111101111111011 '
b1111101111111011 6
b1100110101101110 &
b1100110101101110 -
b1100100 F
b1100100 D
b1100100 =
b1100100 ;
b1100100 4
b1100100 2
b1100100 5
b1100100 >
b1100100 G
b11010010 ,
b100000001110101100 A
b1010000110000000111011001 8
b111111111111111111110111000110010111011001000010 /
1$
#430
0$
#431
b111111111111111111111101001100001101100110100110 #
b111111111111111111111101001100001101100110100110 0
b1001001101110101000011010 "
b1001001101110101000011010 9
b0 !
b0 B
b0 (
b0 ?
b10010110011110 '
b10010110011110 6
b1110110000111001 &
b1110110000111001 -
b1100100 F
b1100100 D
b1100100 =
b1100100 ;
b1100100 4
b1100100 2
b1100100 5
b1100100 >
b1100100 G
b11010011 ,
b0 A
b1001001101110101000011010 8
b111111111111111111111101001100001101100110100110 /
1$
#432
0$
#433
b100010000001111010001000001 #
b100010000001111010001000001 0
b100000110111101011000110 "
b100000110111101011000110 9
b111111111111111111111111111111011111110001010100 !
b111111111111111111111111111111011111110001010100 B
b11110011011110 (
b11110011011110 ?
b11110111111101 '
b11110111111101 6
b1000111011011 &
b1000111011011 -
b1100100 F
b1100100 D
b1100100 =
b1100100 ;
b1100100 4
b1100100 2
b1100100 5
b1100100 >
b111111111111111111111111111111011111110001010100 A
b1100100 G
b11010100 ,
b100000110111101011000110 8
b100010000001111010001000001 /
1$
#434
0$
#435
b1001110110000111011000011111 #
b1001110110000111011000011111 0
b111111111111111111111111101000111011011101011010 "
b111111111111111111111111101000111011011101011010 9
b111111111111111111111111111111101100000101001100 !
b111111111111111111111111111111101100000101001100 B
b10010110011110 (
b10010110011110 ?
b11100111101001 '
b11100111101001 6
b11000101010000 &
b11000101010000 -
b1100100 F
b1100100 D
b1100100 =
b1100100 ;
b1100100 4
b1100100 2
b1100100 5
b1100100 >
b1100100 G
b11010101 ,
b111111111111111111111111111111101100000101001100 A
b111111111111111111111111101000111011011101011010 8
b1001110110000111011000011111 /
1$
#436
0$
#437
b1100000010000100110100011101 #
b1100000010000100110100011101 0
b111111111111111111111110111011100101001101111101 "
b111111111111111111111110111011100101001101111101 9
b10011111010110100 !
b10011111010110100 B
b1101101001100010 (
b1101101001100010 ?
b1101101000000 '
b1101101000000 6
b11111110110111 &
b11111110110111 -
b1100100 F
b1100100 D
b1100100 =
b1100100 ;
b1100100 4
b1100100 2
b1100100 5
b1100100 >
b1100100 G
b11010110 ,
b10011111010110100 A
b111111111111111111111110111011100101001101111101 8
b1100000010000100110100011101 /
1$
#438
0$
#439
b1010000011101101101111010011 #
b1010000011101101101111010011 0
b111111111111111111111110101101101000111111001100 "
b111111111111111111111110101101101000111111001100 9
b100000001110101100 !
b100000001110101100 B
b1100001100100010 (
b1100001100100010 ?
b1111000000010101 '
b1111000000010101 6
b11100000010101 &
b11100000010101 -
b1100100 F
b1100100 D
b1100100 =
b1100100 ;
b1100100 4
b1100100 2
b1100100 5
b1100100 >
b1100100 G
b11010111 ,
b100000001110101100 A
b111111111111111111111110101101101000111111001100 8
b1010000011101101101111010011 /
1$
#440
0$
#441
b100100110101110111100111000 #
b100100110101110111100111000 0
b111111111111111111111111000101100000001111110011 "
b111111111111111111111111000101100000001111110011 9
b0 !
b0 B
b0 (
b0 ?
b1100110000111001 '
b1100110000111001 6
b1110100001110 &
b1110100001110 -
b1100100 F
b1100100 D
b1100100 =
b1100100 ;
b1100100 4
b1100100 2
b1100100 5
b1100100 >
b1100100 G
b11011000 ,
b0 A
b111111111111111111111111000101100000001111110011 8
b100100110101110111100111000 /
1$
#442
0$
#443
b111111111111111111111101100011110100101010101110 #
b111111111111111111111101100011110100101010101110 0
b111111111111111111111111111000001101111110101111 "
b111111111111111111111111111000001101111110101111 9
b111111111111111111111111111111011111110001010100 !
b111111111111111111111111111111011111110001010100 B
b11110011011110 (
b11110011011110 ?
b1100000000100000 '
b1100000000100000 6
b1111011111111011 &
b1111011111111011 -
b1100100 F
b1100100 D
b1100100 =
b1100100 ;
b1100100 4
b1100100 2
b1100100 5
b1100100 >
b111111111111111111111111111111011111110001010100 A
b1100100 G
b11011001 ,
b111111111111111111111111111000001101111110101111 8
b111111111111111111111101100011110100101010101110 /
1$
#444
0$
#445
b111111111111111111110111010110111011001010111101 #
b111111111111111111110111010110111011001010111101 0
b101110100000011011100110 "
b101110100000011011100110 9
b111111111111111111111111111111101100000101001100 !
b111111111111111111111111111111101100000101001100 B
b10010110011110 (
b10010110011110 ?
b1101000101011001 '
b1101000101011001 6
b1101010110101101 &
b1101010110101101 -
b1100100 F
b1100100 D
b1100100 =
b1100100 ;
b1100100 4
b1100100 2
b1100100 5
b1100100 >
b1100100 G
b11011010 ,
b111111111111111111111111111111101100000101001100 A
b101110100000011011100110 8
b111111111111111111110111010110111011001010111101 /
1$
#446
0$
#447
b111111111111111111110100001001010011010000000100 #
b111111111111111111110100001001010011010000000100 0
b1001111011100110111011011 "
b1001111011100110111011011 9
b10011111010110100 !
b10011111010110100 B
b1101101001100010 (
b1101101001100010 ?
b1111011111111011 '
b1111011111111011 6
b1100001000000011 &
b1100001000000011 -
b1100100 F
b1100100 D
b1100100 =
b1100100 ;
b1100100 4
b1100100 2
b1100100 5
b1100100 >
b1100100 G
b11011011 ,
b10011111010110100 A
b1001111011100110111011011 8
b111111111111111111110100001001010011010000000100 /
1$
#448
0$
#449
b111111111111111111110101000010000100000101011110 #
b111111111111111111110101000010000100000101011110 0
b1001011111011100001011100 "
b1001011111011100001011100 9
b100000001110101100 !
b100000001110101100 B
b1100001100100010 (
b1100001100100010 ?
b10001001001011 '
b10001001001011 6
b1100001111001001 &
b1100001111001001 -
b1100100 F
b1100100 D
b1100100 =
b1100100 ;
b1100100 4
b1100100 2
b1100100 5
b1100100 >
b1100100 G
b11011100 ,
b100000001110101100 A
b1001011111011100001011100 8
b111111111111111111110101000010000100000101011110 /
1$
#450
0$
#451
b111111111111111111111001101101100101010001100010 #
b111111111111111111111001101101100101010001100010 0
b100101100011110010101010 "
b100101100011110010101010 9
b0 !
b0 B
b0 (
b0 ?
b11110011011110 '
b11110011011110 6
b1101101001100010 &
b1101101001100010 -
b1100100 F
b1100100 D
b1100100 =
b1100100 ;
b1100100 4
b1100100 2
b1100100 5
b1100100 >
b1100100 G
b11011101 ,
b0 A
b100101100011110010101010 8
b111111111111111111111001101101100101010001100010 /
1$
#452
0$
#453
b100100010001010110100000 #
b100100010001010110100000 0
b111111111111111111111111101101111100110001000001 "
b111111111111111111111111101101111100110001000001 9
b111111111111111111111111111111011111110001010100 !
b111111111111111111111111111111011111110001010100 B
b11110011011110 (
b11110011011110 ?
b11101110000001 '
b11101110000001 6
b1111110111111101 &
b1111110111111101 -
b1100100 F
b1100100 D
b1100100 =
b1100100 ;
b1100100 4
b1100100 2
b1100100 5
b1100100 >
b111111111111111111111111111111011111110001010100 A
b1100100 G
b11011110 ,
b111111111111111111111111101101111100110001000001 8
b100100010001010110100000 /
1$
#454
0$
#455
b111001110011010100001010100 #
b111001110011010100001010100 0
b111111111111111111111110111110100111111100000100 "
b111111111111111111111110111110100111111100000100 9
b111111111111111111111111111111101100000101001100 !
b111111111111111111111111111111101100000101001100 B
b10010110011110 (
b10010110011110 ?
b1111011010101 '
b1111011010101 6
b10001001001011 &
b10001001001011 -
b1100100 F
b1100100 D
b1100100 =
b1100100 ;
b1100100 4
b1100100 2
b1100100 5
b1100100 >
b1100100 G
b11011111 ,
b111111111111111111111111111111101100000101001100 A
b111111111111111111111110111110100111111100000100 8
b111001110011010100001010100 /
1$
#456
0$
#457
b1011011000101000101011001100 #
b1011011000101000101011001100 0
b111111111111111111111110101101010011011101111101 "
b111111111111111111111110101101010011011101111101 9
b10011111010110100 !
b10011111010110100 B
b1101101001100010 (
b1101101001100010 ?
b1111010000000010 '
b1111010000000010 6
b11101010111100 &
b11101010111100 -
b1100100 F
b1100100 D
b1100100 =
b1100100 ;
b1100100 4
b1100100 2
b1100100 5
b1100100 >
b1100100 G
b11100000 ,
b10011111010110100 A
b111111111111111111111110101101010011011101111101 8
b1011011000101000101011001100 /
1$
#458
0$
#459
b1011100110110111011000101001 #
b1011100110110111011000101001 0
b111111111111111111111111000001111100001000011001 "
b111111111111111111111111000001111100001000011001 9
b100000001110101100 !
b100000001110101100 B
b1100001100100010 (
b1100001100100010 ?
b1100111010110000 '
b1100111010110000 6
b11111011011110 &
b11111011011110 -
b1100100 F
b1100100 D
b1100100 =
b1100100 ;
b1100100 4
b1100100 2
b1100100 5
b1100100 >
b1100100 G
b11100001 ,
b100000001110101100 A
b111111111111111111111111000001111100001000011001 8
b1011100110110111011000101001 /
1$
#460
0$
#461
b111110100001011101110011010 #
b111110100001011101110011010 0
b111111111111111111111111110011000011110011001110 "
b111111111111111111111111110011000011110011001110 9
b0 !
b0 B
b0 (
b0 ?
b1100000000000000 '
b1100000000000000 6
b10110101000001 &
b10110101000001 -
b1100100 F
b1100100 D
b1100100 =
b1100100 ;
b1100100 4
b1100100 2
b1100100 5
b1100100 >
b1100100 G
b11100010 ,
b0 A
b111111111111111111111111110011000011110011001110 8
b111110100001011101110011010 /
1$
#462
0$
#463
b1010100100001001011011100 #
b1010100100001001011011100 0
b101010000111101000110011 "
b101010000111101000110011 9
b111111111111111111111111111111011111110001010100 !
b111111111111111111111111111111011111110001010100 B
b11110011011110 (
b11110011011110 ?
b1100111010110000 '
b1100111010110000 6
b101111111110 &
b101111111110 -
b1100100 F
b1100100 D
b1100100 =
b1100100 ;
b1100100 4
b1100100 2
b1100100 5
b1100100 >
b111111111111111111111111111111011111110001010100 A
b1100100 G
b11100011 ,
b101010000111101000110011 8
b1010100100001001011011100 /
1$
#464
0$
#465
b111111111111111111111010010111100111111101110100 #
b111111111111111111111010010111100111111101110100 0
b1001101110110010100000000 "
b1001101110110010100000000 9
b111111111111111111111111111111101100000101001100 !
b111111111111111111111111111111101100000101001100 B
b10010110011110 (
b10010110011110 ?
b1111010000000010 '
b1111010000000010 6
b1110011010010101 &
b1110011010010101 -
b1100100 F
b1100100 D
b1100100 =
b1100100 ;
b1100100 4
b1100100 2
b1100100 5
b1100100 >
b1100100 G
b11100100 ,
b111111111111111111111111111111101100000101001100 A
b1001101110110010100000000 8
b111111111111111111111010010111100111111101110100 /
1$
#466
0$
#467
b111111111111111111110101010111010111001111100111 #
b111111111111111111110101010111010111001111100111 0
b10011111010110100 !
b10011111010110100 B
b1101101001100010 (
b1101101001100010 ?
b1111011010101 '
b1111011010101 6
b1100100111110111 &
b1100100111110111 -
b1100100 F
b1100100 D
b1100100 =
b1100100 ;
b1100100 4
b1100100 2
b1100100 5
b1100100 >
b1100100 G
b11100101 ,
b10011111010110100 A
b1001101110110010100000000 8
b111111111111111111110101010111010111001111100111 /
1$
#468
0$
#469
b111111111111111111110100000010011111100100111001 #
b111111111111111111110100000010011111100100111001 0
b101010000111101000110011 "
b101010000111101000110011 9
b100000001110101100 !
b100000001110101100 B
b1100001100100010 (
b1100001100100010 ?
b11101110000001 '
b11101110000001 6
b1100000000001000 &
b1100000000001000 -
b1100100 F
b1100100 D
b1100100 =
b1100100 ;
b1100100 4
b1100100 2
b1100100 5
b1100100 >
b1100100 G
b11100110 ,
b100000001110101100 A
b101010000111101000110011 8
b111111111111111111110100000010011111100100111001 /
1$
#470
0$
#471
b111111111111111111110110110110010111011011101100 #
b111111111111111111110110110110010111011011101100 0
b111111111111111111111111110011000011110011001110 "
b111111111111111111111111110011000011110011001110 9
b0 !
b0 B
b0 (
b0 ?
b11110011011110 '
b11110011011110 6
b1100110000111001 &
b1100110000111001 -
b1100100 F
b1100100 D
b1100100 =
b1100100 ;
b1100100 4
b1100100 2
b1100100 5
b1100100 >
b1100100 G
b11100111 ,
b0 A
b111111111111111111111111110011000011110011001110 8
b111111111111111111110110110110010111011011101100 /
1$
#472
0$
#473
b111111111111111111111100110100110001100010110111 #
b111111111111111111111100110100110001100010110111 0
b111111111111111111111111000001111100001000011001 "
b111111111111111111111111000001111100001000011001 9
b111111111111111111111111111111011111110001010100 !
b111111111111111111111111111111011111110001010100 B
b11110011011110 (
b11110011011110 ?
b10001001001011 '
b10001001001011 6
b1110101001010010 &
b1110101001010010 -
b1100100 F
b1100100 D
b1100100 =
b1100100 ;
b1100100 4
b1100100 2
b1100100 5
b1100100 >
b111111111111111111111111111111011111110001010100 A
b1100100 G
b11101000 ,
b111111111111111111111111000001111100001000011001 8
b111111111111111111111100110100110001100010110111 /
1$
#474
0$
#475
b11111001011101110010011111 #
b11111001011101110010011111 0
b111111111111111111111110101101010011011101111101 "
b111111111111111111111110101101010011011101111101 9
b111111111111111111111111111111101100000101001100 !
b111111111111111111111111111111101100000101001100 B
b10010110011110 (
b10010110011110 ?
b1111011111111011 '
b1111011111111011 6
b111111101011 &
b111111101011 -
b1100100 F
b1100100 D
b1100100 =
b1100100 ;
b1100100 4
b1100100 2
b1100100 5
b1100100 >
b1100100 G
b11101001 ,
b111111111111111111111111111111101100000101001100 A
b111111111111111111111110101101010011011101111101 8
b11111001011101110010011111 /
1$
#476
0$
#477
b1001100111111000011010100001 #
b1001100111111000011010100001 0
b111111111111111111111110111110100111111100000100 "
b111111111111111111111110111110100111111100000100 9
b10011111010110100 !
b10011111010110100 B
b1101101001100010 (
b1101101001100010 ?
b1101000101011001 '
b1101000101011001 6
b11000000000010 &
b11000000000010 -
b1100100 F
b1100100 D
b1100100 =
b1100100 ;
b1100100 4
b1100100 2
b1100100 5
b1100100 >
b1100100 G
b11101010 ,
b10011111010110100 A
b111111111111111111111110111110100111111100000100 8
b1001100111111000011010100001 /
1$
#478
0$
#479
b1100000001010011010001001010 #
b1100000001010011010001001010 0
b111111111111111111111111101101111100110001000001 "
b111111111111111111111111101101111100110001000001 9
b100000001110101100 !
b100000001110101100 B
b1100001100100010 (
b1100001100100010 ?
b1100000000100000 '
b1100000000100000 6
b11111101111111 &
b11111101111111 -
b1100100 F
b1100100 D
b1100100 =
b1100100 ;
b1100100 4
b1100100 2
b1100100 5
b1100100 >
b1100100 G
b11101011 ,
b100000001110101100 A
b111111111111111111111111101101111100110001000001 8
b1100000001010011010001001010 /
1$
#480
0$
#481
b1010010000101010100110101001 #
b1010010000101010100110101001 0
b100101100011110010101010 "
b100101100011110010101010 9
b0 !
b0 B
b0 (
b0 ?
b1100110000111001 '
b1100110000111001 6
b11100100000110 &
b11100100000110 -
b1100100 F
b1100100 D
b1100100 =
b1100100 ;
b1100100 4
b1100100 2
b1100100 5
b1100100 >
b1100100 G
b11101100 ,
b0 A
b100101100011110010101010 8
b1010010000101010100110101001 /
1$
#482
0$
#483
b100111100111011011101101101 #
b100111100111011011101101101 0
b1001011111011100001011100 "
b1001011111011100001011100 9
b111111111111111111111111111111011111110001010100 !
b111111111111111111111111111111011111110001010100 B
b11110011011110 (
b11110011011110 ?
b1111000000010101 '
b1111000000010101 6
b1111011010101 &
b1111011010101 -
b1100100 F
b1100100 D
b1100100 =
b1100100 ;
b1100100 4
b1100100 2
b1100100 5
b1100100 >
b111111111111111111111111111111011111110001010100 A
b1100100 G
b11101101 ,
b1001011111011100001011100 8
b100111100111011011101101101 /
1$
#484
0$
#485
b111111111111111111111101111011100101011111010100 #
b111111111111111111111101111011100101011111010100 0
b1001111011100110111011011 "
b1001111011100110111011011 9
b111111111111111111111111111111101100000101001100 !
b111111111111111111111111111111101100000101001100 B
b10010110011110 (
b10010110011110 ?
b1101101000000 '
b1101101000000 6
b1111100111111010 &
b1111100111111010 -
b1100100 F
b1100100 D
b1100100 =
b1100100 ;
b1100100 4
b1100100 2
b1100100 5
b1100100 >
b1100100 G
b11101110 ,
b111111111111111111111111111111101100000101001100 A
b1001111011100110111011011 8
b111111111111111111111101111011100101011111010100 /
1$
#486
0$
#487
b111111111111111111110111101000000010010101000011 #
b111111111111111111110111101000000010010101000011 0
b101110100000011011100110 "
b101110100000011011100110 9
b10011111010110100 !
b10011111010110100 B
b1101101001100010 (
b1101101001100010 ?
b11100111101001 '
b11100111101001 6
b1101011100110100 &
b1101011100110100 -
b1100100 F
b1100100 D
b1100100 =
b1100100 ;
b1100100 4
b1100100 2
b1100100 5
b1100100 >
b1100100 G
b11101111 ,
b10011111010110100 A
b101110100000011011100110 8
b111111111111111111110111101000000010010101000011 /
1$
#488
0$
#489
b111111111111111111110100001101110110000011000110 #
b111111111111111111110100001101110110000011000110 0
b111111111111111111111111111000001101111110101111 "
b111111111111111111111111111000001101111110101111 9
b100000001110101100 !
b100000001110101100 B
b1100001100100010 (
b1100001100100010 ?
b11110111111101 '
b11110111111101 6
b1100001010001011 &
b1100001010001011 -
b1100100 F
b1100100 D
b1100100 =
b1100100 ;
b1100100 4
b1100100 2
b1100100 5
b1100100 >
b1100100 G
b11110000 ,
b100000001110101100 A
b111111111111111111111111111000001101111110101111 8
b111111111111111111110100001101110110000011000110 /
1$
#490
0$
#491
b111111111111111111110100111000011110000100010101 #
b111111111111111111110100111000011110000100010101 0
b111111111111111111111111000101100000001111110011 "
b111111111111111111111111000101100000001111110011 9
b0 !
b0 B
b0 (
b0 ?
b10010110011110 '
b10010110011110 6
b1100001100100010 &
b1100001100100010 -
b1100100 F
b1100100 D
b1100100 =
b1100100 ;
b1100100 4
b1100100 2
b1100100 5
b1100100 >
b1100100 G
b11110001 ,
b0 A
b111111111111111111111111000101100000001111110011 8
b111111111111111111110100111000011110000100010101 /
1$
#492
0$
#493
b111111111111111111111001011001001010111101010101 #
b111111111111111111111001011001001010111101010101 0
b111111111111111111111110101101101000111111001100 "
b111111111111111111111110101101101000111111001100 9
b111111111111111111111111111111011111110001010100 !
b111111111111111111111111111111011111110001010100 B
b11110011011110 (
b11110011011110 ?
b1111101111111011 '
b1111101111111011 6
b1101100011000110 &
b1101100011000110 -
b1100100 F
b1100100 D
b1100100 =
b1100100 ;
b1100100 4
b1100100 2
b1100100 5
b1100100 >
b111111111111111111111111111111011111110001010100 A
b1100100 G
b11110010 ,
b111111111111111111111110101101101000111111001100 8
b111111111111111111111001011001001010111101010101 /
1$
#494
0$
#495
b1100000110101101101001 #
b1100000110101101101001 0
b111111111111111111111110111011100101001101111101 "
b111111111111111111111110111011100101001101111101 9
b111111111111111111111111111111101100000101001100 !
b111111111111111111111111111111101100000101001100 B
b10010110011110 (
b10010110011110 ?
b1101010000110000 '
b1101010000110000 6
b1111101111111011 &
b1111101111111011 -
b1100100 F
b1100100 D
b1100100 =
b1100100 ;
b1100100 4
b1100100 2
b1100100 5
b1100100 >
b1100100 G
b11110011 ,
b111111111111111111111111111111101100000101001100 A
b111111111111111111111110111011100101001101111101 8
b1100000110101101101001 /
1$
#496
0$
#497
b110111010110110101010001110 #
b110111010110110101010001110 0
b111111111111111111111111101000111011011101011010 "
b111111111111111111111111101000111011011101011010 9
b10011111010110100 !
b10011111010110100 B
b1101101001100010 (
b1101101001100010 ?
b1100000010000001 '
b1100000010000001 6
b10000010010100 &
b10000010010100 -
b1100100 F
b1100100 D
b1100100 =
b1100100 ;
b1100100 4
b1100100 2
b1100100 5
b1100100 >
b1100100 G
b11110100 ,
b10011111010110100 A
b111111111111111111111111101000111011011101011010 8
b110111010110110101010001110 /
1$
#498
0$
#499
b1011010000011100101110111100 #
b1011010000011100101110111100 0
b100000110111101011000110 "
b100000110111101011000110 9
b100000001110101100 !
b100000001110101100 B
b1100001100100010 (
b1100001100100010 ?
b1100100111110111 '
b1100100111110111 6
b11100111101001 &
b11100111101001 -
b1100100 F
b1100100 D
b1100100 =
b1100100 ;
b1100100 4
b1100100 2
b1100100 5
b1100100 >
b1100100 G
b11110101 ,
b100000001110101100 A
b100000110111101011000110 8
b1011010000011100101110111100 /
1$
#500
0$
#501
b1011101100111000101110110001 #
b1011101100111000101110110001 0
b1001001101110101000011010 "
b1001001101110101000011010 9
b0 !
b0 B
b0 (
b0 ?
b1110110000111001 '
b1110110000111001 6
b11111100110110 &
b11111100110110 -
b1100100 F
b1100100 D
b1100100 =
b1100100 ;
b1100100 4
b1100100 2
b1100100 5
b1100100 >
b1100100 G
b11110110 ,
b0 A
b1001001101110101000011010 8
b1011101100111000101110110001 /
1$
#502
0$
#503
b1000000110010101001101101000 #
b1000000110010101001101101000 0
b1010000110000000111011001 "
b1010000110000000111011001 9
b111111111111111111111111111111011111110001010100 !
b111111111111111111111111111111011111110001010100 B
b11110011011110 (
b11110011011110 ?
b1011110001111 '
b1011110001111 6
b10111010100111 &
b10111010100111 -
b1100100 F
b1100100 D
b1100100 =
b1100100 ;
b1100100 4
b1100100 2
b1100100 5
b1100100 >
b111111111111111111111111111111011111110001010100 A
b1100100 G
b11110111 ,
b1010000110000000111011001 8
b1000000110010101001101101000 /
1$
#504
0$
#505
b1101100100001001100011000 #
b1101100100001001100011000 0
b110010101101110010011110 "
b110010101101110010011110 9
b111111111111111111111111111111101100000101001100 !
b111111111111111111111111111111101100000101001100 B
b10010110011110 (
b10010110011110 ?
b11100000010101 '
b11100000010101 6
b110111110110 &
b110111110110 -
b1100100 F
b1100100 D
b1100100 =
b1100100 ;
b1100100 4
b1100100 2
b1100100 5
b1100100 >
b1100100 G
b11111000 ,
b111111111111111111111111111111101100000101001100 A
b110010101101110010011110 8
b1101100100001001100011000 /
1$
#506
0$
#507
b111111111111111111111010101101001011010100100000 #
b111111111111111111111010101101001011010100100000 0
b111111111111111111111111111101011001111001111110 "
b111111111111111111111111111101011001111001111110 9
b10011111010110100 !
b10011111010110100 B
b1101101001100010 (
b1101101001100010 ?
b11111011011110 '
b11111011011110 6
b1110100001110001 &
b1110100001110001 -
b1100100 F
b1100100 D
b1100100 =
b1100100 ;
b1100100 4
b1100100 2
b1100100 5
b1100100 >
b1100100 G
b11111001 ,
b10011111010110100 A
b111111111111111111111111111101011001111001111110 8
b111111111111111111111010101101001011010100100000 /
1$
#508
0$
#509
b111111111111111111110101100011000000111001011001 #
b111111111111111111110101100011000000111001011001 0
b111111111111111111111111001001010010011000110101 "
b111111111111111111111111001001010010011000110101 9
b100000001110101100 !
b100000001110101100 B
b1100001100100010 (
b1100001100100010 ?
b10100011001100 '
b10100011001100 6
b1100101100010001 &
b1100101100010001 -
b1100100 F
b1100100 D
b1100100 =
b1100100 ;
b1100100 4
b1100100 2
b1100100 5
b1100100 >
b1100100 G
b11111010 ,
b100000001110101100 A
b111111111111111111111111001001010010011000110101 8
b111111111111111111110101100011000000111001011001 /
1$
#510
0$
#511
b111111111111111111110100000000001101101000000110 #
b111111111111111111110100000000001101101000000110 0
b111111111111111111111110101110010010000111000001 "
b111111111111111111111110101110010010000111000001 9
b0 !
b0 B
b0 (
b0 ?
b0 '
b0 6
b1100000000000000 &
b1100000000000000 -
b1100100 F
b1100100 D
b1100100 =
b1100100 ;
b1100100 4
b1100100 2
b1100100 5
b1100100 >
b1100100 G
b11111011 ,
b0 A
b111111111111111111111110101110010010000111000001 8
b111111111111111111110100000000001101101000000110 /
1$
#512
0$
#513
b111111111111111111110110100110111100010101001001 #
b111111111111111111110110100110111100010101001001 0
b111111111111111111111110111000110010010001010110 "
b111111111111111111111110111000110010010001010110 9
b111111111111111111111111111111011111110001010100 !
b111111111111111111111111111111011111110001010100 B
b11110011011110 (
b11110011011110 ?
b1101011100110100 '
b1101011100110100 6
b1100101100010001 &
b1100101100010001 -
b1100100 F
b1100100 D
b1100100 =
b1100100 ;
b1100100 4
b1100100 2
b1100100 5
b1100100 >
b111111111111111111111111111111011111110001010100 A
b1100100 G
b11111100 ,
b111111111111111111111110111000110010010001010110 8
b111111111111111111110110100110111100010101001001 /
1$
#514
0$
#515
b111111111111111111111100011101100010101001111101 #
b111111111111111111111100011101100010101001111101 0
b111111111111111111111111100011111110010101101111 "
b111111111111111111111111100011111110010101101111 9
b111111111111111111111111111111101100000101001100 !
b111111111111111111111111111111101100000101001100 B
b10010110011110 (
b10010110011110 ?
b1100000100100010 '
b1100000100100010 6
b1110100001110001 &
b1110100001110001 -
b1100100 F
b1100100 D
b1100100 =
b1100100 ;
b1100100 4
b1100100 2
b1100100 5
b1100100 >
b1100100 G
b11111101 ,
b111111111111111111111111111111101100000101001100 A
b111111111111111111111111100011111110010101101111 8
b111111111111111111111100011101100010101001111101 /
1$
#516
0$
#517
b11100010011101010110000011 #
b11100010011101010110000011 0
b11100000001101010010001 "
b11100000001101010010001 9
b10011111010110100 !
b10011111010110100 B
b1101101001100010 (
b1101101001100010 ?
b1100011111101011 '
b1100011111101011 6
b110111110110 &
b110111110110 -
b1100100 F
b1100100 D
b1100100 =
b1100100 ;
b1100100 4
b1100100 2
b1100100 5
b1100100 >
b1100100 G
b11111110 ,
b10011111010110100 A
b11100000001101010010001 8
b11100010011101010110000011 /
1$
#518
0$
#519
b1001011001000011101010110111 #
b1001011001000011101010110111 0
b1000111001101101110101010 "
b1000111001101101110101010 9
b100000001110101100 !
b100000001110101100 B
b1100001100100010 (
b1100001100100010 ?
b1110100001110001 '
b1110100001110001 6
b10111010100111 &
b10111010100111 -
b1100100 F
b1100100 D
b1100100 =
b1100100 ;
b1100100 4
b1100100 2
b1100100 5
b1100100 >
b1100100 G
b11111111 ,
b100000001110101100 A
b1000111001101101110101010 8
b1001011001000011101010110111 /
1$
#520
0$
#521
b1011111111110010010111111010 #
b1011111111110010010111111010 0
b1010001101101111000111111 "
b1010001101101111000111111 9
b0 !
b0 B
b0 (
b0 ?
b1001111000111 '
b1001111000111 6
b11111100110110 &
b11111100110110 -
b1100100 F
b1100100 D
b1100100 =
b1100100 ;
b1100100 4
b1100100 2
b1100100 5
b1100100 >
b1100100 G
b100000000 ,
b0 A
b1010001101101111000111111 8
b1011111111110010010111111010 /
1$
#522
0$
#523
b1010011100111111000110100111 #
b1010011100111111000110100111 0
b110110101101100111001011 "
b110110101101100111001011 9
b111111111111111111111111111111011111110001010100 !
b111111111111111111111111111111011111110001010100 B
b11110011011110 (
b11110011011110 ?
b11011000001001 '
b11011000001001 6
b11100111101001 &
b11100111101001 -
b1100100 F
b1100100 D
b1100100 =
b1100100 ;
b1100100 4
b1100100 2
b1100100 5
b1100100 >
b111111111111111111111111111111011111110001010100 A
b1100100 G
b100000001 ,
b110110101101100111001011 8
b1010011100111111000110100111 /
1$
#524
0$
#525
b101010010110100101011100000 #
b101010010110100101011100000 0
b10100110000110000010 "
b10100110000110000010 9
b111111111111111111111111111111101100000101001100 !
b111111111111111111111111111111101100000101001100 B
b10010110011110 (
b10010110011110 ?
b11111101111111 '
b11111101111111 6
b10000010010100 &
b10000010010100 -
b1100100 F
b1100100 D
b1100100 =
b1100100 ;
b1100100 4
b1100100 2
b1100100 5
b1100100 >
b1100100 G
b100000010 ,
b111111111111111111111111111111101100000101001100 A
b10100110000110000010 8
b101010010110100101011100000 /
1$
#526
0$
#527
b111111111111111111111110010011011110110011101000 #
b111111111111111111111110010011011110110011101000 0
b111111111111111111111111001101010010001101100010 "
b111111111111111111111111001101010010001101100010 9
b10011111010110100 !
b10011111010110100 B
b1101101001100010 (
b1101101001100010 ?
b10101111010000 '
b10101111010000 6
b1111101111111011 &
b1111101111111011 -
b1100100 F
b1100100 D
b1100100 =
b1100100 ;
b1100100 4
b1100100 2
b1100100 5
b1100100 >
b1100100 G
b100000011 ,
b10011111010110100 A
b111111111111111111111111001101010010001101100010 8
b111111111111111111111110010011011110110011101000 /
1$
#528
0$
#529
b111111111111111111110111111001101010110010011000 #
b111111111111111111110111111001101010110010011000 0
b111111111111111111111110101111001111111000100111 "
b111111111111111111111110101111001111111000100111 9
b100000001110101100 !
b100000001110101100 B
b1100001100100010 (
b1100001100100010 ?
b10000000101 '
b10000000101 6
b1101100011000110 &
b1101100011000110 -
b1100100 F
b1100100 D
b1100100 =
b1100100 ;
b1100100 4
b1100100 2
b1100100 5
b1100100 >
b1100100 G
b100000100 ,
b100000001110101100 A
b111111111111111111111110101111001111111000100111 8
b111111111111111111110111111001101010110010011000 /
1$
#530
0$
#531
b111111111111111111110100010011000111010001001111 #
b111111111111111111110100010011000111010001001111 0
b111111111111111111111110110110010001010111100110 "
b111111111111111111111110110110010001010111100110 9
b0 !
b0 B
b0 (
b0 ?
b1101101001100010 '
b1101101001100010 6
b1100001100100010 &
b1100001100100010 -
b1100100 F
b1100100 D
b1100100 =
b1100100 ;
b1100100 4
b1100100 2
b1100100 5
b1100100 >
b1100100 G
b100000101 ,
b0 A
b111111111111111111111110110110010001010111100110 8
b111111111111111111110100010011000111010001001111 /
1$
#532
0$
#533
b111111111111111111110100101111100011010001000100 #
b111111111111111111110100101111100011010001000100 0
b111111111111111111111111011111001000010100111010 "
b111111111111111111111111011111001000010100111010 9
b111111111111111111111111111111011111110001010100 !
b111111111111111111111111111111011111110001010100 B
b11110011011110 (
b11110011011110 ?
b1100001000000011 '
b1100001000000011 6
b1100001010001011 &
b1100001010001011 -
b1100100 F
b1100100 D
b1100100 =
b1100100 ;
b1100100 4
b1100100 2
b1100100 5
b1100100 >
b111111111111111111111111111111011111110001010100 A
b1100100 G
b100000110 ,
b111111111111111111111111011111001000010100111010 8
b111111111111111111110100101111100011010001000100 /
1$
#534
0$
#535
b111111111111111111111001000101001001010101110010 #
b111111111111111111111001000101001001010101110010 0
b10111000100100010100110 "
b10111000100100010100110 9
b111111111111111111111111111111101100000101001100 !
b111111111111111111111111111111101100000101001100 B
b10010110011110 (
b10010110011110 ?
b1100011000010111 '
b1100011000010111 6
b1101011100110100 &
b1101011100110100 -
b1100100 F
b1100100 D
b1100100 =
b1100100 ;
b1100100 4
b1100100 2
b1100100 5
b1100100 >
b1100100 G
b100000111 ,
b111111111111111111111111111111101100000101001100 A
b10111000100100010100110 8
b111111111111111111111001000101001001010101110010 /
1$
#536
0$
#537
b111111111111111111111111110011111001010010010111 #
b111111111111111111111111110011111001010010010111 0
b1000100011010110010000011 "
b1000100011010110010000011 9
b10011111010110100 !
b10011111010110100 B
b1101101001100010 (
b1101101001100010 ?
b1110010011000000 '
b1110010011000000 6
b1111100111111010 &
b1111100111111010 -
b1100100 F
b1100100 D
b1100100 =
b1100100 ;
b1100100 4
b1100100 2
b1100100 5
b1100100 >
b1100100 G
b100001000 ,
b10011111010110100 A
b1000100011010110010000011 8
b111111111111111111111111110011111001010010010111 /
1$
#538
0$
#539
b110100110110101000010101011 #
b110100110110101000010101011 0
b1010010010111000000110100 "
b1010010010111000000110100 9
b100000001110101100 !
b100000001110101100 B
b1100001100100010 (
b1100001100100010 ?
b111111101011 '
b111111101011 6
b1111011010101 &
b1111011010101 -
b1100100 F
b1100100 D
b1100100 =
b1100100 ;
b1100100 4
b1100100 2
b1100100 5
b1100100 >
b1100100 G
b100001001 ,
b100000001110101100 A
b1010010010111000000110100 8
b110100110110101000010101011 /
1$
#540
0$
#541
b1011000111100001111011101011 #
b1011000111100001111011101011 0
b111010011111110000001101 "
b111010011111110000001101 9
b0 !
b0 B
b0 (
b0 ?
b11001111000111 '
b11001111000111 6
b11100100000110 &
b11100100000110 -
b1100100 F
b1100100 D
b1100100 =
b1100100 ;
b1100100 4
b1100100 2
b1100100 5
b1100100 >
b1100100 G
b100001010 ,
b0 A
b111010011111110000001101 8
b1011000111100001111011101011 /
1$
#542
0$
#543
b1011110010001001111100111010 #
b1011110010001001111100111010 0
b111110010000001010001 "
b111110010000001010001 9
b111111111111111111111111111111011111110001010100 !
b111111111111111111111111111111011111110001010100 B
b11110011011110 (
b11110011011110 ?
b11111111100000 '
b11111111100000 6
b11111101111111 &
b11111101111111 -
b1100100 F
b1100100 D
b1100100 =
b1100100 ;
b1100100 4
b1100100 2
b1100100 5
b1100100 >
b111111111111111111111111111111011111110001010100 A
b1100100 G
b100001011 ,
b111110010000001010001 8
b1011110010001001111100111010 /
1$
#544
0$
#545
b1000010111111101101010111101 #
b1000010111111101101010111101 0
b111111111111111111111111010001011111100100011010 "
b111111111111111111111111010001011111100100011010 9
b111111111111111111111111111111101100000101001100 !
b111111111111111111111111111111101100000101001100 B
b10010110011110 (
b10010110011110 ?
b10111010100111 '
b10111010100111 6
b11000000000010 &
b11000000000010 -
b1100100 F
b1100100 D
b1100100 =
b1100100 ;
b1100100 4
b1100100 2
b1100100 5
b1100100 >
b1100100 G
b100001100 ,
b111111111111111111111111111111101100000101001100 A
b111111111111111111111111010001011111100100011010 8
b1000010111111101101010111101 /
1$
#546
0$
#547
b10000100011010100000101100 #
b10000100011010100000101100 0
b111111111111111111111110110000100011001000100101 "
b111111111111111111111110110000100011001000100101 9
b10011111010110100 !
b10011111010110100 B
b1101101001100010 (
b1101101001100010 ?
b100000000101 '
b100000000101 6
b111111101011 &
b111111101011 -
b1100100 F
b1100100 D
b1100100 =
b1100100 ;
b1100100 4
b1100100 2
b1100100 5
b1100100 >
b1100100 G
b100001101 ,
b10011111010110100 A
b111111111111111111111110110000100011001000100101 8
b10000100011010100000101100 /
1$
#548
0$
#549
b111111111111111111111011000011000100100010010011 #
b111111111111111111111011000011000100100010010011 0
b111111111111111111111110110100000100011110100100 "
b111111111111111111111110110100000100011110100100 9
b100000001110101100 !
b100000001110101100 B
b1100001100100010 (
b1100001100100010 ?
b1101110110110101 '
b1101110110110101 6
b1110101001010010 &
b1110101001010010 -
b1100100 F
b1100100 D
b1100100 =
b1100100 ;
b1100100 4
b1100100 2
b1100100 5
b1100100 >
b1100100 G
b100001110 ,
b100000001110101100 A
b111111111111111111111110110100000100011110100100 8
b111111111111111111111011000011000100100010010011 /
1$
#550
0$
#551
b111111111111111111110101101111010101011001010111 #
b111111111111111111110101101111010101011001010111 0
b111111111111111111111111011010011100001101010110 "
b111111111111111111111111011010011100001101010110 9
b0 !
b0 B
b0 (
b0 ?
b1100001100100010 '
b1100001100100010 6
b1100110000111001 &
b1100110000111001 -
b1100100 F
b1100100 D
b1100100 =
b1100100 ;
b1100100 4
b1100100 2
b1100100 5
b1100100 >
b1100100 G
b100001111 ,
b0 A
b111111111111111111111111011010011100001101010110 8
b111111111111111111110101101111010101011001010111 /
1$
#552
0$
#553
b111111111111111111110011111110101100101110110110 #
b111111111111111111110011111110101100101110110110 0
b10010000011001110111111 "
b10010000011001110111111 9
b111111111111111111111111111111011111110001010100 !
b111111111111111111111111111111011111110001010100 B
b11110011011110 (
b11110011011110 ?
b1100010001111111 '
b1100010001111111 6
b1100000000001000 &
b1100000000001000 -
b1100100 F
b1100100 D
b1100100 =
b1100100 ;
b1100100 4
b1100100 2
b1100100 5
b1100100 >
b111111111111111111111111111111011111110001010100 A
b1100100 G
b100010000 ,
b10010000011001110111111 8
b111111111111111111110011111110101100101110110110 /
1$
#554
0$
#555
b111111111111111111110110011000000111100101011111 #
b111111111111111111110110011000000111100101011111 0
b1000001011000000011111100 "
b1000001011000000011111100 9
b111111111111111111111111111111101100000101001100 !
b111111111111111111111111111111101100000101001100 B
b10010110011110 (
b10010110011110 ?
b1110000100101011 '
b1110000100101011 6
b1100100111110111 &
b1100100111110111 -
b1100100 F
b1100100 D
b1100100 =
b1100100 ;
b1100100 4
b1100100 2
b1100100 5
b1100100 >
b1100100 G
b100010001 ,
b111111111111111111111111111111101100000101001100 A
b1000001011000000011111100 8
b111111111111111111110110011000000111100101011111 /
1$
#556
0$
#557
b111111111111111111111100000110100010001101100001 #
b111111111111111111111100000110100010001101100001 0
b1010010101100100010000011 "
b1010010101100100010000011 9
b10011111010110100 !
b10011111010110100 B
b1101101001100010 (
b1101101001100010 ?
b101111111110 '
b101111111110 6
b1110011010010101 &
b1110011010010101 -
b1100100 F
b1100100 D
b1100100 =
b1100100 ;
b1100100 4
b1100100 2
b1100100 5
b1100100 >
b1100100 G
b100010010 ,
b10011111010110100 A
b1010010101100100010000011 8
b111111111111111111111100000110100010001101100001 /
1$
#558
0$
#559
b11001011001110011101001001 #
b11001011001110011101001001 0
b111110000011110111100111 "
b111110000011110111100111 9
b100000001110101100 !
b100000001110101100 B
b1100001100100010 (
b1100001100100010 ?
b11000101010000 '
b11000101010000 6
b101111111110 &
b101111111110 -
b1100100 F
b1100100 D
b1100100 =
b1100100 ;
b1100100 4
b1100100 2
b1100100 5
b1100100 >
b1100100 G
b100010011 ,
b100000001110101100 A
b111110000011110111100111 8
b11001011001110011101001001 /
1$
#560
0$
#561
b1001001001101000100100010100 #
b1001001001101000100100010100 0
b1100111100001100110010 "
b1100111100001100110010 9
b0 !
b0 B
b0 (
b0 ?
b100000000000000 '
b100000000000000 6
b10110101000001 &
b10110101000001 -
b1100100 F
b1100100 D
b1100100 =
b1100100 ;
b1100100 4
b1100100 2
b1100100 5
b1100100 >
b1100100 G
b100010100 ,
b0 A
b1100111100001100110010 8
b1001001001101000100100010100 /
1$
#562
0$
#563
b1011111101100000011011000111 #
b1011111101100000011011000111 0
b111111111111111111111111010101111000010111001101 "
b111111111111111111111111010101111000010111001101 9
b111111111111111111111111111111011111110001010100 !
b111111111111111111111111111111011111110001010100 B
b11110011011110 (
b11110011011110 ?
b11000101010000 '
b11000101010000 6
b11111011011110 &
b11111011011110 -
b1100100 F
b1100100 D
b1100100 =
b1100100 ;
b1100100 4
b1100100 2
b1100100 5
b1100100 >
b111111111111111111111111111111011111110001010100 A
b1100100 G
b100010101 ,
b111111111111111111111111010101111000010111001101 8
b1011111101100000011011000111 /
1$
#564
0$
#565
b1010101000101000110000011001 #
b1010101000101000110000011001 0
b111111111111111111111110110010001001101100000000 "
b111111111111111111111110110010001001101100000000 9
b111111111111111111111111111111101100000101001100 !
b111111111111111111111111111111101100000101001100 B
b10010110011110 (
b10010110011110 ?
b101111111110 '
b101111111110 6
b11101010111100 &
b11101010111100 -
b1100100 F
b1100100 D
b1100100 =
b1100100 ;
b1100100 4
b1100100 2
b1100100 5
b1100100 >
b1100100 G
b100010110 ,
b111111111111111111111111111111101100000101001100 A
b111111111111111111111110110010001001101100000000 8
b1010101000101000110000011001 /
1$
#566
0$
#567
b101101000011000000010001100 #
b101101000011000000010001100 0
b10011111010110100 !
b10011111010110100 B
b1101101001100010 (
b1101101001100010 ?
b1110000100101011 '
b1110000100101011 6
b10001001001011 &
b10001001001011 -
b1100100 F
b1100100 D
b1100100 =
b1100100 ;
b1100100 4
b1100100 2
b1100100 5
b1100100 >
b1100100 G
b100010111 ,
b10011111010110100 A
b111111111111111111111110110010001001101100000000 8
b101101000011000000010001100 /
1$
#568
0$
#569
b111111111111111111111110101011011110110100100100 #
b111111111111111111111110101011011110110100100100 0
b111111111111111111111111010101111000010111001101 "
b111111111111111111111111010101111000010111001101 9
b100000001110101100 !
b100000001110101100 B
b1100001100100010 (
b1100001100100010 ?
b1100010001111111 '
b1100010001111111 6
b1111110111111101 &
b1111110111111101 -
b1100100 F
b1100100 D
b1100100 =
b1100100 ;
b1100100 4
b1100100 2
b1100100 5
b1100100 >
b1100100 G
b100011000 ,
b100000001110101100 A
b111111111111111111111111010101111000010111001101 8
b111111111111111111111110101011011110110100100100 /
1$
#570
0$
#571
b111111111111111111111000001011110100010001100110 #
b111111111111111111111000001011110100010001100110 0
b1100111100001100110010 "
b1100111100001100110010 9
b0 !
b0 B
b0 (
b0 ?
b1100001100100010 '
b1100001100100010 6
b1101101001100010 &
b1101101001100010 -
b1100100 F
b1100100 D
b1100100 =
b1100100 ;
b1100100 4
b1100100 2
b1100100 5
b1100100 >
b1100100 G
b100011001 ,
b0 A
b1100111100001100110010 8
b111111111111111111111000001011110100010001100110 /
1$
#572
0$
#573
b111111111111111111110100011001001000100111010111 #
b111111111111111111110100011001001000100111010111 0
b111110000011110111100111 "
b111110000011110111100111 9
b111111111111111111111111111111011111110001010100 !
b111111111111111111111111111111011111110001010100 B
b11110011011110 (
b11110011011110 ?
b1101110110110101 '
b1101110110110101 6
b1100001111001001 &
b1100001111001001 -
b1100100 F
b1100100 D
b1100100 =
b1100100 ;
b1100100 4
b1100100 2
b1100100 5
b1100100 >
b111111111111111111111111111111011111110001010100 A
b1100100 G
b100011010 ,
b111110000011110111100111 8
b111111111111111111110100011001001000100111010111 /
1$
#574
0$
#575
b111111111111111111110100100111010111010100110100 #
b111111111111111111110100100111010111010100110100 0
b1010010101100100010000011 "
b1010010101100100010000011 9
b111111111111111111111111111111101100000101001100 !
b111111111111111111111111111111101100000101001100 B
b10010110011110 (
b10010110011110 ?
b100000000101 '
b100000000101 6
b1100001000000011 &
b1100001000000011 -
b1100100 F
b1100100 D
b1100100 =
b1100100 ;
b1100100 4
b1100100 2
b1100100 5
b1100100 >
b1100100 G
b100011011 ,
b111111111111111111111111111111101100000101001100 A
b1010010101100100010000011 8
b111111111111111111110100100111010111010100110100 /
1$
#576
0$
#577
b111111111111111111111000110001100101011110101100 #
b111111111111111111111000110001100101011110101100 0
b1000001011000000011111100 "
b1000001011000000011111100 9
b10011111010110100 !
b10011111010110100 B
b1101101001100010 (
b1101101001100010 ?
b10111010100111 '
b10111010100111 6
b1101010110101101 &
b1101010110101101 -
b1100100 F
b1100100 D
b1100100 =
b1100100 ;
b1100100 4
b1100100 2
b1100100 5
b1100100 >
b1100100 G
b100011100 ,
b10011111010110100 A
b1000001011000000011111100 8
b111111111111111111111000110001100101011110101100 /
1$
#578
0$
#579
b111111111111111111111111011011101110101001100000 #
b111111111111111111111111011011101110101001100000 0
b10010000011001110111111 "
b10010000011001110111111 9
b100000001110101100 !
b100000001110101100 B
b1100001100100010 (
b1100001100100010 ?
b11111111100000 '
b11111111100000 6
b1111011111111011 &
b1111011111111011 -
b1100100 F
b1100100 D
b1100100 =
b1100100 ;
b1100100 4
b1100100 2
b1100100 5
b1100100 >
b1100100 G
b100011101 ,
b100000001110101100 A
b10010000011001110111111 8
b111111111111111111111111011011101110101001100000 /
1$
#580
0$
#581
b110010010011010101110011110 #
b110010010011010101110011110 0
b111111111111111111111111011010011100001101010110 "
b111111111111111111111111011010011100001101010110 9
b0 !
b0 B
b0 (
b0 ?
b11001111000111 '
b11001111000111 6
b1110100001110 &
b1110100001110 -
b1100100 F
b1100100 D
b1100100 =
b1100100 ;
b1100100 4
b1100100 2
b1100100 5
b1100100 >
b1100100 G
b100011110 ,
b0 A
b111111111111111111111111011010011100001101010110 8
b110010010011010101110011110 /
1$
#582
0$
#583
b1010111101111011111010100010 #
b1010111101111011111010100010 0
b111111111111111111111110110100000100011110100100 "
b111111111111111111111110110100000100011110100100 9
b111111111111111111111111111111011111110001010100 !
b111111111111111111111111111111011111110001010100 B
b11110011011110 (
b11110011011110 ?
b111111101011 '
b111111101011 6
b11100000010101 &
b11100000010101 -
b1100100 F
b1100100 D
b1100100 =
b1100100 ;
b1100100 4
b1100100 2
b1100100 5
b1100100 >
b111111111111111111111111111111011111110001010100 A
b1100100 G
b100011111 ,
b111111111111111111111110110100000100011110100100 8
b1010111101111011111010100010 /
1$
#584
0$
#585
b1011110110101100101111111100 #
b1011110110101100101111111100 0
b111111111111111111111110110000100011001000100101 "
b111111111111111111111110110000100011001000100101 9
b111111111111111111111111111111101100000101001100 !
b111111111111111111111111111111101100000101001100 B
b10010110011110 (
b10010110011110 ?
b1110010011000000 '
b1110010011000000 6
b11111110110111 &
b11111110110111 -
b1100100 F
b1100100 D
b1100100 =
b1100100 ;
b1100100 4
b1100100 2
b1100100 5
b1100100 >
b1100100 G
b100100000 ,
b111111111111111111111111111111101100000101001100 A
b111111111111111111111110110000100011001000100101 8
b1011110110101100101111111100 /
1$
#586
0$
#587
b1000101001000100110101000011 #
b1000101001000100110101000011 0
b111111111111111111111111010001011111100100011010 "
b111111111111111111111111010001011111100100011010 9
b10011111010110100 !
b10011111010110100 B
b1101101001100010 (
b1101101001100010 ?
b1100011000010111 '
b1100011000010111 6
b11000101010000 &
b11000101010000 -
b1100100 F
b1100100 D
b1100100 =
b1100100 ;
b1100100 4
b1100100 2
b1100100 5
b1100100 >
b1100100 G
b100100001 ,
b10011111010110100 A
b111111111111111111111111010001011111100100011010 8
b1000101001000100110101000011 /
1$
#588
0$
#589
b10011100001011010101010010 #
b10011100001011010101010010 0
b111110010000001010001 "
b111110010000001010001 9
b100000001110101100 !
b100000001110101100 B
b1100001100100010 (
b1100001100100010 ?
b1100001000000011 '
b1100001000000011 6
b1000111011011 &
b1000111011011 -
b1100100 F
b1100100 D
b1100100 =
b1100100 ;
b1100100 4
b1100100 2
b1100100 5
b1100100 >
b1100100 G
b100100010 ,
b100000001110101100 A
b111110010000001010001 8
b10011100001011010101010010 /
1$
#590
0$
#591
b111111111111111111111011011001010001000011001000 #
b111111111111111111111011011001010001000011001000 0
b111010011111110000001101 "
b111010011111110000001101 9
b0 !
b0 B
b0 (
b0 ?
b1101101001100010 '
b1101101001100010 6
b1110110000111001 &
b1110110000111001 -
b1100100 F
b1100100 D
b1100100 =
b1100100 ;
b1100100 4
b1100100 2
b1100100 5
b1100100 >
b1100100 G
b100100011 ,
b0 A
b111010011111110000001101 8
b111111111111111111111011011001010001000011001000 /
1$
#592
0$
#593
b111111111111111111110101111100010010010000101101 #
b111111111111111111110101111100010010010000101101 0
b1010010010111000000110100 "
b1010010010111000000110100 9
b111111111111111111111111111111011111110001010100 !
b111111111111111111111111111111011111110001010100 B
b11110011011110 (
b11110011011110 ?
b10000000101 '
b10000000101 6
b1100110101101110 &
b1100110101101110 -
b1100100 F
b1100100 D
b1100100 =
b1100100 ;
b1100100 4
b1100100 2
b1100100 5
b1100100 >
b111111111111111111111111111111011111110001010100 A
b1100100 G
b100100100 ,
b1010010010111000000110100 8
b111111111111111111110101111100010010010000101101 /
1$
#594
0$
#595
b111111111111111111110011111101111011001011100011 #
b111111111111111111110011111101111011001011100011 0
b1000100011010110010000011 "
b1000100011010110010000011 9
b111111111111111111111111111111101100000101001100 !
b111111111111111111111111111111101100000101001100 B
b10010110011110 (
b10010110011110 ?
b10101111010000 '
b10101111010000 6
b1100000000100000 &
b1100000000100000 -
b1100100 F
b1100100 D
b1100100 =
b1100100 ;
b1100100 4
b1100100 2
b1100100 5
b1100100 >
b1100100 G
b100100101 ,
b111111111111111111111111111111101100000101001100 A
b1000100011010110010000011 8
b111111111111111111110011111101111011001011100011 /
1$
#596
0$
#597
b111111111111111111110110001001111000100111100001 #
b111111111111111111110110001001111000100111100001 0
b10111000100100010100110 "
b10111000100100010100110 9
b10011111010110100 !
b10011111010110100 B
b1101101001100010 (
b1101101001100010 ?
b11111101111111 '
b11111101111111 6
b1100100011101010 &
b1100100011101010 -
b1100100 F
b1100100 D
b1100100 =
b1100100 ;
b1100100 4
b1100100 2
b1100100 5
b1100100 >
b1100100 G
b100100110 ,
b10011111010110100 A
b10111000100100010100110 8
b111111111111111111110110001001111000100111100001 /
1$
#598
0$
#599
b111111111111111111111011101111110000101110111111 #
b111111111111111111111011101111110000101110111111 0
b111111111111111111111111011111001000010100111010 "
b111111111111111111111111011111001000010100111010 9
b100000001110101100 !
b100000001110101100 B
b1100001100100010 (
b1100001100100010 ?
b11011000001001 '
b11011000001001 6
b1110010011000000 &
b1110010011000000 -
b1100100 F
b1100100 D
b1100100 =
b1100100 ;
b1100100 4
b1100100 2
b1100100 5
b1100100 >
b1100100 G
b100100111 ,
b100000001110101100 A
b111111111111111111111111011111001000010100111010 8
b111111111111111111111011101111110000101110111111 /
1$
#600
0$
#601
b10110011110010011001011010 #
b10110011110010011001011010 0
b111111111111111111111110110110010001010111100110 "
b111111111111111111111110110110010001010111100110 9
b0 !
b0 B
b0 (
b0 ?
b1001111000111 '
b1001111000111 6
b101000000011 &
b101000000011 -
b1100100 F
b1100100 D
b1100100 =
b1100100 ;
b1100100 4
b1100100 2
b1100100 5
b1100100 >
b1100100 G
b100101000 ,
b0 A
b111111111111111111111110110110010001010111100110 8
b10110011110010011001011010 /
1$
#602
0$
#603
b1000111001101000100110111110 #
b1000111001101000100110111110 0
b111111111111111111111110101111001111111000100111 "
b111111111111111111111110101111001111111000100111 9
b111111111111111111111111111111011111110001010100 !
b111111111111111111111111111111011111110001010100 B
b11110011011110 (
b11110011011110 ?
b1110100001110001 '
b1110100001110001 6
b10101111010000 &
b10101111010000 -
b1100100 F
b1100100 D
b1100100 =
b1100100 ;
b1100100 4
b1100100 2
b1100100 5
b1100100 >
b111111111111111111111111111111011111110001010100 A
b1100100 G
b100101001 ,
b111111111111111111111110101111001111111000100111 8
b1000111001101000100110111110 /
1$
#604
0$
#605
b1011111010011110101000000100 #
b1011111010011110101000000100 0
b111111111111111111111111001101010010001101100010 "
b111111111111111111111111001101010010001101100010 9
b111111111111111111111111111111101100000101001100 !
b111111111111111111111111111111101100000101001100 B
b10010110011110 (
b10010110011110 ?
b1100011111101011 '
b1100011111101011 6
b11111001110101 &
b11111001110101 -
b1100100 F
b1100100 D
b1100100 =
b1100100 ;
b1100100 4
b1100100 2
b1100100 5
b1100100 >
b1100100 G
b100101010 ,
b111111111111111111111111111111101100000101001100 A
b111111111111111111111111001101010010001101100010 8
b1011111010011110101000000100 /
1$
#606
0$
#607
b1010110011101000000110111000 #
b1010110011101000000110111000 0
b10100110000110000010 "
b10100110000110000010 9
b10011111010110100 !
b10011111010110100 B
b1101101001100010 (
b1101101001100010 ?
b1100000100100010 '
b1100000100100010 6
b11101110000001 &
b11101110000001 -
b1100100 F
b1100100 D
b1100100 =
b1100100 ;
b1100100 4
b1100100 2
b1100100 5
b1100100 >
b1100100 G
b100101011 ,
b10011111010110100 A
b10100110000110000010 8
b1010110011101000000110111000 /
1$
#608
0$
#609
b101111101100101010001100010 #
b101111101100101010001100010 0
b110110101101100111001011 "
b110110101101100111001011 9
b100000001110101100 !
b100000001110101100 B
b1100001100100010 (
b1100001100100010 ?
b1101011100110100 '
b1101011100110100 6
b10001111111001 &
b10001111111001 -
b1100100 F
b1100100 D
b1100100 =
b1100100 ;
b1100100 4
b1100100 2
b1100100 5
b1100100 >
b1100100 G
b100101100 ,
b100000001110101100 A
b110110101101100111001011 8
b101111101100101010001100010 /
1$
#610
0$
#611
b111111111111111111111111000011100100100011011111 #
b111111111111111111111111000011100100100011011111 0
b1010001101101111000111111 "
b1010001101101111000111111 9
b0 !
b0 B
b0 (
b0 ?
b0 '
b0 6
b0 &
b0 -
b1100100 F
b1100100 D
b1100100 =
b1100100 ;
b1100100 4
b1100100 2
b1100100 5
b1100100 >
b1100100 G
b100101101 ,
b0 A
b1010001101101111000111111 8
b111111111111111111111111000011100100100011011111 /
1$
#612
0$
#613
b111111111111111111111000011110011101010010101011 #
b111111111111111111111000011110011101010010101011 0
b1000111001101101110101010 "
b1000111001101101110101010 9
b111111111111111111111111111111011111110001010100 !
b111111111111111111111111111111011111110001010100 B
b11110011011110 (
b11110011011110 ?
b10100011001100 '
b10100011001100 6
b1101110000000111 &
b1101110000000111 -
b1100100 F
b1100100 D
b1100100 =
b1100100 ;
b1100100 4
b1100100 2
b1100100 5
b1100100 >
b111111111111111111111111111111011111110001010100 A
b1100100 G
b100101110 ,
b1000111001101101110101010 8
b111111111111111111111000011110011101010010101011 /
1$
#614
0$
#615
b111111111111111111110100011111111000010010000011 #
b111111111111111111110100011111111000010010000011 0
b11100000001101010010001 "
b11100000001101010010001 9
b111111111111111111111111111111101100000101001100 !
b111111111111111111111111111111101100000101001100 B
b10010110011110 (
b10010110011110 ?
b11111011011110 '
b11111011011110 6
b1100010001111111 &
b1100010001111111 -
b1100100 F
b1100100 D
b1100100 =
b1100100 ;
b1100100 4
b1100100 2
b1100100 5
b1100100 >
b1100100 G
b100101111 ,
b111111111111111111111111111111101100000101001100 A
b11100000001101010010001 8
b111111111111111111110100011111111000010010000011 /
1$
#616
0$
#617
b111111111111111111111111100011111110010101101111 "
b111111111111111111111111100011111110010101101111 9
b10011111010110100 !
b10011111010110100 B
b1101101001100010 (
b1101101001100010 ?
b11100000010101 '
b11100000010101 6
b1100000110001011 &
b1100000110001011 -
b1100100 F
b1100100 D
b1100100 =
b1100100 ;
b1100100 4
b1100100 2
b1100100 5
b1100100 >
b1100100 G
b100110000 ,
b10011111010110100 A
b111111111111111111111111100011111110010101101111 8
b111111111111111111110100011111111000010010000011 /
1$
#618
0$
#619
b111111111111111111111000011110011101010010101011 #
b111111111111111111111000011110011101010010101011 0
b111111111111111111111110111000110010010001010110 "
b111111111111111111111110111000110010010001010110 9
b100000001110101100 !
b100000001110101100 B
b1100001100100010 (
b1100001100100010 ?
b1011110001111 '
b1011110001111 6
b1101010000110000 &
b1101010000110000 -
b1100100 F
b1100100 D
b1100100 =
b1100100 ;
b1100100 4
b1100100 2
b1100100 5
b1100100 >
b1100100 G
b100110001 ,
b100000001110101100 A
b111111111111111111111110111000110010010001010110 8
b111111111111111111111000011110011101010010101011 /
1$
#620
0$
#621
b111111111111111111111111000011100100100011011111 #
b111111111111111111111111000011100100100011011111 0
b111111111111111111111110101110010010000111000001 "
b111111111111111111111110101110010010000111000001 9
b0 !
b0 B
b0 (
b0 ?
b1110110000111001 '
b1110110000111001 6
b1111010111111101 &
b1111010111111101 -
b1100100 F
b1100100 D
b1100100 =
b1100100 ;
b1100100 4
b1100100 2
b1100100 5
b1100100 >
b1100100 G
b100110010 ,
b0 A
b111111111111111111111110101110010010000111000001 8
b111111111111111111111111000011100100100011011111 /
1$
#622
0$
#623
b101111101100101010001100010 #
b101111101100101010001100010 0
b111111111111111111111111001001010010011000110101 "
b111111111111111111111111001001010010011000110101 9
b111111111111111111111111111111011111110001010100 !
b111111111111111111111111111111011111110001010100 B
b11110011011110 (
b11110011011110 ?
b1100100111110111 '
b1100100111110111 6
b1101101000000 &
b1101101000000 -
b1100100 F
b1100100 D
b1100100 =
b1100100 ;
b1100100 4
b1100100 2
b1100100 5
b1100100 >
b111111111111111111111111111111011111110001010100 A
b1100100 G
b100110011 ,
b111111111111111111111111001001010010011000110101 8
b101111101100101010001100010 /
1$
#624
0$
#625
b1010110011101000000110111000 #
b1010110011101000000110111000 0
b111111111111111111111111111101011001111001111110 "
b111111111111111111111111111101011001111001111110 9
b111111111111111111111111111111101100000101001100 !
b111111111111111111111111111111101100000101001100 B
b10010110011110 (
b10010110011110 ?
b1100000010000001 '
b1100000010000001 6
b11011100010110 &
b11011100010110 -
b1100100 F
b1100100 D
b1100100 =
b1100100 ;
b1100100 4
b1100100 2
b1100100 5
b1100100 >
b1100100 G
b100110100 ,
b111111111111111111111111111111101100000101001100 A
b111111111111111111111111111101011001111001111110 8
b1010110011101000000110111000 /
1$
#626
0$
#627
b1011111010011110101000000100 #
b1011111010011110101000000100 0
b110010101101110010011110 "
b110010101101110010011110 9
b10011111010110100 !
b10011111010110100 B
b1101101001100010 (
b1101101001100010 ?
b1101010000110000 '
b1101010000110000 6
b11111111100000 &
b11111111100000 -
b1100100 F
b1100100 D
b1100100 =
b1100100 ;
b1100100 4
b1100100 2
b1100100 5
b1100100 >
b1100100 G
b100110101 ,
b10011111010110100 A
b110010101101110010011110 8
b1011111010011110101000000100 /
1$
#628
0$
#629
b1000111001101000100110111110 #
b1000111001101000100110111110 0
b1010000110000000111011001 "
b1010000110000000111011001 9
b100000001110101100 !
b100000001110101100 B
b1100001100100010 (
b1100001100100010 ?
b1111101111111011 '
b1111101111111011 6
b11001010010010 &
b11001010010010 -
b1100100 F
b1100100 D
b1100100 =
b1100100 ;
b1100100 4
b1100100 2
b1100100 5
b1100100 >
b1100100 G
b100110110 ,
b100000001110101100 A
b1010000110000000111011001 8
b1000111001101000100110111110 /
1$
#630
0$
#631
b10110011110010011001011010 #
b10110011110010011001011010 0
b1001001101110101000011010 "
b1001001101110101000011010 9
b0 !
b0 B
b0 (
b0 ?
b10010110011110 '
b10010110011110 6
b1001111000111 &
b1001111000111 -
b1100100 F
b1100100 D
b1100100 =
b1100100 ;
b1100100 4
b1100100 2
b1100100 5
b1100100 >
b1100100 G
b100110111 ,
b0 A
b1001001101110101000011010 8
b10110011110010011001011010 /
1$
#632
0$
#633
b111111111111111111111011101111110000101110111111 #
b111111111111111111111011101111110000101110111111 0
b100000110111101011000110 "
b100000110111101011000110 9
b111111111111111111111111111111011111110001010100 !
b111111111111111111111111111111011111110001010100 B
b11110011011110 (
b11110011011110 ?
b11110111111101 '
b11110111111101 6
b1110111000100101 &
b1110111000100101 -
b1100100 F
b1100100 D
b1100100 =
b1100100 ;
b1100100 4
b1100100 2
b1100100 5
b1100100 >
b111111111111111111111111111111011111110001010100 A
b1100100 G
b100111000 ,
b100000110111101011000110 8
b111111111111111111111011101111110000101110111111 /
1$
#634
0$
#635
b111111111111111111110110001001111000100111100001 #
b111111111111111111110110001001111000100111100001 0
b111111111111111111111111101000111011011101011010 "
b111111111111111111111111101000111011011101011010 9
b111111111111111111111111111111101100000101001100 !
b111111111111111111111111111111101100000101001100 B
b10010110011110 (
b10010110011110 ?
b11100111101001 '
b11100111101001 6
b1100111010110000 &
b1100111010110000 -
b1100100 F
b1100100 D
b1100100 =
b1100100 ;
b1100100 4
b1100100 2
b1100100 5
b1100100 >
b1100100 G
b100111001 ,
b111111111111111111111111111111101100000101001100 A
b111111111111111111111111101000111011011101011010 8
b111111111111111111110110001001111000100111100001 /
1$
#636
0$
#637
b111111111111111111110011111101111011001011100011 #
b111111111111111111110011111101111011001011100011 0
b111111111111111111111110111011100101001101111101 "
b111111111111111111111110111011100101001101111101 9
b10011111010110100 !
b10011111010110100 B
b1101101001100010 (
b1101101001100010 ?
b1101101000000 '
b1101101000000 6
b1100000001001001 &
b1100000001001001 -
b1100100 F
b1100100 D
b1100100 =
b1100100 ;
b1100100 4
b1100100 2
b1100100 5
b1100100 >
b1100100 G
b100111010 ,
b10011111010110100 A
b111111111111111111111110111011100101001101111101 8
b111111111111111111110011111101111011001011100011 /
1$
#638
0$
#639
b111111111111111111110101111100010010010000101101 #
b111111111111111111110101111100010010010000101101 0
b111111111111111111111110101101101000111111001100 "
b111111111111111111111110101101101000111111001100 9
b100000001110101100 !
b100000001110101100 B
b1100001100100010 (
b1100001100100010 ?
b1111000000010101 '
b1111000000010101 6
b1100011111101011 &
b1100011111101011 -
b1100100 F
b1100100 D
b1100100 =
b1100100 ;
b1100100 4
b1100100 2
b1100100 5
b1100100 >
b1100100 G
b100111011 ,
b100000001110101100 A
b111111111111111111111110101101101000111111001100 8
b111111111111111111110101111100010010010000101101 /
1$
#640
0$
#641
b111111111111111111111011011001010001000011001000 #
b111111111111111111111011011001010001000011001000 0
b111111111111111111111111000101100000001111110011 "
b111111111111111111111111000101100000001111110011 9
b0 !
b0 B
b0 (
b0 ?
b1100110000111001 '
b1100110000111001 6
b1110001011110010 &
b1110001011110010 -
b1100100 F
b1100100 D
b1100100 =
b1100100 ;
b1100100 4
b1100100 2
b1100100 5
b1100100 >
b1100100 G
b100111100 ,
b0 A
b111111111111111111111111000101100000001111110011 8
b111111111111111111111011011001010001000011001000 /
1$
#642
0$
#643
b10011100001011010101010010 #
b10011100001011010101010010 0
b111111111111111111111111111000001101111110101111 "
b111111111111111111111111111000001101111110101111 9
b111111111111111111111111111111011111110001010100 !
b111111111111111111111111111111011111110001010100 B
b11110011011110 (
b11110011011110 ?
b1100000000100000 '
b1100000000100000 6
b100000000101 &
b100000000101 -
b1100100 F
b1100100 D
b1100100 =
b1100100 ;
b1100100 4
b1100100 2
b1100100 5
b1100100 >
b111111111111111111111111111111011111110001010100 A
b1100100 G
b100111101 ,
b111111111111111111111111111000001101111110101111 8
b10011100001011010101010010 /
1$
#644
0$
#645
b1000101001000100110101000011 #
b1000101001000100110101000011 0
b101110100000011011100110 "
b101110100000011011100110 9
b111111111111111111111111111111101100000101001100 !
b111111111111111111111111111111101100000101001100 B
b10010110011110 (
b10010110011110 ?
b1101000101011001 '
b1101000101011001 6
b10101001010011 &
b10101001010011 -
b1100100 F
b1100100 D
b1100100 =
b1100100 ;
b1100100 4
b1100100 2
b1100100 5
b1100100 >
b1100100 G
b100111110 ,
b111111111111111111111111111111101100000101001100 A
b101110100000011011100110 8
b1000101001000100110101000011 /
1$
#646
0$
#647
b1011110110101100101111111100 #
b1011110110101100101111111100 0
b1001111011100110111011011 "
b1001111011100110111011011 9
b10011111010110100 !
b10011111010110100 B
b1101101001100010 (
b1101101001100010 ?
b1111011111111011 '
b1111011111111011 6
b11110111111101 &
b11110111111101 -
b1100100 F
b1100100 D
b1100100 =
b1100100 ;
b1100100 4
b1100100 2
b1100100 5
b1100100 >
b1100100 G
b100111111 ,
b10011111010110100 A
b1001111011100110111011011 8
b1011110110101100101111111100 /
1$
#648
0$
#649
b1010111101111011111010100010 #
b1010111101111011111010100010 0
b1001011111011100001011100 "
b1001011111011100001011100 9
b100000001110101100 !
b100000001110101100 B
b1100001100100010 (
b1100001100100010 ?
b10001001001011 '
b10001001001011 6
b11110000110111 &
b11110000110111 -
b1100100 F
b1100100 D
b1100100 =
b1100100 ;
b1100100 4
b1100100 2
b1100100 5
b1100100 >
b1100100 G
b101000000 ,
b100000001110101100 A
b1001011111011100001011100 8
b1010111101111011111010100010 /
1$
#650
0$
#651
b110010010011010101110011110 #
b110010010011010101110011110 0
b100101100011110010101010 "
b100101100011110010101010 9
b0 !
b0 B
b0 (
b0 ?
b11110011011110 '
b11110011011110 6
b10010110011110 &
b10010110011110 -
b1100100 F
b1100100 D
b1100100 =
b1100100 ;
b1100100 4
b1100100 2
b1100100 5
b1100100 >
b1100100 G
b101000001 ,
b0 A
b100101100011110010101010 8
b110010010011010101110011110 /
1$
#652
0$
#653
b111111111111111111111111011011101110101001100000 #
b111111111111111111111111011011101110101001100000 0
b111111111111111111111111101101111100110001000001 "
b111111111111111111111111101101111100110001000001 9
b111111111111111111111111111111011111110001010100 !
b111111111111111111111111111111011111110001010100 B
b11110011011110 (
b11110011011110 ?
b11101110000001 '
b11101110000001 6
b1000000011 &
b1000000011 -
b1100100 F
b1100100 D
b1100100 =
b1100100 ;
b1100100 4
b1100100 2
b1100100 5
b1100100 >
b111111111111111111111111111111011111110001010100 A
b1100100 G
b101000010 ,
b111111111111111111111111101101111100110001000001 8
b111111111111111111111111011011101110101001100000 /
1$
#654
0$
#655
b111111111111111111111000110001100101011110101100 #
b111111111111111111111000110001100101011110101100 0
b111111111111111111111110111110100111111100000100 "
b111111111111111111111110111110100111111100000100 9
b111111111111111111111111111111101100000101001100 !
b111111111111111111111111111111101100000101001100 B
b10010110011110 (
b10010110011110 ?
b1111011010101 '
b1111011010101 6
b1101110110110101 &
b1101110110110101 -
b1100100 F
b1100100 D
b1100100 =
b1100100 ;
b1100100 4
b1100100 2
b1100100 5
b1100100 >
b1100100 G
b101000011 ,
b111111111111111111111111111111101100000101001100 A
b111111111111111111111110111110100111111100000100 8
b111111111111111111111000110001100101011110101100 /
1$
#656
0$
#657
b111111111111111111110100100111010111010100110100 #
b111111111111111111110100100111010111010100110100 0
b111111111111111111111110101101010011011101111101 "
b111111111111111111111110101101010011011101111101 9
b10011111010110100 !
b10011111010110100 B
b1101101001100010 (
b1101101001100010 ?
b1111010000000010 '
b1111010000000010 6
b1100010101000100 &
b1100010101000100 -
b1100100 F
b1100100 D
b1100100 =
b1100100 ;
b1100100 4
b1100100 2
b1100100 5
b1100100 >
b1100100 G
b101000100 ,
b10011111010110100 A
b111111111111111111111110101101010011011101111101 8
b111111111111111111110100100111010111010100110100 /
1$
#658
0$
#659
b111111111111111111110100011001001000100111010111 #
b111111111111111111110100011001001000100111010111 0
b111111111111111111111111000001111100001000011001 "
b111111111111111111111111000001111100001000011001 9
b100000001110101100 !
b100000001110101100 B
b1100001100100010 (
b1100001100100010 ?
b1100111010110000 '
b1100111010110000 6
b1100000100100010 &
b1100000100100010 -
b1100100 F
b1100100 D
b1100100 =
b1100100 ;
b1100100 4
b1100100 2
b1100100 5
b1100100 >
b1100100 G
b101000101 ,
b100000001110101100 A
b111111111111111111111111000001111100001000011001 8
b111111111111111111110100011001001000100111010111 /
1$
#660
0$
#661
b111111111111111111111000001011110100010001100110 #
b111111111111111111111000001011110100010001100110 0
b111111111111111111111111110011000011110011001110 "
b111111111111111111111111110011000011110011001110 9
b0 !
b0 B
b0 (
b0 ?
b1100000000000000 '
b1100000000000000 6
b1101001010111111 &
b1101001010111111 -
b1100100 F
b1100100 D
b1100100 =
b1100100 ;
b1100100 4
b1100100 2
b1100100 5
b1100100 >
b1100100 G
b101000110 ,
b0 A
b111111111111111111111111110011000011110011001110 8
b111111111111111111111000001011110100010001100110 /
1$
#662
0$
#663
b111111111111111111111110101011011110110100100100 #
b111111111111111111111110101011011110110100100100 0
b101010000111101000110011 "
b101010000111101000110011 9
b111111111111111111111111111111011111110001010100 !
b111111111111111111111111111111011111110001010100 B
b11110011011110 (
b11110011011110 ?
b1100111010110000 '
b1100111010110000 6
b1111010000000010 &
b1111010000000010 -
b1100100 F
b1100100 D
b1100100 =
b1100100 ;
b1100100 4
b1100100 2
b1100100 5
b1100100 >
b111111111111111111111111111111011111110001010100 A
b1100100 G
b101000111 ,
b101010000111101000110011 8
b111111111111111111111110101011011110110100100100 /
1$
#664
0$
#665
b101101000011000000010001100 #
b101101000011000000010001100 0
b1001101110110010100000000 "
b1001101110110010100000000 9
b111111111111111111111111111111101100000101001100 !
b111111111111111111111111111111101100000101001100 B
b10010110011110 (
b10010110011110 ?
b1111010000000010 '
b1111010000000010 6
b1100101101011 &
b1100101101011 -
b1100100 F
b1100100 D
b1100100 =
b1100100 ;
b1100100 4
b1100100 2
b1100100 5
b1100100 >
b1100100 G
b101001000 ,
b111111111111111111111111111111101100000101001100 A
b1001101110110010100000000 8
b101101000011000000010001100 /
1$
#666
0$
#667
b1010101000101000110000011001 #
b1010101000101000110000011001 0
b10011111010110100 !
b10011111010110100 B
b1101101001100010 (
b1101101001100010 ?
b1111011010101 '
b1111011010101 6
b11011000001001 &
b11011000001001 -
b1100100 F
b1100100 D
b1100100 =
b1100100 ;
b1100100 4
b1100100 2
b1100100 5
b1100100 >
b1100100 G
b101001001 ,
b10011111010110100 A
b1001101110110010100000000 8
b1010101000101000110000011001 /
1$
#668
0$
#669
b1011111101100000011011000111 #
b1011111101100000011011000111 0
b101010000111101000110011 "
b101010000111101000110011 9
b100000001110101100 !
b100000001110101100 B
b1100001100100010 (
b1100001100100010 ?
b11101110000001 '
b11101110000001 6
b11111111111000 &
b11111111111000 -
b1100100 F
b1100100 D
b1100100 =
b1100100 ;
b1100100 4
b1100100 2
b1100100 5
b1100100 >
b1100100 G
b101001010 ,
b100000001110101100 A
b101010000111101000110011 8
b1011111101100000011011000111 /
1$
#670
0$
#671
b1001001001101000100100010100 #
b1001001001101000100100010100 0
b111111111111111111111111110011000011110011001110 "
b111111111111111111111111110011000011110011001110 9
b0 !
b0 B
b0 (
b0 ?
b11110011011110 '
b11110011011110 6
b11001111000111 &
b11001111000111 -
b1100100 F
b1100100 D
b1100100 =
b1100100 ;
b1100100 4
b1100100 2
b1100100 5
b1100100 >
b1100100 G
b101001011 ,
b0 A
b111111111111111111111111110011000011110011001110 8
b1001001001101000100100010100 /
1$
#672
0$
#673
b11001011001110011101001001 #
b11001011001110011101001001 0
b111111111111111111111111000001111100001000011001 "
b111111111111111111111111000001111100001000011001 9
b111111111111111111111111111111011111110001010100 !
b111111111111111111111111111111011111110001010100 B
b11110011011110 (
b11110011011110 ?
b10001001001011 '
b10001001001011 6
b1010110101110 &
b1010110101110 -
b1100100 F
b1100100 D
b1100100 =
b1100100 ;
b1100100 4
b1100100 2
b1100100 5
b1100100 >
b111111111111111111111111111111011111110001010100 A
b1100100 G
b101001100 ,
b111111111111111111111111000001111100001000011001 8
b11001011001110011101001001 /
1$
#674
0$
#675
b111111111111111111111100000110100010001101100001 #
b111111111111111111111100000110100010001101100001 0
b111111111111111111111110101101010011011101111101 "
b111111111111111111111110101101010011011101111101 9
b111111111111111111111111111111101100000101001100 !
b111111111111111111111111111111101100000101001100 B
b10010110011110 (
b10010110011110 ?
b1111011111111011 '
b1111011111111011 6
b1111000000010101 &
b1111000000010101 -
b1100100 F
b1100100 D
b1100100 =
b1100100 ;
b1100100 4
b1100100 2
b1100100 5
b1100100 >
b1100100 G
b101001101 ,
b111111111111111111111111111111101100000101001100 A
b111111111111111111111110101101010011011101111101 8
b111111111111111111111100000110100010001101100001 /
1$
#676
0$
#677
b111111111111111111110110011000000111100101011111 #
b111111111111111111110110011000000111100101011111 0
b111111111111111111111110111110100111111100000100 "
b111111111111111111111110111110100111111100000100 9
b10011111010110100 !
b10011111010110100 B
b1101101001100010 (
b1101101001100010 ?
b1101000101011001 '
b1101000101011001 6
b1100111111111110 &
b1100111111111110 -
b1100100 F
b1100100 D
b1100100 =
b1100100 ;
b1100100 4
b1100100 2
b1100100 5
b1100100 >
b1100100 G
b101001110 ,
b10011111010110100 A
b111111111111111111111110111110100111111100000100 8
b111111111111111111110110011000000111100101011111 /
1$
#678
0$
#679
b111111111111111111110011111110101100101110110110 #
b111111111111111111110011111110101100101110110110 0
b111111111111111111111111101101111100110001000001 "
b111111111111111111111111101101111100110001000001 9
b100000001110101100 !
b100000001110101100 B
b1100001100100010 (
b1100001100100010 ?
b1100000000100000 '
b1100000000100000 6
b1100000010000001 &
b1100000010000001 -
b1100100 F
b1100100 D
b1100100 =
b1100100 ;
b1100100 4
b1100100 2
b1100100 5
b1100100 >
b1100100 G
b101001111 ,
b100000001110101100 A
b111111111111111111111111101101111100110001000001 8
b111111111111111111110011111110101100101110110110 /
1$
#680
0$
#681
b111111111111111111110101101111010101011001010111 #
b111111111111111111110101101111010101011001010111 0
b100101100011110010101010 "
b100101100011110010101010 9
b0 !
b0 B
b0 (
b0 ?
b1100110000111001 '
b1100110000111001 6
b1100011011111010 &
b1100011011111010 -
b1100100 F
b1100100 D
b1100100 =
b1100100 ;
b1100100 4
b1100100 2
b1100100 5
b1100100 >
b1100100 G
b101010000 ,
b0 A
b100101100011110010101010 8
b111111111111111111110101101111010101011001010111 /
1$
#682
0$
#683
b111111111111111111111011000011000100100010010011 #
b111111111111111111111011000011000100100010010011 0
b1001011111011100001011100 "
b1001011111011100001011100 9
b111111111111111111111111111111011111110001010100 !
b111111111111111111111111111111011111110001010100 B
b11110011011110 (
b11110011011110 ?
b1111000000010101 '
b1111000000010101 6
b1110000100101011 &
b1110000100101011 -
b1100100 F
b1100100 D
b1100100 =
b1100100 ;
b1100100 4
b1100100 2
b1100100 5
b1100100 >
b111111111111111111111111111111011111110001010100 A
b1100100 G
b101010001 ,
b1001011111011100001011100 8
b111111111111111111111011000011000100100010010011 /
1$
#684
0$
#685
b10000100011010100000101100 #
b10000100011010100000101100 0
b1001111011100110111011011 "
b1001111011100110111011011 9
b111111111111111111111111111111101100000101001100 !
b111111111111111111111111111111101100000101001100 B
b10010110011110 (
b10010110011110 ?
b1101101000000 '
b1101101000000 6
b11000000110 &
b11000000110 -
b1100100 F
b1100100 D
b1100100 =
b1100100 ;
b1100100 4
b1100100 2
b1100100 5
b1100100 >
b1100100 G
b101010010 ,
b111111111111111111111111111111101100000101001100 A
b1001111011100110111011011 8
b10000100011010100000101100 /
1$
#686
0$
#687
b1000010111111101101010111101 #
b1000010111111101101010111101 0
b101110100000011011100110 "
b101110100000011011100110 9
b10011111010110100 !
b10011111010110100 B
b1101101001100010 (
b1101101001100010 ?
b11100111101001 '
b11100111101001 6
b10100011001100 &
b10100011001100 -
b1100100 F
b1100100 D
b1100100 =
b1100100 ;
b1100100 4
b1100100 2
b1100100 5
b1100100 >
b1100100 G
b101010011 ,
b10011111010110100 A
b101110100000011011100110 8
b1000010111111101101010111101 /
1$
#688
0$
#689
b1011110010001001111100111010 #
b1011110010001001111100111010 0
b111111111111111111111111111000001101111110101111 "
b111111111111111111111111111000001101111110101111 9
b100000001110101100 !
b100000001110101100 B
b1100001100100010 (
b1100001100100010 ?
b11110111111101 '
b11110111111101 6
b11110101110101 &
b11110101110101 -
b1100100 F
b1100100 D
b1100100 =
b1100100 ;
b1100100 4
b1100100 2
b1100100 5
b1100100 >
b1100100 G
b101010100 ,
b100000001110101100 A
b111111111111111111111111111000001101111110101111 8
b1011110010001001111100111010 /
1$
#690
0$
#691
b1011000111100001111011101011 #
b1011000111100001111011101011 0
b111111111111111111111111000101100000001111110011 "
b111111111111111111111111000101100000001111110011 9
b0 !
b0 B
b0 (
b0 ?
b10010110011110 '
b10010110011110 6
b11110011011110 &
b11110011011110 -
b1100100 F
b1100100 D
b1100100 =
b1100100 ;
b1100100 4
b1100100 2
b1100100 5
b1100100 >
b1100100 G
b101010101 ,
b0 A
b111111111111111111111111000101100000001111110011 8
b1011000111100001111011101011 /
1$
#692
0$
#693
b110100110110101000010101011 #
b110100110110101000010101011 0
b111111111111111111111110101101101000111111001100 "
b111111111111111111111110101101101000111111001100 9
b111111111111111111111111111111011111110001010100 !
b111111111111111111111111111111011111110001010100 B
b11110011011110 (
b11110011011110 ?
b1111101111111011 '
b1111101111111011 6
b10011100111010 &
b10011100111010 -
b1100100 F
b1100100 D
b1100100 =
b1100100 ;
b1100100 4
b1100100 2
b1100100 5
b1100100 >
b111111111111111111111111111111011111110001010100 A
b1100100 G
b101010110 ,
b111111111111111111111110101101101000111111001100 8
b110100110110101000010101011 /
1$
#694
0$
#695
b111111111111111111111111110011111001010010010111 #
b111111111111111111111111110011111001010010010111 0
b111111111111111111111110111011100101001101111101 "
b111111111111111111111110111011100101001101111101 9
b111111111111111111111111111111101100000101001100 !
b111111111111111111111111111111101100000101001100 B
b10010110011110 (
b10010110011110 ?
b1101010000110000 '
b1101010000110000 6
b10000000101 &
b10000000101 -
b1100100 F
b1100100 D
b1100100 =
b1100100 ;
b1100100 4
b1100100 2
b1100100 5
b1100100 >
b1100100 G
b101010111 ,
b111111111111111111111111111111101100000101001100 A
b111111111111111111111110111011100101001101111101 8
b111111111111111111111111110011111001010010010111 /
1$
#696
0$
#697
b111111111111111111111001000101001001010101110010 #
b111111111111111111111001000101001001010101110010 0
b111111111111111111111111101000111011011101011010 "
b111111111111111111111111101000111011011101011010 9
b10011111010110100 !
b10011111010110100 B
b1101101001100010 (
b1101101001100010 ?
b1100000010000001 '
b1100000010000001 6
b1101111101101100 &
b1101111101101100 -
b1100100 F
b1100100 D
b1100100 =
b1100100 ;
b1100100 4
b1100100 2
b1100100 5
b1100100 >
b1100100 G
b101011000 ,
b10011111010110100 A
b111111111111111111111111101000111011011101011010 8
b111111111111111111111001000101001001010101110010 /
1$
#698
0$
#699
b111111111111111111110100101111100011010001000100 #
b111111111111111111110100101111100011010001000100 0
b100000110111101011000110 "
b100000110111101011000110 9
b100000001110101100 !
b100000001110101100 B
b1100001100100010 (
b1100001100100010 ?
b1100100111110111 '
b1100100111110111 6
b1100011000010111 &
b1100011000010111 -
b1100100 F
b1100100 D
b1100100 =
b1100100 ;
b1100100 4
b1100100 2
b1100100 5
b1100100 >
b1100100 G
b101011001 ,
b100000001110101100 A
b100000110111101011000110 8
b111111111111111111110100101111100011010001000100 /
1$
#700
0$
#701
b111111111111111111110100010011000111010001001111 #
b111111111111111111110100010011000111010001001111 0
b1001001101110101000011010 "
b1001001101110101000011010 9
b0 !
b0 B
b0 (
b0 ?
b1110110000111001 '
b1110110000111001 6
b1100000011001010 &
b1100000011001010 -
b1100100 F
b1100100 D
b1100100 =
b1100100 ;
b1100100 4
b1100100 2
b1100100 5
b1100100 >
b1100100 G
b101011010 ,
b0 A
b1001001101110101000011010 8
b111111111111111111110100010011000111010001001111 /
1$
#702
0$
#703
b111111111111111111110111111001101010110010011000 #
b111111111111111111110111111001101010110010011000 0
b1010000110000000111011001 "
b1010000110000000111011001 9
b111111111111111111111111111111011111110001010100 !
b111111111111111111111111111111011111110001010100 B
b11110011011110 (
b11110011011110 ?
b1011110001111 '
b1011110001111 6
b1101000101011001 &
b1101000101011001 -
b1100100 F
b1100100 D
b1100100 =
b1100100 ;
b1100100 4
b1100100 2
b1100100 5
b1100100 >
b111111111111111111111111111111011111110001010100 A
b1100100 G
b101011011 ,
b1010000110000000111011001 8
b111111111111111111110111111001101010110010011000 /
1$
#704
0$
#705
b111111111111111111111110010011011110110011101000 #
b111111111111111111111110010011011110110011101000 0
b110010101101110010011110 "
b110010101101110010011110 9
b111111111111111111111111111111101100000101001100 !
b111111111111111111111111111111101100000101001100 B
b10010110011110 (
b10010110011110 ?
b11100000010101 '
b11100000010101 6
b1111001000001010 &
b1111001000001010 -
b1100100 F
b1100100 D
b1100100 =
b1100100 ;
b1100100 4
b1100100 2
b1100100 5
b1100100 >
b1100100 G
b101011100 ,
b111111111111111111111111111111101100000101001100 A
b110010101101110010011110 8
b111111111111111111111110010011011110110011101000 /
1$
#706
0$
#707
b101010010110100101011100000 #
b101010010110100101011100000 0
b111111111111111111111111111101011001111001111110 "
b111111111111111111111111111101011001111001111110 9
b10011111010110100 !
b10011111010110100 B
b1101101001100010 (
b1101101001100010 ?
b11111011011110 '
b11111011011110 6
b1011110001111 &
b1011110001111 -
b1100100 F
b1100100 D
b1100100 =
b1100100 ;
b1100100 4
b1100100 2
b1100100 5
b1100100 >
b1100100 G
b101011101 ,
b10011111010110100 A
b111111111111111111111111111101011001111001111110 8
b101010010110100101011100000 /
1$
#708
0$
#709
b1010011100111111000110100111 #
b1010011100111111000110100111 0
b111111111111111111111111001001010010011000110101 "
b111111111111111111111111001001010010011000110101 9
b100000001110101100 !
b100000001110101100 B
b1100001100100010 (
b1100001100100010 ?
b10100011001100 '
b10100011001100 6
b11010011101111 &
b11010011101111 -
b1100100 F
b1100100 D
b1100100 =
b1100100 ;
b1100100 4
b1100100 2
b1100100 5
b1100100 >
b1100100 G
b101011110 ,
b100000001110101100 A
b111111111111111111111111001001010010011000110101 8
b1010011100111111000110100111 /
1$
#710
0$
#711
b1011111111110010010111111010 #
b1011111111110010010111111010 0
b111111111111111111111110101110010010000111000001 "
b111111111111111111111110101110010010000111000001 9
b0 !
b0 B
b0 (
b0 ?
b0 '
b0 6
b100000000000000 &
b100000000000000 -
b1100100 F
b1100100 D
b1100100 =
b1100100 ;
b1100100 4
b1100100 2
b1100100 5
b1100100 >
b1100100 G
b101011111 ,
b0 A
b111111111111111111111110101110010010000111000001 8
b1011111111110010010111111010 /
1$
#712
0$
#713
b1001011001000011101010110111 #
b1001011001000011101010110111 0
b111111111111111111111110111000110010010001010110 "
b111111111111111111111110111000110010010001010110 9
b111111111111111111111111111111011111110001010100 !
b111111111111111111111111111111011111110001010100 B
b11110011011110 (
b11110011011110 ?
b1101011100110100 '
b1101011100110100 6
b11010011101111 &
b11010011101111 -
b1100100 F
b1100100 D
b1100100 =
b1100100 ;
b1100100 4
b1100100 2
b1100100 5
b1100100 >
b111111111111111111111111111111011111110001010100 A
b1100100 G
b101100000 ,
b111111111111111111111110111000110010010001010110 8
b1001011001000011101010110111 /
1$
#714
0$
#715
b11100010011101010110000011 #
b11100010011101010110000011 0
b111111111111111111111111100011111110010101101111 "
b111111111111111111111111100011111110010101101111 9
b111111111111111111111111111111101100000101001100 !
b111111111111111111111111111111101100000101001100 B
b10010110011110 (
b10010110011110 ?
b1100000100100010 '
b1100000100100010 6
b1011110001111 &
b1011110001111 -
b1100100 F
b1100100 D
b1100100 =
b1100100 ;
b1100100 4
b1100100 2
b1100100 5
b1100100 >
b1100100 G
b101100001 ,
b111111111111111111111111111111101100000101001100 A
b111111111111111111111111100011111110010101101111 8
b11100010011101010110000011 /
1$
#716
0$
#717
b111111111111111111111100011101100010101001111101 #
b111111111111111111111100011101100010101001111101 0
b11100000001101010010001 "
b11100000001101010010001 9
b10011111010110100 !
b10011111010110100 B
b1101101001100010 (
b1101101001100010 ?
b1100011111101011 '
b1100011111101011 6
b1111001000001010 &
b1111001000001010 -
b1100100 F
b1100100 D
b1100100 =
b1100100 ;
b1100100 4
b1100100 2
b1100100 5
b1100100 >
b1100100 G
b101100010 ,
b10011111010110100 A
b11100000001101010010001 8
b111111111111111111111100011101100010101001111101 /
1$
#718
0$
#719
b111111111111111111110110100110111100010101001001 #
b111111111111111111110110100110111100010101001001 0
b1000111001101101110101010 "
b1000111001101101110101010 9
b100000001110101100 !
b100000001110101100 B
b1100001100100010 (
b1100001100100010 ?
b1110100001110001 '
b1110100001110001 6
b1101000101011001 &
b1101000101011001 -
b1100100 F
b1100100 D
b1100100 =
b1100100 ;
b1100100 4
b1100100 2
b1100100 5
b1100100 >
b1100100 G
b101100011 ,
b100000001110101100 A
b1000111001101101110101010 8
b111111111111111111110110100110111100010101001001 /
1$
#720
0$
#721
b111111111111111111110100000000001101101000000110 #
b111111111111111111110100000000001101101000000110 0
b1010001101101111000111111 "
b1010001101101111000111111 9
b0 !
b0 B
b0 (
b0 ?
b1001111000111 '
b1001111000111 6
b1100000011001010 &
b1100000011001010 -
b1100100 F
b1100100 D
b1100100 =
b1100100 ;
b1100100 4
b1100100 2
b1100100 5
b1100100 >
b1100100 G
b101100100 ,
b0 A
b1010001101101111000111111 8
b111111111111111111110100000000001101101000000110 /
1$
#722
0$
#723
b111111111111111111110101100011000000111001011001 #
b111111111111111111110101100011000000111001011001 0
b110110101101100111001011 "
b110110101101100111001011 9
b111111111111111111111111111111011111110001010100 !
b111111111111111111111111111111011111110001010100 B
b11110011011110 (
b11110011011110 ?
b11011000001001 '
b11011000001001 6
b1100011000010111 &
b1100011000010111 -
b1100100 F
b1100100 D
b1100100 =
b1100100 ;
b1100100 4
b1100100 2
b1100100 5
b1100100 >
b111111111111111111111111111111011111110001010100 A
b1100100 G
b101100101 ,
b110110101101100111001011 8
b111111111111111111110101100011000000111001011001 /
1$
#724
0$
#725
b111111111111111111111010101101001011010100100000 #
b111111111111111111111010101101001011010100100000 0
b10100110000110000010 "
b10100110000110000010 9
b111111111111111111111111111111101100000101001100 !
b111111111111111111111111111111101100000101001100 B
b10010110011110 (
b10010110011110 ?
b11111101111111 '
b11111101111111 6
b1101111101101100 &
b1101111101101100 -
b1100100 F
b1100100 D
b1100100 =
b1100100 ;
b1100100 4
b1100100 2
b1100100 5
b1100100 >
b1100100 G
b101100110 ,
b111111111111111111111111111111101100000101001100 A
b10100110000110000010 8
b111111111111111111111010101101001011010100100000 /
1$
#726
0$
#727
b1101100100001001100011000 #
b1101100100001001100011000 0
b111111111111111111111111001101010010001101100010 "
b111111111111111111111111001101010010001101100010 9
b10011111010110100 !
b10011111010110100 B
b1101101001100010 (
b1101101001100010 ?
b10101111010000 '
b10101111010000 6
b10000000101 &
b10000000101 -
b1100100 F
b1100100 D
b1100100 =
b1100100 ;
b1100100 4
b1100100 2
b1100100 5
b1100100 >
b1100100 G
b101100111 ,
b10011111010110100 A
b111111111111111111111111001101010010001101100010 8
b1101100100001001100011000 /
1$
#728
0$
#729
b1000000110010101001101101000 #
b1000000110010101001101101000 0
b111111111111111111111110101111001111111000100111 "
b111111111111111111111110101111001111111000100111 9
b100000001110101100 !
b100000001110101100 B
b1100001100100010 (
b1100001100100010 ?
b10000000101 '
b10000000101 6
b10011100111010 &
b10011100111010 -
b1100100 F
b1100100 D
b1100100 =
b1100100 ;
b1100100 4
b1100100 2
b1100100 5
b1100100 >
b1100100 G
b101101000 ,
b100000001110101100 A
b111111111111111111111110101111001111111000100111 8
b1000000110010101001101101000 /
1$
#730
0$
#731
b1011101100111000101110110001 #
b1011101100111000101110110001 0
b111111111111111111111110110110010001010111100110 "
b111111111111111111111110110110010001010111100110 9
b0 !
b0 B
b0 (
b0 ?
b1101101001100010 '
b1101101001100010 6
b11110011011110 &
b11110011011110 -
b1100100 F
b1100100 D
b1100100 =
b1100100 ;
b1100100 4
b1100100 2
b1100100 5
b1100100 >
b1100100 G
b101101001 ,
b0 A
b111111111111111111111110110110010001010111100110 8
b1011101100111000101110110001 /
1$
#732
0$
#733
b1011010000011100101110111100 #
b1011010000011100101110111100 0
b111111111111111111111111011111001000010100111010 "
b111111111111111111111111011111001000010100111010 9
b111111111111111111111111111111011111110001010100 !
b111111111111111111111111111111011111110001010100 B
b11110011011110 (
b11110011011110 ?
b1100001000000011 '
b1100001000000011 6
b11110101110101 &
b11110101110101 -
b1100100 F
b1100100 D
b1100100 =
b1100100 ;
b1100100 4
b1100100 2
b1100100 5
b1100100 >
b111111111111111111111111111111011111110001010100 A
b1100100 G
b101101010 ,
b111111111111111111111111011111001000010100111010 8
b1011010000011100101110111100 /
1$
#734
0$
#735
b110111010110110101010001110 #
b110111010110110101010001110 0
b10111000100100010100110 "
b10111000100100010100110 9
b111111111111111111111111111111101100000101001100 !
b111111111111111111111111111111101100000101001100 B
b10010110011110 (
b10010110011110 ?
b1100011000010111 '
b1100011000010111 6
b10100011001100 &
b10100011001100 -
b1100100 F
b1100100 D
b1100100 =
b1100100 ;
b1100100 4
b1100100 2
b1100100 5
b1100100 >
b1100100 G
b101101011 ,
b111111111111111111111111111111101100000101001100 A
b10111000100100010100110 8
b110111010110110101010001110 /
1$
#736
0$
#737
b1100000110101101101001 #
b1100000110101101101001 0
b1000100011010110010000011 "
b1000100011010110010000011 9
b10011111010110100 !
b10011111010110100 B
b1101101001100010 (
b1101101001100010 ?
b1110010011000000 '
b1110010011000000 6
b11000000110 &
b11000000110 -
b1100100 F
b1100100 D
b1100100 =
b1100100 ;
b1100100 4
b1100100 2
b1100100 5
b1100100 >
b1100100 G
b101101100 ,
b10011111010110100 A
b1000100011010110010000011 8
b1100000110101101101001 /
1$
#738
0$
#739
b111111111111111111111001011001001010111101010101 #
b111111111111111111111001011001001010111101010101 0
b1010010010111000000110100 "
b1010010010111000000110100 9
b100000001110101100 !
b100000001110101100 B
b1100001100100010 (
b1100001100100010 ?
b111111101011 '
b111111101011 6
b1110000100101011 &
b1110000100101011 -
b1100100 F
b1100100 D
b1100100 =
b1100100 ;
b1100100 4
b1100100 2
b1100100 5
b1100100 >
b1100100 G
b101101101 ,
b100000001110101100 A
b1010010010111000000110100 8
b111111111111111111111001011001001010111101010101 /
1$
#740
0$
#741
b111111111111111111110100111000011110000100010101 #
b111111111111111111110100111000011110000100010101 0
b111010011111110000001101 "
b111010011111110000001101 9
b0 !
b0 B
b0 (
b0 ?
b11001111000111 '
b11001111000111 6
b1100011011111010 &
b1100011011111010 -
b1100100 F
b1100100 D
b1100100 =
b1100100 ;
b1100100 4
b1100100 2
b1100100 5
b1100100 >
b1100100 G
b101101110 ,
b0 A
b111010011111110000001101 8
b111111111111111111110100111000011110000100010101 /
1$
#742
0$
#743
b111111111111111111110100001101110110000011000110 #
b111111111111111111110100001101110110000011000110 0
b111110010000001010001 "
b111110010000001010001 9
b111111111111111111111111111111011111110001010100 !
b111111111111111111111111111111011111110001010100 B
b11110011011110 (
b11110011011110 ?
b11111111100000 '
b11111111100000 6
b1100000010000001 &
b1100000010000001 -
b1100100 F
b1100100 D
b1100100 =
b1100100 ;
b1100100 4
b1100100 2
b1100100 5
b1100100 >
b111111111111111111111111111111011111110001010100 A
b1100100 G
b101101111 ,
b111110010000001010001 8
b111111111111111111110100001101110110000011000110 /
1$
#744
0$
#745
b111111111111111111110111101000000010010101000011 #
b111111111111111111110111101000000010010101000011 0
b111111111111111111111111010001011111100100011010 "
b111111111111111111111111010001011111100100011010 9
b111111111111111111111111111111101100000101001100 !
b111111111111111111111111111111101100000101001100 B
b10010110011110 (
b10010110011110 ?
b10111010100111 '
b10111010100111 6
b1100111111111110 &
b1100111111111110 -
b1100100 F
b1100100 D
b1100100 =
b1100100 ;
b1100100 4
b1100100 2
b1100100 5
b1100100 >
b1100100 G
b101110000 ,
b111111111111111111111111111111101100000101001100 A
b111111111111111111111111010001011111100100011010 8
b111111111111111111110111101000000010010101000011 /
1$
#746
0$
#747
b111111111111111111111101111011100101011111010100 #
b111111111111111111111101111011100101011111010100 0
b111111111111111111111110110000100011001000100101 "
b111111111111111111111110110000100011001000100101 9
b10011111010110100 !
b10011111010110100 B
b1101101001100010 (
b1101101001100010 ?
b100000000101 '
b100000000101 6
b1111000000010101 &
b1111000000010101 -
b1100100 F
b1100100 D
b1100100 =
b1100100 ;
b1100100 4
b1100100 2
b1100100 5
b1100100 >
b1100100 G
b101110001 ,
b10011111010110100 A
b111111111111111111111110110000100011001000100101 8
b111111111111111111111101111011100101011111010100 /
1$
#748
0$
#749
b100111100111011011101101101 #
b100111100111011011101101101 0
b111111111111111111111110110100000100011110100100 "
b111111111111111111111110110100000100011110100100 9
b100000001110101100 !
b100000001110101100 B
b1100001100100010 (
b1100001100100010 ?
b1101110110110101 '
b1101110110110101 6
b1010110101110 &
b1010110101110 -
b1100100 F
b1100100 D
b1100100 =
b1100100 ;
b1100100 4
b1100100 2
b1100100 5
b1100100 >
b1100100 G
b101110010 ,
b100000001110101100 A
b111111111111111111111110110100000100011110100100 8
b100111100111011011101101101 /
1$
#750
0$
#751
b1010010000101010100110101001 #
b1010010000101010100110101001 0
b111111111111111111111111011010011100001101010110 "
b111111111111111111111111011010011100001101010110 9
b0 !
b0 B
b0 (
b0 ?
b1100001100100010 '
b1100001100100010 6
b11001111000111 &
b11001111000111 -
b1100100 F
b1100100 D
b1100100 =
b1100100 ;
b1100100 4
b1100100 2
b1100100 5
b1100100 >
b1100100 G
b101110011 ,
b0 A
b111111111111111111111111011010011100001101010110 8
b1010010000101010100110101001 /
1$
#752
0$
#753
b1100000001010011010001001010 #
b1100000001010011010001001010 0
b10010000011001110111111 "
b10010000011001110111111 9
b111111111111111111111111111111011111110001010100 !
b111111111111111111111111111111011111110001010100 B
b11110011011110 (
b11110011011110 ?
b1100010001111111 '
b1100010001111111 6
b11111111111000 &
b11111111111000 -
b1100100 F
b1100100 D
b1100100 =
b1100100 ;
b1100100 4
b1100100 2
b1100100 5
b1100100 >
b111111111111111111111111111111011111110001010100 A
b1100100 G
b101110100 ,
b10010000011001110111111 8
b1100000001010011010001001010 /
1$
#754
0$
#755
b1001100111111000011010100001 #
b1001100111111000011010100001 0
b1000001011000000011111100 "
b1000001011000000011111100 9
b111111111111111111111111111111101100000101001100 !
b111111111111111111111111111111101100000101001100 B
b10010110011110 (
b10010110011110 ?
b1110000100101011 '
b1110000100101011 6
b11011000001001 &
b11011000001001 -
b1100100 F
b1100100 D
b1100100 =
b1100100 ;
b1100100 4
b1100100 2
b1100100 5
b1100100 >
b1100100 G
b101110101 ,
b111111111111111111111111111111101100000101001100 A
b1000001011000000011111100 8
b1001100111111000011010100001 /
1$
#756
0$
#757
b11111001011101110010011111 #
b11111001011101110010011111 0
b1010010101100100010000011 "
b1010010101100100010000011 9
b10011111010110100 !
b10011111010110100 B
b1101101001100010 (
b1101101001100010 ?
b101111111110 '
b101111111110 6
b1100101101011 &
b1100101101011 -
b1100100 F
b1100100 D
b1100100 =
b1100100 ;
b1100100 4
b1100100 2
b1100100 5
b1100100 >
b1100100 G
b101110110 ,
b10011111010110100 A
b1010010101100100010000011 8
b11111001011101110010011111 /
1$
#758
0$
#759
b111111111111111111111100110100110001100010110111 #
b111111111111111111111100110100110001100010110111 0
b111110000011110111100111 "
b111110000011110111100111 9
b100000001110101100 !
b100000001110101100 B
b1100001100100010 (
b1100001100100010 ?
b11000101010000 '
b11000101010000 6
b1111010000000010 &
b1111010000000010 -
b1100100 F
b1100100 D
b1100100 =
b1100100 ;
b1100100 4
b1100100 2
b1100100 5
b1100100 >
b1100100 G
b101110111 ,
b100000001110101100 A
b111110000011110111100111 8
b111111111111111111111100110100110001100010110111 /
1$
#760
0$
#761
b111111111111111111110110110110010111011011101100 #
b111111111111111111110110110110010111011011101100 0
b1100111100001100110010 "
b1100111100001100110010 9
b0 !
b0 B
b0 (
b0 ?
b100000000000000 '
b100000000000000 6
b1101001010111111 &
b1101001010111111 -
b1100100 F
b1100100 D
b1100100 =
b1100100 ;
b1100100 4
b1100100 2
b1100100 5
b1100100 >
b1100100 G
b101111000 ,
b0 A
b1100111100001100110010 8
b111111111111111111110110110110010111011011101100 /
1$
#762
0$
#763
b111111111111111111110100000010011111100100111001 #
b111111111111111111110100000010011111100100111001 0
b111111111111111111111111010101111000010111001101 "
b111111111111111111111111010101111000010111001101 9
b111111111111111111111111111111011111110001010100 !
b111111111111111111111111111111011111110001010100 B
b11110011011110 (
b11110011011110 ?
b11000101010000 '
b11000101010000 6
b1100000100100010 &
b1100000100100010 -
b1100100 F
b1100100 D
b1100100 =
b1100100 ;
b1100100 4
b1100100 2
b1100100 5
b1100100 >
b111111111111111111111111111111011111110001010100 A
b1100100 G
b101111001 ,
b111111111111111111111111010101111000010111001101 8
b111111111111111111110100000010011111100100111001 /
1$
#764
0$
#765
b111111111111111111110101010111010111001111100111 #
b111111111111111111110101010111010111001111100111 0
b111111111111111111111110110010001001101100000000 "
b111111111111111111111110110010001001101100000000 9
b111111111111111111111111111111101100000101001100 !
b111111111111111111111111111111101100000101001100 B
b10010110011110 (
b10010110011110 ?
b101111111110 '
b101111111110 6
b1100010101000100 &
b1100010101000100 -
b1100100 F
b1100100 D
b1100100 =
b1100100 ;
b1100100 4
b1100100 2
b1100100 5
b1100100 >
b1100100 G
b101111010 ,
b111111111111111111111111111111101100000101001100 A
b111111111111111111111110110010001001101100000000 8
b111111111111111111110101010111010111001111100111 /
1$
#766
0$
#767
b111111111111111111111010010111100111111101110100 #
b111111111111111111111010010111100111111101110100 0
b10011111010110100 !
b10011111010110100 B
b1101101001100010 (
b1101101001100010 ?
b1110000100101011 '
b1110000100101011 6
b1101110110110101 &
b1101110110110101 -
b1100100 F
b1100100 D
b1100100 =
b1100100 ;
b1100100 4
b1100100 2
b1100100 5
b1100100 >
b1100100 G
b101111011 ,
b10011111010110100 A
b111111111111111111111110110010001001101100000000 8
b111111111111111111111010010111100111111101110100 /
1$
#768
0$
#769
b1010100100001001011011100 #
b1010100100001001011011100 0
b111111111111111111111111010101111000010111001101 "
b111111111111111111111111010101111000010111001101 9
b100000001110101100 !
b100000001110101100 B
b1100001100100010 (
b1100001100100010 ?
b1100010001111111 '
b1100010001111111 6
b1000000011 &
b1000000011 -
b1100100 F
b1100100 D
b1100100 =
b1100100 ;
b1100100 4
b1100100 2
b1100100 5
b1100100 >
b1100100 G
b101111100 ,
b100000001110101100 A
b111111111111111111111111010101111000010111001101 8
b1010100100001001011011100 /
1$
#770
0$
#771
b111110100001011101110011010 #
b111110100001011101110011010 0
b1100111100001100110010 "
b1100111100001100110010 9
b0 !
b0 B
b0 (
b0 ?
b1100001100100010 '
b1100001100100010 6
b10010110011110 &
b10010110011110 -
b1100100 F
b1100100 D
b1100100 =
b1100100 ;
b1100100 4
b1100100 2
b1100100 5
b1100100 >
b1100100 G
b101111101 ,
b0 A
b1100111100001100110010 8
b111110100001011101110011010 /
1$
#772
0$
#773
b1011100110110111011000101001 #
b1011100110110111011000101001 0
b111110000011110111100111 "
b111110000011110111100111 9
b111111111111111111111111111111011111110001010100 !
b111111111111111111111111111111011111110001010100 B
b11110011011110 (
b11110011011110 ?
b1101110110110101 '
b1101110110110101 6
b11110000110111 &
b11110000110111 -
b1100100 F
b1100100 D
b1100100 =
b1100100 ;
b1100100 4
b1100100 2
b1100100 5
b1100100 >
b111111111111111111111111111111011111110001010100 A
b1100100 G
b101111110 ,
b111110000011110111100111 8
b1011100110110111011000101001 /
1$
#774
0$
#775
b1011011000101000101011001100 #
b1011011000101000101011001100 0
b1010010101100100010000011 "
b1010010101100100010000011 9
b111111111111111111111111111111101100000101001100 !
b111111111111111111111111111111101100000101001100 B
b10010110011110 (
b10010110011110 ?
b100000000101 '
b100000000101 6
b11110111111101 &
b11110111111101 -
b1100100 F
b1100100 D
b1100100 =
b1100100 ;
b1100100 4
b1100100 2
b1100100 5
b1100100 >
b1100100 G
b101111111 ,
b111111111111111111111111111111101100000101001100 A
b1010010101100100010000011 8
b1011011000101000101011001100 /
1$
#776
0$
#777
b111001110011010100001010100 #
b111001110011010100001010100 0
b1000001011000000011111100 "
b1000001011000000011111100 9
b10011111010110100 !
b10011111010110100 B
b1101101001100010 (
b1101101001100010 ?
b10111010100111 '
b10111010100111 6
b10101001010011 &
b10101001010011 -
b1100100 F
b1100100 D
b1100100 =
b1100100 ;
b1100100 4
b1100100 2
b1100100 5
b1100100 >
b1100100 G
b110000000 ,
b10011111010110100 A
b1000001011000000011111100 8
b111001110011010100001010100 /
1$
#778
0$
#779
b100100010001010110100000 #
b100100010001010110100000 0
b10010000011001110111111 "
b10010000011001110111111 9
b100000001110101100 !
b100000001110101100 B
b1100001100100010 (
b1100001100100010 ?
b11111111100000 '
b11111111100000 6
b100000000101 &
b100000000101 -
b1100100 F
b1100100 D
b1100100 =
b1100100 ;
b1100100 4
b1100100 2
b1100100 5
b1100100 >
b1100100 G
b110000001 ,
b100000001110101100 A
b10010000011001110111111 8
b100100010001010110100000 /
1$
#780
0$
#781
b111111111111111111111001101101100101010001100010 #
b111111111111111111111001101101100101010001100010 0
b111111111111111111111111011010011100001101010110 "
b111111111111111111111111011010011100001101010110 9
b0 !
b0 B
b0 (
b0 ?
b11001111000111 '
b11001111000111 6
b1110001011110010 &
b1110001011110010 -
b1100100 F
b1100100 D
b1100100 =
b1100100 ;
b1100100 4
b1100100 2
b1100100 5
b1100100 >
b1100100 G
b110000010 ,
b0 A
b111111111111111111111111011010011100001101010110 8
b111111111111111111111001101101100101010001100010 /
1$
#782
0$
#783
b111111111111111111110101000010000100000101011110 #
b111111111111111111110101000010000100000101011110 0
b111111111111111111111110110100000100011110100100 "
b111111111111111111111110110100000100011110100100 9
b111111111111111111111111111111011111110001010100 !
b111111111111111111111111111111011111110001010100 B
b11110011011110 (
b11110011011110 ?
b111111101011 '
b111111101011 6
b1100011111101011 &
b1100011111101011 -
b1100100 F
b1100100 D
b1100100 =
b1100100 ;
b1100100 4
b1100100 2
b1100100 5
b1100100 >
b111111111111111111111111111111011111110001010100 A
b1100100 G
b110000011 ,
b111111111111111111111110110100000100011110100100 8
b111111111111111111110101000010000100000101011110 /
1$
#784
0$
#785
b111111111111111111110100001001010011010000000100 #
b111111111111111111110100001001010011010000000100 0
b111111111111111111111110110000100011001000100101 "
b111111111111111111111110110000100011001000100101 9
b111111111111111111111111111111101100000101001100 !
b111111111111111111111111111111101100000101001100 B
b10010110011110 (
b10010110011110 ?
b1110010011000000 '
b1110010011000000 6
b1100000001001001 &
b1100000001001001 -
b1100100 F
b1100100 D
b1100100 =
b1100100 ;
b1100100 4
b1100100 2
b1100100 5
b1100100 >
b1100100 G
b110000100 ,
b111111111111111111111111111111101100000101001100 A
b111111111111111111111110110000100011001000100101 8
b111111111111111111110100001001010011010000000100 /
1$
#786
0$
#787
b111111111111111111110111010110111011001010111101 #
b111111111111111111110111010110111011001010111101 0
b111111111111111111111111010001011111100100011010 "
b111111111111111111111111010001011111100100011010 9
b10011111010110100 !
b10011111010110100 B
b1101101001100010 (
b1101101001100010 ?
b1100011000010111 '
b1100011000010111 6
b1100111010110000 &
b1100111010110000 -
b1100100 F
b1100100 D
b1100100 =
b1100100 ;
b1100100 4
b1100100 2
b1100100 5
b1100100 >
b1100100 G
b110000101 ,
b10011111010110100 A
b111111111111111111111111010001011111100100011010 8
b111111111111111111110111010110111011001010111101 /
1$
#788
0$
#789
b111111111111111111111101100011110100101010101110 #
b111111111111111111111101100011110100101010101110 0
b111110010000001010001 "
b111110010000001010001 9
b100000001110101100 !
b100000001110101100 B
b1100001100100010 (
b1100001100100010 ?
b1100001000000011 '
b1100001000000011 6
b1110111000100101 &
b1110111000100101 -
b1100100 F
b1100100 D
b1100100 =
b1100100 ;
b1100100 4
b1100100 2
b1100100 5
b1100100 >
b1100100 G
b110000110 ,
b100000001110101100 A
b111110010000001010001 8
b111111111111111111111101100011110100101010101110 /
1$
#790
0$
#791
b100100110101110111100111000 #
b100100110101110111100111000 0
b111010011111110000001101 "
b111010011111110000001101 9
b0 !
b0 B
b0 (
b0 ?
b1101101001100010 '
b1101101001100010 6
b1001111000111 &
b1001111000111 -
b1100100 F
b1100100 D
b1100100 =
b1100100 ;
b1100100 4
b1100100 2
b1100100 5
b1100100 >
b1100100 G
b110000111 ,
b0 A
b111010011111110000001101 8
b100100110101110111100111000 /
1$
#792
0$
#793
b1010000011101101101111010011 #
b1010000011101101101111010011 0
b1010010010111000000110100 "
b1010010010111000000110100 9
b111111111111111111111111111111011111110001010100 !
b111111111111111111111111111111011111110001010100 B
b11110011011110 (
b11110011011110 ?
b10000000101 '
b10000000101 6
b11001010010010 &
b11001010010010 -
b1100100 F
b1100100 D
b1100100 =
b1100100 ;
b1100100 4
b1100100 2
b1100100 5
b1100100 >
b111111111111111111111111111111011111110001010100 A
b1100100 G
b110001000 ,
b1010010010111000000110100 8
b1010000011101101101111010011 /
1$
#794
0$
#795
b1100000010000100110100011101 #
b1100000010000100110100011101 0
b1000100011010110010000011 "
b1000100011010110010000011 9
b111111111111111111111111111111101100000101001100 !
b111111111111111111111111111111101100000101001100 B
b10010110011110 (
b10010110011110 ?
b10101111010000 '
b10101111010000 6
b11111111100000 &
b11111111100000 -
b1100100 F
b1100100 D
b1100100 =
b1100100 ;
b1100100 4
b1100100 2
b1100100 5
b1100100 >
b1100100 G
b110001001 ,
b111111111111111111111111111111101100000101001100 A
b1000100011010110010000011 8
b1100000010000100110100011101 /
1$
#796
0$
#797
b1001110110000111011000011111 #
b1001110110000111011000011111 0
b10111000100100010100110 "
b10111000100100010100110 9
b10011111010110100 !
b10011111010110100 B
b1101101001100010 (
b1101101001100010 ?
b11111101111111 '
b11111101111111 6
b11011100010110 &
b11011100010110 -
b1100100 F
b1100100 D
b1100100 =
b1100100 ;
b1100100 4
b1100100 2
b1100100 5
b1100100 >
b1100100 G
b110001010 ,
b10011111010110100 A
b10111000100100010100110 8
b1001110110000111011000011111 /
1$
#798
0$
#799
b100010000001111010001000001 #
b100010000001111010001000001 0
b111111111111111111111111011111001000010100111010 "
b111111111111111111111111011111001000010100111010 9
b100000001110101100 !
b100000001110101100 B
b1100001100100010 (
b1100001100100010 ?
b11011000001001 '
b11011000001001 6
b1101101000000 &
b1101101000000 -
b1100100 F
b1100100 D
b1100100 =
b1100100 ;
b1100100 4
b1100100 2
b1100100 5
b1100100 >
b1100100 G
b110001011 ,
b100000001110101100 A
b111111111111111111111111011111001000010100111010 8
b100010000001111010001000001 /
1$
#800
0$
#801
b111111111111111111111101001100001101100110100110 #
b111111111111111111111101001100001101100110100110 0
b111111111111111111111110110110010001010111100110 "
b111111111111111111111110110110010001010111100110 9
b0 !
b0 B
b0 (
b0 ?
b1001111000111 '
b1001111000111 6
b1111010111111101 &
b1111010111111101 -
b1100100 F
b1100100 D
b1100100 =
b1100100 ;
b1100100 4
b1100100 2
b1100100 5
b1100100 >
b1100100 G
b110001100 ,
b0 A
b111111111111111111111110110110010001010111100110 8
b111111111111111111111101001100001101100110100110 /
1$
#802
0$
#803
b111111111111111111110111000110010111011001000010 #
b111111111111111111110111000110010111011001000010 0
b111111111111111111111110101111001111111000100111 "
b111111111111111111111110101111001111111000100111 9
b111111111111111111111111111111011111110001010100 !
b111111111111111111111111111111011111110001010100 B
b11110011011110 (
b11110011011110 ?
b1110100001110001 '
b1110100001110001 6
b1101010000110000 &
b1101010000110000 -
b1100100 F
b1100100 D
b1100100 =
b1100100 ;
b1100100 4
b1100100 2
b1100100 5
b1100100 >
b111111111111111111111111111111011111110001010100 A
b1100100 G
b110001101 ,
b111111111111111111111110101111001111111000100111 8
b111111111111111111110111000110010111011001000010 /
1$
#804
0$
#805
b111111111111111111110100000101100001010111111100 #
b111111111111111111110100000101100001010111111100 0
b111111111111111111111111001101010010001101100010 "
b111111111111111111111111001101010010001101100010 9
b111111111111111111111111111111101100000101001100 !
b111111111111111111111111111111101100000101001100 B
b10010110011110 (
b10010110011110 ?
b1100011111101011 '
b1100011111101011 6
b1100000110001011 &
b1100000110001011 -
b1100100 F
b1100100 D
b1100100 =
b1100100 ;
b1100100 4
b1100100 2
b1100100 5
b1100100 >
b1100100 G
b110001110 ,
b111111111111111111111111111111101100000101001100 A
b111111111111111111111111001101010010001101100010 8
b111111111111111111110100000101100001010111111100 /
1$
#806
0$
#807
b111111111111111111110101001100010111111001001000 #
b111111111111111111110101001100010111111001001000 0
b10100110000110000010 "
b10100110000110000010 9
b10011111010110100 !
b10011111010110100 B
b1101101001100010 (
b1101101001100010 ?
b1100000100100010 '
b1100000100100010 6
b1100010001111111 &
b1100010001111111 -
b1100100 F
b1100100 D
b1100100 =
b1100100 ;
b1100100 4
b1100100 2
b1100100 5
b1100100 >
b1100100 G
b110001111 ,
b10011111010110100 A
b10100110000110000010 8
b111111111111111111110101001100010111111001001000 /
1$
#808
0$
#809
b111111111111111111111010000010011010101110011110 #
b111111111111111111111010000010011010101110011110 0
b110110101101100111001011 "
b110110101101100111001011 9
b100000001110101100 !
b100000001110101100 B
b1100001100100010 (
b1100001100100010 ?
b1101011100110100 '
b1101011100110100 6
b1101110000000111 &
b1101110000000111 -
b1100100 F
b1100100 D
b1100100 =
b1100100 ;
b1100100 4
b1100100 2
b1100100 5
b1100100 >
b1100100 G
b110010000 ,
b100000001110101100 A
b110110101101100111001011 8
b111111111111111111111010000010011010101110011110 /
1$
#810
0$
#811
b111100011011011100100001 #
b111100011011011100100001 0
b1010001101101111000111111 "
b1010001101101111000111111 9
b0 !
b0 B
b0 (
b0 ?
b0 '
b0 6
b0 &
b0 -
b1100100 F
b1100100 D
b1100100 =
b1100100 ;
b1100100 4
b1100100 2
b1100100 5
b1100100 >
b1100100 G
b110010001 ,
b0 A
b1010001101101111000111111 8
b111100011011011100100001 /
1$
#812
0$
#813
b111100001100010101101010101 #
b111100001100010101101010101 0
b1000111001101101110101010 "
b1000111001101101110101010 9
b111111111111111111111111111111011111110001010100 !
b111111111111111111111111111111011111110001010100 B
b11110011011110 (
b11110011011110 ?
b10100011001100 '
b10100011001100 6
b10001111111001 &
b10001111111001 -
b1100100 F
b1100100 D
b1100100 =
b1100100 ;
b1100100 4
b1100100 2
b1100100 5
b1100100 >
b111111111111111111111111111111011111110001010100 A
b1100100 G
b110010010 ,
b1000111001101101110101010 8
b111100001100010101101010101 /
1$
#814
0$
#815
b1011100000000111101101111101 #
b1011100000000111101101111101 0
b11100000001101010010001 "
b11100000001101010010001 9
b111111111111111111111111111111101100000101001100 !
b111111111111111111111111111111101100000101001100 B
b10010110011110 (
b10010110011110 ?
b11111011011110 '
b11111011011110 6
b11101110000001 &
b11101110000001 -
b1100100 F
b1100100 D
b1100100 =
b1100100 ;
b1100100 4
b1100100 2
b1100100 5
b1100100 >
b1100100 G
b110010011 ,
b111111111111111111111111111111101100000101001100 A
b11100000001101010010001 8
b1011100000000111101101111101 /
1$
#816
0$
#817
b111111111111111111111111100011111110010101101111 "
b111111111111111111111111100011111110010101101111 9
b10011111010110100 !
b10011111010110100 B
b1101101001100010 (
b1101101001100010 ?
b11100000010101 '
b11100000010101 6
b11111001110101 &
b11111001110101 -
b1100100 F
b1100100 D
b1100100 =
b1100100 ;
b1100100 4
b1100100 2
b1100100 5
b1100100 >
b1100100 G
b110010100 ,
b10011111010110100 A
b111111111111111111111111100011111110010101101111 8
b1011100000000111101101111101 /
1$
#818
0$
#819
b111100001100010101101010101 #
b111100001100010101101010101 0
b111111111111111111111110111000110010010001010110 "
b111111111111111111111110111000110010010001010110 9
b100000001110101100 !
b100000001110101100 B
b1100001100100010 (
b1100001100100010 ?
b1011110001111 '
b1011110001111 6
b10101111010000 &
b10101111010000 -
b1100100 F
b1100100 D
b1100100 =
b1100100 ;
b1100100 4
b1100100 2
b1100100 5
b1100100 >
b1100100 G
b110010101 ,
b100000001110101100 A
b111111111111111111111110111000110010010001010110 8
b111100001100010101101010101 /
1$
#820
0$
#821
b111100011011011100100001 #
b111100011011011100100001 0
b111111111111111111111110101110010010000111000001 "
b111111111111111111111110101110010010000111000001 9
b0 !
b0 B
b0 (
b0 ?
b1110110000111001 '
b1110110000111001 6
b101000000011 &
b101000000011 -
b1100100 F
b1100100 D
b1100100 =
b1100100 ;
b1100100 4
b1100100 2
b1100100 5
b1100100 >
b1100100 G
b110010110 ,
b0 A
b111111111111111111111110101110010010000111000001 8
b111100011011011100100001 /
1$
#822
0$
#823
b111111111111111111111010000010011010101110011110 #
b111111111111111111111010000010011010101110011110 0
b111111111111111111111111001001010010011000110101 "
b111111111111111111111111001001010010011000110101 9
b111111111111111111111111111111011111110001010100 !
b111111111111111111111111111111011111110001010100 B
b11110011011110 (
b11110011011110 ?
b1100100111110111 '
b1100100111110111 6
b1110010011000000 &
b1110010011000000 -
b1100100 F
b1100100 D
b1100100 =
b1100100 ;
b1100100 4
b1100100 2
b1100100 5
b1100100 >
b111111111111111111111111111111011111110001010100 A
b1100100 G
b110010111 ,
b111111111111111111111111001001010010011000110101 8
b111111111111111111111010000010011010101110011110 /
1$
#824
0$
#825
b111111111111111111110101001100010111111001001000 #
b111111111111111111110101001100010111111001001000 0
b111111111111111111111111111101011001111001111110 "
b111111111111111111111111111101011001111001111110 9
b111111111111111111111111111111101100000101001100 !
b111111111111111111111111111111101100000101001100 B
b10010110011110 (
b10010110011110 ?
b1100000010000001 '
b1100000010000001 6
b1100100011101010 &
b1100100011101010 -
b1100100 F
b1100100 D
b1100100 =
b1100100 ;
b1100100 4
b1100100 2
b1100100 5
b1100100 >
b1100100 G
b110011000 ,
b111111111111111111111111111111101100000101001100 A
b111111111111111111111111111101011001111001111110 8
b111111111111111111110101001100010111111001001000 /
1$
#826
0$
#827
b111111111111111111110100000101100001010111111100 #
b111111111111111111110100000101100001010111111100 0
b110010101101110010011110 "
b110010101101110010011110 9
b10011111010110100 !
b10011111010110100 B
b1101101001100010 (
b1101101001100010 ?
b1101010000110000 '
b1101010000110000 6
b1100000000100000 &
b1100000000100000 -
b1100100 F
b1100100 D
b1100100 =
b1100100 ;
b1100100 4
b1100100 2
b1100100 5
b1100100 >
b1100100 G
b110011001 ,
b10011111010110100 A
b110010101101110010011110 8
b111111111111111111110100000101100001010111111100 /
1$
#828
0$
#829
b111111111111111111110111000110010111011001000010 #
b111111111111111111110111000110010111011001000010 0
b1010000110000000111011001 "
b1010000110000000111011001 9
b100000001110101100 !
b100000001110101100 B
b1100001100100010 (
b1100001100100010 ?
b1111101111111011 '
b1111101111111011 6
b1100110101101110 &
b1100110101101110 -
b1100100 F
b1100100 D
b1100100 =
b1100100 ;
b1100100 4
b1100100 2
b1100100 5
b1100100 >
b1100100 G
b110011010 ,
b100000001110101100 A
b1010000110000000111011001 8
b111111111111111111110111000110010111011001000010 /
1$
#830
0$
#831
b111111111111111111111101001100001101100110100110 #
b111111111111111111111101001100001101100110100110 0
b1001001101110101000011010 "
b1001001101110101000011010 9
b0 !
b0 B
b0 (
b0 ?
b10010110011110 '
b10010110011110 6
b1110110000111001 &
b1110110000111001 -
b1100100 F
b1100100 D
b1100100 =
b1100100 ;
b1100100 4
b1100100 2
b1100100 5
b1100100 >
b1100100 G
b110011011 ,
b0 A
b1001001101110101000011010 8
b111111111111111111111101001100001101100110100110 /
1$
#832
0$
#833
b100010000001111010001000001 #
b100010000001111010001000001 0
b100000110111101011000110 "
b100000110111101011000110 9
b111111111111111111111111111111011111110001010100 !
b111111111111111111111111111111011111110001010100 B
b11110011011110 (
b11110011011110 ?
b11110111111101 '
b11110111111101 6
b1000111011011 &
b1000111011011 -
b1100100 F
b1100100 D
b1100100 =
b1100100 ;
b1100100 4
b1100100 2
b1100100 5
b1100100 >
b111111111111111111111111111111011111110001010100 A
b1100100 G
b110011100 ,
b100000110111101011000110 8
b100010000001111010001000001 /
1$
#834
0$
#835
b1001110110000111011000011111 #
b1001110110000111011000011111 0
b111111111111111111111111101000111011011101011010 "
b111111111111111111111111101000111011011101011010 9
b111111111111111111111111111111101100000101001100 !
b111111111111111111111111111111101100000101001100 B
b10010110011110 (
b10010110011110 ?
b11100111101001 '
b11100111101001 6
b11000101010000 &
b11000101010000 -
b1100100 F
b1100100 D
b1100100 =
b1100100 ;
b1100100 4
b1100100 2
b1100100 5
b1100100 >
b1100100 G
b110011101 ,
b111111111111111111111111111111101100000101001100 A
b111111111111111111111111101000111011011101011010 8
b1001110110000111011000011111 /
1$
#836
0$
#837
b1100000010000100110100011101 #
b1100000010000100110100011101 0
b111111111111111111111110111011100101001101111101 "
b111111111111111111111110111011100101001101111101 9
b10011111010110100 !
b10011111010110100 B
b1101101001100010 (
b1101101001100010 ?
b1101101000000 '
b1101101000000 6
b11111110110111 &
b11111110110111 -
b1100100 F
b1100100 D
b1100100 =
b1100100 ;
b1100100 4
b1100100 2
b1100100 5
b1100100 >
b1100100 G
b110011110 ,
b10011111010110100 A
b111111111111111111111110111011100101001101111101 8
b1100000010000100110100011101 /
1$
#838
0$
#839
b1010000011101101101111010011 #
b1010000011101101101111010011 0
b111111111111111111111110101101101000111111001100 "
b111111111111111111111110101101101000111111001100 9
b100000001110101100 !
b100000001110101100 B
b1100001100100010 (
b1100001100100010 ?
b1111000000010101 '
b1111000000010101 6
b11100000010101 &
b11100000010101 -
b1100100 F
b1100100 D
b1100100 =
b1100100 ;
b1100100 4
b1100100 2
b1100100 5
b1100100 >
b1100100 G
b110011111 ,
b100000001110101100 A
b111111111111111111111110101101101000111111001100 8
b1010000011101101101111010011 /
1$
#840
0$
#841
b100100110101110111100111000 #
b100100110101110111100111000 0
b111111111111111111111111000101100000001111110011 "
b111111111111111111111111000101100000001111110011 9
b0 !
b0 B
b0 (
b0 ?
b1100110000111001 '
b1100110000111001 6
b1110100001110 &
b1110100001110 -
b1100100 F
b1100100 D
b1100100 =
b1100100 ;
b1100100 4
b1100100 2
b1100100 5
b1100100 >
b1100100 G
b110100000 ,
b0 A
b111111111111111111111111000101100000001111110011 8
b100100110101110111100111000 /
1$
#842
0$
#843
b111111111111111111111101100011110100101010101110 #
b111111111111111111111101100011110100101010101110 0
b111111111111111111111111111000001101111110101111 "
b111111111111111111111111111000001101111110101111 9
b111111111111111111111111111111011111110001010100 !
b111111111111111111111111111111011111110001010100 B
b11110011011110 (
b11110011011110 ?
b1100000000100000 '
b1100000000100000 6
b1111011111111011 &
b1111011111111011 -
b1100100 F
b1100100 D
b1100100 =
b1100100 ;
b1100100 4
b1100100 2
b1100100 5
b1100100 >
b111111111111111111111111111111011111110001010100 A
b1100100 G
b110100001 ,
b111111111111111111111111111000001101111110101111 8
b111111111111111111111101100011110100101010101110 /
1$
#844
0$
#845
b111111111111111111110111010110111011001010111101 #
b111111111111111111110111010110111011001010111101 0
b101110100000011011100110 "
b101110100000011011100110 9
b111111111111111111111111111111101100000101001100 !
b111111111111111111111111111111101100000101001100 B
b10010110011110 (
b10010110011110 ?
b1101000101011001 '
b1101000101011001 6
b1101010110101101 &
b1101010110101101 -
b1100100 F
b1100100 D
b1100100 =
b1100100 ;
b1100100 4
b1100100 2
b1100100 5
b1100100 >
b1100100 G
b110100010 ,
b111111111111111111111111111111101100000101001100 A
b101110100000011011100110 8
b111111111111111111110111010110111011001010111101 /
1$
#846
0$
#847
b111111111111111111110100001001010011010000000100 #
b111111111111111111110100001001010011010000000100 0
b1001111011100110111011011 "
b1001111011100110111011011 9
b10011111010110100 !
b10011111010110100 B
b1101101001100010 (
b1101101001100010 ?
b1111011111111011 '
b1111011111111011 6
b1100001000000011 &
b1100001000000011 -
b1100100 F
b1100100 D
b1100100 =
b1100100 ;
b1100100 4
b1100100 2
b1100100 5
b1100100 >
b1100100 G
b110100011 ,
b10011111010110100 A
b1001111011100110111011011 8
b111111111111111111110100001001010011010000000100 /
1$
#848
0$
#849
b111111111111111111110101000010000100000101011110 #
b111111111111111111110101000010000100000101011110 0
b1001011111011100001011100 "
b1001011111011100001011100 9
b100000001110101100 !
b100000001110101100 B
b1100001100100010 (
b1100001100100010 ?
b10001001001011 '
b10001001001011 6
b1100001111001001 &
b1100001111001001 -
b1100100 F
b1100100 D
b1100100 =
b1100100 ;
b1100100 4
b1100100 2
b1100100 5
b1100100 >
b1100100 G
b110100100 ,
b100000001110101100 A
b1001011111011100001011100 8
b111111111111111111110101000010000100000101011110 /
1$
#850
0$
#851
b111111111111111111111001101101100101010001100010 #
b111111111111111111111001101101100101010001100010 0
b100101100011110010101010 "
b100101100011110010101010 9
b0 !
b0 B
b0 (
b0 ?
b11110011011110 '
b11110011011110 6
b1101101001100010 &
b1101101001100010 -
b1100100 F
b1100100 D
b1100100 =
b1100100 ;
b1100100 4
b1100100 2
b1100100 5
b1100100 >
b1100100 G
b110100101 ,
b0 A
b100101100011110010101010 8
b111111111111111111111001101101100101010001100010 /
1$
#852
0$
#853
b100100010001010110100000 #
b100100010001010110100000 0
b111111111111111111111111101101111100110001000001 "
b111111111111111111111111101101111100110001000001 9
b111111111111111111111111111111011111110001010100 !
b111111111111111111111111111111011111110001010100 B
b11110011011110 (
b11110011011110 ?
b11101110000001 '
b11101110000001 6
b1111110111111101 &
b1111110111111101 -
b1100100 F
b1100100 D
b1100100 =
b1100100 ;
b1100100 4
b1100100 2
b1100100 5
b1100100 >
b111111111111111111111111111111011111110001010100 A
b1100100 G
b110100110 ,
b111111111111111111111111101101111100110001000001 8
b100100010001010110100000 /
1$
#854
0$
#855
b111001110011010100001010100 #
b111001110011010100001010100 0
b111111111111111111111110111110100111111100000100 "
b111111111111111111111110111110100111111100000100 9
b111111111111111111111111111111101100000101001100 !
b111111111111111111111111111111101100000101001100 B
b10010110011110 (
b10010110011110 ?
b1111011010101 '
b1111011010101 6
b10001001001011 &
b10001001001011 -
b1100100 F
b1100100 D
b1100100 =
b1100100 ;
b1100100 4
b1100100 2
b1100100 5
b1100100 >
b1100100 G
b110100111 ,
b111111111111111111111111111111101100000101001100 A
b111111111111111111111110111110100111111100000100 8
b111001110011010100001010100 /
1$
#856
0$
#857
b1011011000101000101011001100 #
b1011011000101000101011001100 0
b111111111111111111111110101101010011011101111101 "
b111111111111111111111110101101010011011101111101 9
b10011111010110100 !
b10011111010110100 B
b1101101001100010 (
b1101101001100010 ?
b1111010000000010 '
b1111010000000010 6
b11101010111100 &
b11101010111100 -
b1100100 F
b1100100 D
b1100100 =
b1100100 ;
b1100100 4
b1100100 2
b1100100 5
b1100100 >
b1100100 G
b110101000 ,
b10011111010110100 A
b111111111111111111111110101101010011011101111101 8
b1011011000101000101011001100 /
1$
#858
0$
#859
b1011100110110111011000101001 #
b1011100110110111011000101001 0
b111111111111111111111111000001111100001000011001 "
b111111111111111111111111000001111100001000011001 9
b100000001110101100 !
b100000001110101100 B
b1100001100100010 (
b1100001100100010 ?
b1100111010110000 '
b1100111010110000 6
b11111011011110 &
b11111011011110 -
b1100100 F
b1100100 D
b1100100 =
b1100100 ;
b1100100 4
b1100100 2
b1100100 5
b1100100 >
b1100100 G
b110101001 ,
b100000001110101100 A
b111111111111111111111111000001111100001000011001 8
b1011100110110111011000101001 /
1$
#860
0$
#861
b111110100001011101110011010 #
b111110100001011101110011010 0
b111111111111111111111111110011000011110011001110 "
b111111111111111111111111110011000011110011001110 9
b0 !
b0 B
b0 (
b0 ?
b1100000000000000 '
b1100000000000000 6
b10110101000001 &
b10110101000001 -
b1100100 F
b1100100 D
b1100100 =
b1100100 ;
b1100100 4
b1100100 2
b1100100 5
b1100100 >
b1100100 G
b110101010 ,
b0 A
b111111111111111111111111110011000011110011001110 8
b111110100001011101110011010 /
1$
#862
0$
#863
b1010100100001001011011100 #
b1010100100001001011011100 0
b101010000111101000110011 "
b101010000111101000110011 9
b111111111111111111111111111111011111110001010100 !
b111111111111111111111111111111011111110001010100 B
b11110011011110 (
b11110011011110 ?
b1100111010110000 '
b1100111010110000 6
b101111111110 &
b101111111110 -
b1100100 F
b1100100 D
b1100100 =
b1100100 ;
b1100100 4
b1100100 2
b1100100 5
b1100100 >
b111111111111111111111111111111011111110001010100 A
b1100100 G
b110101011 ,
b101010000111101000110011 8
b1010100100001001011011100 /
1$
#864
0$
#865
b111111111111111111111010010111100111111101110100 #
b111111111111111111111010010111100111111101110100 0
b1001101110110010100000000 "
b1001101110110010100000000 9
b111111111111111111111111111111101100000101001100 !
b111111111111111111111111111111101100000101001100 B
b10010110011110 (
b10010110011110 ?
b1111010000000010 '
b1111010000000010 6
b1110011010010101 &
b1110011010010101 -
b1100100 F
b1100100 D
b1100100 =
b1100100 ;
b1100100 4
b1100100 2
b1100100 5
b1100100 >
b1100100 G
b110101100 ,
b111111111111111111111111111111101100000101001100 A
b1001101110110010100000000 8
b111111111111111111111010010111100111111101110100 /
1$
#866
0$
#867
b111111111111111111110101010111010111001111100111 #
b111111111111111111110101010111010111001111100111 0
b10011111010110100 !
b10011111010110100 B
b1101101001100010 (
b1101101001100010 ?
b1111011010101 '
b1111011010101 6
b1100100111110111 &
b1100100111110111 -
b1100100 F
b1100100 D
b1100100 =
b1100100 ;
b1100100 4
b1100100 2
b1100100 5
b1100100 >
b1100100 G
b110101101 ,
b10011111010110100 A
b1001101110110010100000000 8
b111111111111111111110101010111010111001111100111 /
1$
#868
0$
#869
b111111111111111111110100000010011111100100111001 #
b111111111111111111110100000010011111100100111001 0
b101010000111101000110011 "
b101010000111101000110011 9
b100000001110101100 !
b100000001110101100 B
b1100001100100010 (
b1100001100100010 ?
b11101110000001 '
b11101110000001 6
b1100000000001000 &
b1100000000001000 -
b1100100 F
b1100100 D
b1100100 =
b1100100 ;
b1100100 4
b1100100 2
b1100100 5
b1100100 >
b1100100 G
b110101110 ,
b100000001110101100 A
b101010000111101000110011 8
b111111111111111111110100000010011111100100111001 /
1$
#870
0$
#871
b111111111111111111110110110110010111011011101100 #
b111111111111111111110110110110010111011011101100 0
b111111111111111111111111110011000011110011001110 "
b111111111111111111111111110011000011110011001110 9
b0 !
b0 B
b0 (
b0 ?
b11110011011110 '
b11110011011110 6
b1100110000111001 &
b1100110000111001 -
b1100100 F
b1100100 D
b1100100 =
b1100100 ;
b1100100 4
b1100100 2
b1100100 5
b1100100 >
b1100100 G
b110101111 ,
b0 A
b111111111111111111111111110011000011110011001110 8
b111111111111111111110110110110010111011011101100 /
1$
#872
0$
#873
b111111111111111111111100110100110001100010110111 #
b111111111111111111111100110100110001100010110111 0
b111111111111111111111111000001111100001000011001 "
b111111111111111111111111000001111100001000011001 9
b111111111111111111111111111111011111110001010100 !
b111111111111111111111111111111011111110001010100 B
b11110011011110 (
b11110011011110 ?
b10001001001011 '
b10001001001011 6
b1110101001010010 &
b1110101001010010 -
b1100100 F
b1100100 D
b1100100 =
b1100100 ;
b1100100 4
b1100100 2
b1100100 5
b1100100 >
b111111111111111111111111111111011111110001010100 A
b1100100 G
b110110000 ,
b111111111111111111111111000001111100001000011001 8
b111111111111111111111100110100110001100010110111 /
1$
#874
0$
#875
b11111001011101110010011111 #
b11111001011101110010011111 0
b111111111111111111111110101101010011011101111101 "
b111111111111111111111110101101010011011101111101 9
b111111111111111111111111111111101100000101001100 !
b111111111111111111111111111111101100000101001100 B
b10010110011110 (
b10010110011110 ?
b1111011111111011 '
b1111011111111011 6
b111111101011 &
b111111101011 -
b1100100 F
b1100100 D
b1100100 =
b1100100 ;
b1100100 4
b1100100 2
b1100100 5
b1100100 >
b1100100 G
b110110001 ,
b111111111111111111111111111111101100000101001100 A
b111111111111111111111110101101010011011101111101 8
b11111001011101110010011111 /
1$
#876
0$
#877
b1001100111111000011010100001 #
b1001100111111000011010100001 0
b111111111111111111111110111110100111111100000100 "
b111111111111111111111110111110100111111100000100 9
b10011111010110100 !
b10011111010110100 B
b1101101001100010 (
b1101101001100010 ?
b1101000101011001 '
b1101000101011001 6
b11000000000010 &
b11000000000010 -
b1100100 F
b1100100 D
b1100100 =
b1100100 ;
b1100100 4
b1100100 2
b1100100 5
b1100100 >
b1100100 G
b110110010 ,
b10011111010110100 A
b111111111111111111111110111110100111111100000100 8
b1001100111111000011010100001 /
1$
#878
0$
#879
b1100000001010011010001001010 #
b1100000001010011010001001010 0
b111111111111111111111111101101111100110001000001 "
b111111111111111111111111101101111100110001000001 9
b100000001110101100 !
b100000001110101100 B
b1100001100100010 (
b1100001100100010 ?
b1100000000100000 '
b1100000000100000 6
b11111101111111 &
b11111101111111 -
b1100100 F
b1100100 D
b1100100 =
b1100100 ;
b1100100 4
b1100100 2
b1100100 5
b1100100 >
b1100100 G
b110110011 ,
b100000001110101100 A
b111111111111111111111111101101111100110001000001 8
b1100000001010011010001001010 /
1$
#880
0$
#881
b1010010000101010100110101001 #
b1010010000101010100110101001 0
b100101100011110010101010 "
b100101100011110010101010 9
b0 !
b0 B
b0 (
b0 ?
b1100110000111001 '
b1100110000111001 6
b11100100000110 &
b11100100000110 -
b1100100 F
b1100100 D
b1100100 =
b1100100 ;
b1100100 4
b1100100 2
b1100100 5
b1100100 >
b1100100 G
b110110100 ,
b0 A
b100101100011110010101010 8
b1010010000101010100110101001 /
1$
#882
0$
#883
b100111100111011011101101101 #
b100111100111011011101101101 0
b1001011111011100001011100 "
b1001011111011100001011100 9
b111111111111111111111111111111011111110001010100 !
b111111111111111111111111111111011111110001010100 B
b11110011011110 (
b11110011011110 ?
b1111000000010101 '
b1111000000010101 6
b1111011010101 &
b1111011010101 -
b1100100 F
b1100100 D
b1100100 =
b1100100 ;
b1100100 4
b1100100 2
b1100100 5
b1100100 >
b111111111111111111111111111111011111110001010100 A
b1100100 G
b110110101 ,
b1001011111011100001011100 8
b100111100111011011101101101 /
1$
#884
0$
#885
b111111111111111111111101111011100101011111010100 #
b111111111111111111111101111011100101011111010100 0
b1001111011100110111011011 "
b1001111011100110111011011 9
b111111111111111111111111111111101100000101001100 !
b111111111111111111111111111111101100000101001100 B
b10010110011110 (
b10010110011110 ?
b1101101000000 '
b1101101000000 6
b1111100111111010 &
b1111100111111010 -
b1100100 F
b1100100 D
b1100100 =
b1100100 ;
b1100100 4
b1100100 2
b1100100 5
b1100100 >
b1100100 G
b110110110 ,
b111111111111111111111111111111101100000101001100 A
b1001111011100110111011011 8
b111111111111111111111101111011100101011111010100 /
1$
#886
0$
#887
b111111111111111111110111101000000010010101000011 #
b111111111111111111110111101000000010010101000011 0
b101110100000011011100110 "
b101110100000011011100110 9
b10011111010110100 !
b10011111010110100 B
b1101101001100010 (
b1101101001100010 ?
b11100111101001 '
b11100111101001 6
b1101011100110100 &
b1101011100110100 -
b1100100 F
b1100100 D
b1100100 =
b1100100 ;
b1100100 4
b1100100 2
b1100100 5
b1100100 >
b1100100 G
b110110111 ,
b10011111010110100 A
b101110100000011011100110 8
b111111111111111111110111101000000010010101000011 /
1$
#888
0$
#889
b111111111111111111110100001101110110000011000110 #
b111111111111111111110100001101110110000011000110 0
b111111111111111111111111111000001101111110101111 "
b111111111111111111111111111000001101111110101111 9
b100000001110101100 !
b100000001110101100 B
b1100001100100010 (
b1100001100100010 ?
b11110111111101 '
b11110111111101 6
b1100001010001011 &
b1100001010001011 -
b1100100 F
b1100100 D
b1100100 =
b1100100 ;
b1100100 4
b1100100 2
b1100100 5
b1100100 >
b1100100 G
b110111000 ,
b100000001110101100 A
b111111111111111111111111111000001101111110101111 8
b111111111111111111110100001101110110000011000110 /
1$
#890
0$
#891
b111111111111111111110100111000011110000100010101 #
b111111111111111111110100111000011110000100010101 0
b111111111111111111111111000101100000001111110011 "
b111111111111111111111111000101100000001111110011 9
b0 !
b0 B
b0 (
b0 ?
b10010110011110 '
b10010110011110 6
b1100001100100010 &
b1100001100100010 -
b1100100 F
b1100100 D
b1100100 =
b1100100 ;
b1100100 4
b1100100 2
b1100100 5
b1100100 >
b1100100 G
b110111001 ,
b0 A
b111111111111111111111111000101100000001111110011 8
b111111111111111111110100111000011110000100010101 /
1$
#892
0$
#893
b111111111111111111111001011001001010111101010101 #
b111111111111111111111001011001001010111101010101 0
b111111111111111111111110101101101000111111001100 "
b111111111111111111111110101101101000111111001100 9
b111111111111111111111111111111011111110001010100 !
b111111111111111111111111111111011111110001010100 B
b11110011011110 (
b11110011011110 ?
b1111101111111011 '
b1111101111111011 6
b1101100011000110 &
b1101100011000110 -
b1100100 F
b1100100 D
b1100100 =
b1100100 ;
b1100100 4
b1100100 2
b1100100 5
b1100100 >
b111111111111111111111111111111011111110001010100 A
b1100100 G
b110111010 ,
b111111111111111111111110101101101000111111001100 8
b111111111111111111111001011001001010111101010101 /
1$
#894
0$
#895
b1100000110101101101001 #
b1100000110101101101001 0
b111111111111111111111110111011100101001101111101 "
b111111111111111111111110111011100101001101111101 9
b111111111111111111111111111111101100000101001100 !
b111111111111111111111111111111101100000101001100 B
b10010110011110 (
b10010110011110 ?
b1101010000110000 '
b1101010000110000 6
b1111101111111011 &
b1111101111111011 -
b1100100 F
b1100100 D
b1100100 =
b1100100 ;
b1100100 4
b1100100 2
b1100100 5
b1100100 >
b1100100 G
b110111011 ,
b111111111111111111111111111111101100000101001100 A
b111111111111111111111110111011100101001101111101 8
b1100000110101101101001 /
1$
#896
0$
#897
b110111010110110101010001110 #
b110111010110110101010001110 0
b111111111111111111111111101000111011011101011010 "
b111111111111111111111111101000111011011101011010 9
b10011111010110100 !
b10011111010110100 B
b1101101001100010 (
b1101101001100010 ?
b1100000010000001 '
b1100000010000001 6
b10000010010100 &
b10000010010100 -
b1100100 F
b1100100 D
b1100100 =
b1100100 ;
b1100100 4
b1100100 2
b1100100 5
b1100100 >
b1100100 G
b110111100 ,
b10011111010110100 A
b111111111111111111111111101000111011011101011010 8
b110111010110110101010001110 /
1$
#898
0$
#899
b1011010000011100101110111100 #
b1011010000011100101110111100 0
b100000110111101011000110 "
b100000110111101011000110 9
b100000001110101100 !
b100000001110101100 B
b1100001100100010 (
b1100001100100010 ?
b1100100111110111 '
b1100100111110111 6
b11100111101001 &
b11100111101001 -
b1100100 F
b1100100 D
b1100100 =
b1100100 ;
b1100100 4
b1100100 2
b1100100 5
b1100100 >
b1100100 G
b110111101 ,
b100000001110101100 A
b100000110111101011000110 8
b1011010000011100101110111100 /
1$
#900
0$
#901
b1011101100111000101110110001 #
b1011101100111000101110110001 0
b1001001101110101000011010 "
b1001001101110101000011010 9
b0 !
b0 B
b0 (
b0 ?
b1110110000111001 '
b1110110000111001 6
b11111100110110 &
b11111100110110 -
b1100100 F
b1100100 D
b1100100 =
b1100100 ;
b1100100 4
b1100100 2
b1100100 5
b1100100 >
b1100100 G
b110111110 ,
b0 A
b1001001101110101000011010 8
b1011101100111000101110110001 /
1$
#902
0$
#903
b1000000110010101001101101000 #
b1000000110010101001101101000 0
b1010000110000000111011001 "
b1010000110000000111011001 9
b111111111111111111111111111111011111110001010100 !
b111111111111111111111111111111011111110001010100 B
b11110011011110 (
b11110011011110 ?
b1011110001111 '
b1011110001111 6
b10111010100111 &
b10111010100111 -
b1100100 F
b1100100 D
b1100100 =
b1100100 ;
b1100100 4
b1100100 2
b1100100 5
b1100100 >
b111111111111111111111111111111011111110001010100 A
b1100100 G
b110111111 ,
b1010000110000000111011001 8
b1000000110010101001101101000 /
1$
#904
0$
#905
b1101100100001001100011000 #
b1101100100001001100011000 0
b110010101101110010011110 "
b110010101101110010011110 9
b111111111111111111111111111111101100000101001100 !
b111111111111111111111111111111101100000101001100 B
b10010110011110 (
b10010110011110 ?
b11100000010101 '
b11100000010101 6
b110111110110 &
b110111110110 -
b1100100 F
b1100100 D
b1100100 =
b1100100 ;
b1100100 4
b1100100 2
b1100100 5
b1100100 >
b1100100 G
b111000000 ,
b111111111111111111111111111111101100000101001100 A
b110010101101110010011110 8
b1101100100001001100011000 /
1$
#906
0$
#907
b111111111111111111111010101101001011010100100000 #
b111111111111111111111010101101001011010100100000 0
b111111111111111111111111111101011001111001111110 "
b111111111111111111111111111101011001111001111110 9
b10011111010110100 !
b10011111010110100 B
b1101101001100010 (
b1101101001100010 ?
b11111011011110 '
b11111011011110 6
b1110100001110001 &
b1110100001110001 -
b1100100 F
b1100100 D
b1100100 =
b1100100 ;
b1100100 4
b1100100 2
b1100100 5
b1100100 >
b1100100 G
b111000001 ,
b10011111010110100 A
b111111111111111111111111111101011001111001111110 8
b111111111111111111111010101101001011010100100000 /
1$
#908
0$
#909
b111111111111111111110101100011000000111001011001 #
b111111111111111111110101100011000000111001011001 0
b111111111111111111111111001001010010011000110101 "
b111111111111111111111111001001010010011000110101 9
b100000001110101100 !
b100000001110101100 B
b1100001100100010 (
b1100001100100010 ?
b10100011001100 '
b10100011001100 6
b1100101100010001 &
b1100101100010001 -
b1100100 F
b1100100 D
b1100100 =
b1100100 ;
b1100100 4
b1100100 2
b1100100 5
b1100100 >
b1100100 G
b111000010 ,
b100000001110101100 A
b111111111111111111111111001001010010011000110101 8
b111111111111111111110101100011000000111001011001 /
1$
#910
0$
#911
b111111111111111111110100000000001101101000000110 #
b111111111111111111110100000000001101101000000110 0
b111111111111111111111110101110010010000111000001 "
b111111111111111111111110101110010010000111000001 9
b0 !
b0 B
b0 (
b0 ?
b0 '
b0 6
b1100000000000000 &
b1100000000000000 -
b1100100 F
b1100100 D
b1100100 =
b1100100 ;
b1100100 4
b1100100 2
b1100100 5
b1100100 >
b1100100 G
b111000011 ,
b0 A
b111111111111111111111110101110010010000111000001 8
b111111111111111111110100000000001101101000000110 /
1$
#912
0$
#913
b111111111111111111110110100110111100010101001001 #
b111111111111111111110110100110111100010101001001 0
b111111111111111111111110111000110010010001010110 "
b111111111111111111111110111000110010010001010110 9
b111111111111111111111111111111011111110001010100 !
b111111111111111111111111111111011111110001010100 B
b11110011011110 (
b11110011011110 ?
b1101011100110100 '
b1101011100110100 6
b1100101100010001 &
b1100101100010001 -
b1100100 F
b1100100 D
b1100100 =
b1100100 ;
b1100100 4
b1100100 2
b1100100 5
b1100100 >
b111111111111111111111111111111011111110001010100 A
b1100100 G
b111000100 ,
b111111111111111111111110111000110010010001010110 8
b111111111111111111110110100110111100010101001001 /
1$
#914
0$
#915
b111111111111111111111100011101100010101001111101 #
b111111111111111111111100011101100010101001111101 0
b111111111111111111111111100011111110010101101111 "
b111111111111111111111111100011111110010101101111 9
b111111111111111111111111111111101100000101001100 !
b111111111111111111111111111111101100000101001100 B
b10010110011110 (
b10010110011110 ?
b1100000100100010 '
b1100000100100010 6
b1110100001110001 &
b1110100001110001 -
b1100100 F
b1100100 D
b1100100 =
b1100100 ;
b1100100 4
b1100100 2
b1100100 5
b1100100 >
b1100100 G
b111000101 ,
b111111111111111111111111111111101100000101001100 A
b111111111111111111111111100011111110010101101111 8
b111111111111111111111100011101100010101001111101 /
1$
#916
0$
#917
b11100010011101010110000011 #
b11100010011101010110000011 0
b11100000001101010010001 "
b11100000001101010010001 9
b10011111010110100 !
b10011111010110100 B
b1101101001100010 (
b1101101001100010 ?
b1100011111101011 '
b1100011111101011 6
b110111110110 &
b110111110110 -
b1100100 F
b1100100 D
b1100100 =
b1100100 ;
b1100100 4
b1100100 2
b1100100 5
b1100100 >
b1100100 G
b111000110 ,
b10011111010110100 A
b11100000001101010010001 8
b11100010011101010110000011 /
1$
#918
0$
#919
b1001011001000011101010110111 #
b1001011001000011101010110111 0
b1000111001101101110101010 "
b1000111001101101110101010 9
b100000001110101100 !
b100000001110101100 B
b1100001100100010 (
b1100001100100010 ?
b1110100001110001 '
b1110100001110001 6
b10111010100111 &
b10111010100111 -
b1100100 F
b1100100 D
b1100100 =
b1100100 ;
b1100100 4
b1100100 2
b1100100 5
b1100100 >
b1100100 G
b111000111 ,
b100000001110101100 A
b1000111001101101110101010 8
b1001011001000011101010110111 /
1$
#920
0$
#921
b1011111111110010010111111010 #
b1011111111110010010111111010 0
b1010001101101111000111111 "
b1010001101101111000111111 9
b0 !
b0 B
b0 (
b0 ?
b1001111000111 '
b1001111000111 6
b11111100110110 &
b11111100110110 -
b1100100 F
b1100100 D
b1100100 =
b1100100 ;
b1100100 4
b1100100 2
b1100100 5
b1100100 >
b1100100 G
b111001000 ,
b0 A
b1010001101101111000111111 8
b1011111111110010010111111010 /
1$
#922
0$
#923
b1010011100111111000110100111 #
b1010011100111111000110100111 0
b110110101101100111001011 "
b110110101101100111001011 9
b111111111111111111111111111111011111110001010100 !
b111111111111111111111111111111011111110001010100 B
b11110011011110 (
b11110011011110 ?
b11011000001001 '
b11011000001001 6
b11100111101001 &
b11100111101001 -
b1100100 F
b1100100 D
b1100100 =
b1100100 ;
b1100100 4
b1100100 2
b1100100 5
b1100100 >
b111111111111111111111111111111011111110001010100 A
b1100100 G
b111001001 ,
b110110101101100111001011 8
b1010011100111111000110100111 /
1$
#924
0$
#925
b101010010110100101011100000 #
b101010010110100101011100000 0
b10100110000110000010 "
b10100110000110000010 9
b111111111111111111111111111111101100000101001100 !
b111111111111111111111111111111101100000101001100 B
b10010110011110 (
b10010110011110 ?
b11111101111111 '
b11111101111111 6
b10000010010100 &
b10000010010100 -
b1100100 F
b1100100 D
b1100100 =
b1100100 ;
b1100100 4
b1100100 2
b1100100 5
b1100100 >
b1100100 G
b111001010 ,
b111111111111111111111111111111101100000101001100 A
b10100110000110000010 8
b101010010110100101011100000 /
1$
#926
0$
#927
b111111111111111111111110010011011110110011101000 #
b111111111111111111111110010011011110110011101000 0
b111111111111111111111111001101010010001101100010 "
b111111111111111111111111001101010010001101100010 9
b10011111010110100 !
b10011111010110100 B
b1101101001100010 (
b1101101001100010 ?
b10101111010000 '
b10101111010000 6
b1111101111111011 &
b1111101111111011 -
b1100100 F
b1100100 D
b1100100 =
b1100100 ;
b1100100 4
b1100100 2
b1100100 5
b1100100 >
b1100100 G
b111001011 ,
b10011111010110100 A
b111111111111111111111111001101010010001101100010 8
b111111111111111111111110010011011110110011101000 /
1$
#928
0$
#929
b111111111111111111110111111001101010110010011000 #
b111111111111111111110111111001101010110010011000 0
b111111111111111111111110101111001111111000100111 "
b111111111111111111111110101111001111111000100111 9
b100000001110101100 !
b100000001110101100 B
b1100001100100010 (
b1100001100100010 ?
b10000000101 '
b10000000101 6
b1101100011000110 &
b1101100011000110 -
b1100100 F
b1100100 D
b1100100 =
b1100100 ;
b1100100 4
b1100100 2
b1100100 5
b1100100 >
b1100100 G
b111001100 ,
b100000001110101100 A
b111111111111111111111110101111001111111000100111 8
b111111111111111111110111111001101010110010011000 /
1$
#930
0$
#931
b111111111111111111110100010011000111010001001111 #
b111111111111111111110100010011000111010001001111 0
b111111111111111111111110110110010001010111100110 "
b111111111111111111111110110110010001010111100110 9
b0 !
b0 B
b0 (
b0 ?
b1101101001100010 '
b1101101001100010 6
b1100001100100010 &
b1100001100100010 -
b1100100 F
b1100100 D
b1100100 =
b1100100 ;
b1100100 4
b1100100 2
b1100100 5
b1100100 >
b1100100 G
b111001101 ,
b0 A
b111111111111111111111110110110010001010111100110 8
b111111111111111111110100010011000111010001001111 /
1$
#932
0$
#933
b111111111111111111110100101111100011010001000100 #
b111111111111111111110100101111100011010001000100 0
b111111111111111111111111011111001000010100111010 "
b111111111111111111111111011111001000010100111010 9
b111111111111111111111111111111011111110001010100 !
b111111111111111111111111111111011111110001010100 B
b11110011011110 (
b11110011011110 ?
b1100001000000011 '
b1100001000000011 6
b1100001010001011 &
b1100001010001011 -
b1100100 F
b1100100 D
b1100100 =
b1100100 ;
b1100100 4
b1100100 2
b1100100 5
b1100100 >
b111111111111111111111111111111011111110001010100 A
b1100100 G
b111001110 ,
b111111111111111111111111011111001000010100111010 8
b111111111111111111110100101111100011010001000100 /
1$
#934
0$
#935
b111111111111111111111001000101001001010101110010 #
b111111111111111111111001000101001001010101110010 0
b10111000100100010100110 "
b10111000100100010100110 9
b111111111111111111111111111111101100000101001100 !
b111111111111111111111111111111101100000101001100 B
b10010110011110 (
b10010110011110 ?
b1100011000010111 '
b1100011000010111 6
b1101011100110100 &
b1101011100110100 -
b1100100 F
b1100100 D
b1100100 =
b1100100 ;
b1100100 4
b1100100 2
b1100100 5
b1100100 >
b1100100 G
b111001111 ,
b111111111111111111111111111111101100000101001100 A
b10111000100100010100110 8
b111111111111111111111001000101001001010101110010 /
1$
#936
0$
#937
b111111111111111111111111110011111001010010010111 #
b111111111111111111111111110011111001010010010111 0
b1000100011010110010000011 "
b1000100011010110010000011 9
b10011111010110100 !
b10011111010110100 B
b1101101001100010 (
b1101101001100010 ?
b1110010011000000 '
b1110010011000000 6
b1111100111111010 &
b1111100111111010 -
b1100100 F
b1100100 D
b1100100 =
b1100100 ;
b1100100 4
b1100100 2
b1100100 5
b1100100 >
b1100100 G
b111010000 ,
b10011111010110100 A
b1000100011010110010000011 8
b111111111111111111111111110011111001010010010111 /
1$
#938
0$
#939
b110100110110101000010101011 #
b110100110110101000010101011 0
b1010010010111000000110100 "
b1010010010111000000110100 9
b100000001110101100 !
b100000001110101100 B
b1100001100100010 (
b1100001100100010 ?
b111111101011 '
b111111101011 6
b1111011010101 &
b1111011010101 -
b1100100 F
b1100100 D
b1100100 =
b1100100 ;
b1100100 4
b1100100 2
b1100100 5
b1100100 >
b1100100 G
b111010001 ,
b100000001110101100 A
b1010010010111000000110100 8
b110100110110101000010101011 /
1$
#940
0$
#941
b1011000111100001111011101011 #
b1011000111100001111011101011 0
b111010011111110000001101 "
b111010011111110000001101 9
b0 !
b0 B
b0 (
b0 ?
b11001111000111 '
b11001111000111 6
b11100100000110 &
b11100100000110 -
b1100100 F
b1100100 D
b1100100 =
b1100100 ;
b1100100 4
b1100100 2
b1100100 5
b1100100 >
b1100100 G
b111010010 ,
b0 A
b111010011111110000001101 8
b1011000111100001111011101011 /
1$
#942
0$
#943
b1011110010001001111100111010 #
b1011110010001001111100111010 0
b111110010000001010001 "
b111110010000001010001 9
b111111111111111111111111111111011111110001010100 !
b111111111111111111111111111111011111110001010100 B
b11110011011110 (
b11110011011110 ?
b11111111100000 '
b11111111100000 6
b11111101111111 &
b11111101111111 -
b1100100 F
b1100100 D
b1100100 =
b1100100 ;
b1100100 4
b1100100 2
b1100100 5
b1100100 >
b111111111111111111111111111111011111110001010100 A
b1100100 G
b111010011 ,
b111110010000001010001 8
b1011110010001001111100111010 /
1$
#944
0$
#945
b1000010111111101101010111101 #
b1000010111111101101010111101 0
b111111111111111111111111010001011111100100011010 "
b111111111111111111111111010001011111100100011010 9
b111111111111111111111111111111101100000101001100 !
b111111111111111111111111111111101100000101001100 B
b10010110011110 (
b10010110011110 ?
b10111010100111 '
b10111010100111 6
b11000000000010 &
b11000000000010 -
b1100100 F
b1100100 D
b1100100 =
b1100100 ;
b1100100 4
b1100100 2
b1100100 5
b1100100 >
b1100100 G
b111010100 ,
b111111111111111111111111111111101100000101001100 A
b111111111111111111111111010001011111100100011010 8
b1000010111111101101010111101 /
1$
#946
0$
#947
b10000100011010100000101100 #
b10000100011010100000101100 0
b111111111111111111111110110000100011001000100101 "
b111111111111111111111110110000100011001000100101 9
b10011111010110100 !
b10011111010110100 B
b1101101001100010 (
b1101101001100010 ?
b100000000101 '
b100000000101 6
b111111101011 &
b111111101011 -
b1100100 F
b1100100 D
b1100100 =
b1100100 ;
b1100100 4
b1100100 2
b1100100 5
b1100100 >
b1100100 G
b111010101 ,
b10011111010110100 A
b111111111111111111111110110000100011001000100101 8
b10000100011010100000101100 /
1$
#948
0$
#949
b111111111111111111111011000011000100100010010011 #
b111111111111111111111011000011000100100010010011 0
b111111111111111111111110110100000100011110100100 "
b111111111111111111111110110100000100011110100100 9
b100000001110101100 !
b100000001110101100 B
b1100001100100010 (
b1100001100100010 ?
b1101110110110101 '
b1101110110110101 6
b1110101001010010 &
b1110101001010010 -
b1100100 F
b1100100 D
b1100100 =
b1100100 ;
b1100100 4
b1100100 2
b1100100 5
b1100100 >
b1100100 G
b111010110 ,
b100000001110101100 A
b111111111111111111111110110100000100011110100100 8
b111111111111111111111011000011000100100010010011 /
1$
#950
0$
#951
b111111111111111111110101101111010101011001010111 #
b111111111111111111110101101111010101011001010111 0
b111111111111111111111111011010011100001101010110 "
b111111111111111111111111011010011100001101010110 9
b0 !
b0 B
b0 (
b0 ?
b1100001100100010 '
b1100001100100010 6
b1100110000111001 &
b1100110000111001 -
b1100100 F
b1100100 D
b1100100 =
b1100100 ;
b1100100 4
b1100100 2
b1100100 5
b1100100 >
b1100100 G
b111010111 ,
b0 A
b111111111111111111111111011010011100001101010110 8
b111111111111111111110101101111010101011001010111 /
1$
#952
0$
#953
b111111111111111111110011111110101100101110110110 #
b111111111111111111110011111110101100101110110110 0
b10010000011001110111111 "
b10010000011001110111111 9
b111111111111111111111111111111011111110001010100 !
b111111111111111111111111111111011111110001010100 B
b11110011011110 (
b11110011011110 ?
b1100010001111111 '
b1100010001111111 6
b1100000000001000 &
b1100000000001000 -
b1100100 F
b1100100 D
b1100100 =
b1100100 ;
b1100100 4
b1100100 2
b1100100 5
b1100100 >
b111111111111111111111111111111011111110001010100 A
b1100100 G
b111011000 ,
b10010000011001110111111 8
b111111111111111111110011111110101100101110110110 /
1$
#954
0$
#955
b111111111111111111110110011000000111100101011111 #
b111111111111111111110110011000000111100101011111 0
b1000001011000000011111100 "
b1000001011000000011111100 9
b111111111111111111111111111111101100000101001100 !
b111111111111111111111111111111101100000101001100 B
b10010110011110 (
b10010110011110 ?
b1110000100101011 '
b1110000100101011 6
b1100100111110111 &
b1100100111110111 -
b1100100 F
b1100100 D
b1100100 =
b1100100 ;
b1100100 4
b1100100 2
b1100100 5
b1100100 >
b1100100 G
b111011001 ,
b111111111111111111111111111111101100000101001100 A
b1000001011000000011111100 8
b111111111111111111110110011000000111100101011111 /
1$
#956
0$
#957
b111111111111111111111100000110100010001101100001 #
b111111111111111111111100000110100010001101100001 0
b1010010101100100010000011 "
b1010010101100100010000011 9
b10011111010110100 !
b10011111010110100 B
b1101101001100010 (
b1101101001100010 ?
b101111111110 '
b101111111110 6
b1110011010010101 &
b1110011010010101 -
b1100100 F
b1100100 D
b1100100 =
b1100100 ;
b1100100 4
b1100100 2
b1100100 5
b1100100 >
b1100100 G
b111011010 ,
b10011111010110100 A
b1010010101100100010000011 8
b111111111111111111111100000110100010001101100001 /
1$
#958
0$
#959
b11001011001110011101001001 #
b11001011001110011101001001 0
b111110000011110111100111 "
b111110000011110111100111 9
b100000001110101100 !
b100000001110101100 B
b1100001100100010 (
b1100001100100010 ?
b11000101010000 '
b11000101010000 6
b101111111110 &
b101111111110 -
b1100100 F
b1100100 D
b1100100 =
b1100100 ;
b1100100 4
b1100100 2
b1100100 5
b1100100 >
b1100100 G
b111011011 ,
b100000001110101100 A
b111110000011110111100111 8
b11001011001110011101001001 /
1$
#960
0$
#961
b1001001001101000100100010100 #
b1001001001101000100100010100 0
b1100111100001100110010 "
b1100111100001100110010 9
b0 !
b0 B
b0 (
b0 ?
b100000000000000 '
b100000000000000 6
b10110101000001 &
b10110101000001 -
b1100100 F
b1100100 D
b1100100 =
b1100100 ;
b1100100 4
b1100100 2
b1100100 5
b1100100 >
b1100100 G
b111011100 ,
b0 A
b1100111100001100110010 8
b1001001001101000100100010100 /
1$
#962
0$
#963
b1011111101100000011011000111 #
b1011111101100000011011000111 0
b111111111111111111111111010101111000010111001101 "
b111111111111111111111111010101111000010111001101 9
b111111111111111111111111111111011111110001010100 !
b111111111111111111111111111111011111110001010100 B
b11110011011110 (
b11110011011110 ?
b11000101010000 '
b11000101010000 6
b11111011011110 &
b11111011011110 -
b1100100 F
b1100100 D
b1100100 =
b1100100 ;
b1100100 4
b1100100 2
b1100100 5
b1100100 >
b111111111111111111111111111111011111110001010100 A
b1100100 G
b111011101 ,
b111111111111111111111111010101111000010111001101 8
b1011111101100000011011000111 /
1$
#964
0$
#965
b1010101000101000110000011001 #
b1010101000101000110000011001 0
b111111111111111111111110110010001001101100000000 "
b111111111111111111111110110010001001101100000000 9
b111111111111111111111111111111101100000101001100 !
b111111111111111111111111111111101100000101001100 B
b10010110011110 (
b10010110011110 ?
b101111111110 '
b101111111110 6
b11101010111100 &
b11101010111100 -
b1100100 F
b1100100 D
b1100100 =
b1100100 ;
b1100100 4
b1100100 2
b1100100 5
b1100100 >
b1100100 G
b111011110 ,
b111111111111111111111111111111101100000101001100 A
b111111111111111111111110110010001001101100000000 8
b1010101000101000110000011001 /
1$
#966
0$
#967
b101101000011000000010001100 #
b101101000011000000010001100 0
b10011111010110100 !
b10011111010110100 B
b1101101001100010 (
b1101101001100010 ?
b1110000100101011 '
b1110000100101011 6
b10001001001011 &
b10001001001011 -
b1100100 F
b1100100 D
b1100100 =
b1100100 ;
b1100100 4
b1100100 2
b1100100 5
b1100100 >
b1100100 G
b111011111 ,
b10011111010110100 A
b111111111111111111111110110010001001101100000000 8
b101101000011000000010001100 /
1$
#968
0$
#969
b111111111111111111111110101011011110110100100100 #
b111111111111111111111110101011011110110100100100 0
b111111111111111111111111010101111000010111001101 "
b111111111111111111111111010101111000010111001101 9
b100000001110101100 !
b100000001110101100 B
b1100001100100010 (
b1100001100100010 ?
b1100010001111111 '
b1100010001111111 6
b1111110111111101 &
b1111110111111101 -
b1100100 F
b1100100 D
b1100100 =
b1100100 ;
b1100100 4
b1100100 2
b1100100 5
b1100100 >
b1100100 G
b111100000 ,
b100000001110101100 A
b111111111111111111111111010101111000010111001101 8
b111111111111111111111110101011011110110100100100 /
1$
#970
0$
#971
b111111111111111111111000001011110100010001100110 #
b111111111111111111111000001011110100010001100110 0
b1100111100001100110010 "
b1100111100001100110010 9
b0 !
b0 B
b0 (
b0 ?
b1100001100100010 '
b1100001100100010 6
b1101101001100010 &
b1101101001100010 -
b1100100 F
b1100100 D
b1100100 =
b1100100 ;
b1100100 4
b1100100 2
b1100100 5
b1100100 >
b1100100 G
b111100001 ,
b0 A
b1100111100001100110010 8
b111111111111111111111000001011110100010001100110 /
1$
#972
0$
#973
b111111111111111111110100011001001000100111010111 #
b111111111111111111110100011001001000100111010111 0
b111110000011110111100111 "
b111110000011110111100111 9
b111111111111111111111111111111011111110001010100 !
b111111111111111111111111111111011111110001010100 B
b11110011011110 (
b11110011011110 ?
b1101110110110101 '
b1101110110110101 6
b1100001111001001 &
b1100001111001001 -
b1100100 F
b1100100 D
b1100100 =
b1100100 ;
b1100100 4
b1100100 2
b1100100 5
b1100100 >
b111111111111111111111111111111011111110001010100 A
b1100100 G
b111100010 ,
b111110000011110111100111 8
b111111111111111111110100011001001000100111010111 /
1$
#974
0$
#975
b111111111111111111110100100111010111010100110100 #
b111111111111111111110100100111010111010100110100 0
b1010010101100100010000011 "
b1010010101100100010000011 9
b111111111111111111111111111111101100000101001100 !
b111111111111111111111111111111101100000101001100 B
b10010110011110 (
b10010110011110 ?
b100000000101 '
b100000000101 6
b1100001000000011 &
b1100001000000011 -
b1100100 F
b1100100 D
b1100100 =
b1100100 ;
b1100100 4
b1100100 2
b1100100 5
b1100100 >
b1100100 G
b111100011 ,
b111111111111111111111111111111101100000101001100 A
b1010010101100100010000011 8
b111111111111111111110100100111010111010100110100 /
1$
#976
0$
#977
b111111111111111111111000110001100101011110101100 #
b111111111111111111111000110001100101011110101100 0
b1000001011000000011111100 "
b1000001011000000011111100 9
b10011111010110100 !
b10011111010110100 B
b1101101001100010 (
b1101101001100010 ?
b10111010100111 '
b10111010100111 6
b1101010110101101 &
b1101010110101101 -
b1100100 F
b1100100 D
b1100100 =
b1100100 ;
b1100100 4
b1100100 2
b1100100 5
b1100100 >
b1100100 G
b111100100 ,
b10011111010110100 A
b1000001011000000011111100 8
b111111111111111111111000110001100101011110101100 /
1$
#978
0$
#979
b111111111111111111111111011011101110101001100000 #
b111111111111111111111111011011101110101001100000 0
b10010000011001110111111 "
b10010000011001110111111 9
b100000001110101100 !
b100000001110101100 B
b1100001100100010 (
b1100001100100010 ?
b11111111100000 '
b11111111100000 6
b1111011111111011 &
b1111011111111011 -
b1100100 F
b1100100 D
b1100100 =
b1100100 ;
b1100100 4
b1100100 2
b1100100 5
b1100100 >
b1100100 G
b111100101 ,
b100000001110101100 A
b10010000011001110111111 8
b111111111111111111111111011011101110101001100000 /
1$
#980
0$
#981
b110010010011010101110011110 #
b110010010011010101110011110 0
b111111111111111111111111011010011100001101010110 "
b111111111111111111111111011010011100001101010110 9
b0 !
b0 B
b0 (
b0 ?
b11001111000111 '
b11001111000111 6
b1110100001110 &
b1110100001110 -
b1100100 F
b1100100 D
b1100100 =
b1100100 ;
b1100100 4
b1100100 2
b1100100 5
b1100100 >
b1100100 G
b111100110 ,
b0 A
b111111111111111111111111011010011100001101010110 8
b110010010011010101110011110 /
1$
#982
0$
#983
b1010111101111011111010100010 #
b1010111101111011111010100010 0
b111111111111111111111110110100000100011110100100 "
b111111111111111111111110110100000100011110100100 9
b111111111111111111111111111111011111110001010100 !
b111111111111111111111111111111011111110001010100 B
b11110011011110 (
b11110011011110 ?
b111111101011 '
b111111101011 6
b11100000010101 &
b11100000010101 -
b1100100 F
b1100100 D
b1100100 =
b1100100 ;
b1100100 4
b1100100 2
b1100100 5
b1100100 >
b111111111111111111111111111111011111110001010100 A
b1100100 G
b111100111 ,
b111111111111111111111110110100000100011110100100 8
b1010111101111011111010100010 /
1$
#984
0$
#985
b1011110110101100101111111100 #
b1011110110101100101111111100 0
b111111111111111111111110110000100011001000100101 "
b111111111111111111111110110000100011001000100101 9
b111111111111111111111111111111101100000101001100 !
b111111111111111111111111111111101100000101001100 B
b10010110011110 (
b10010110011110 ?
b1110010011000000 '
b1110010011000000 6
b11111110110111 &
b11111110110111 -
b1100100 F
b1100100 D
b1100100 =
b1100100 ;
b1100100 4
b1100100 2
b1100100 5
b1100100 >
b1100100 G
b111101000 ,
b111111111111111111111111111111101100000101001100 A
b111111111111111111111110110000100011001000100101 8
b1011110110101100101111111100 /
1$
#986
0$
#987
b1000101001000100110101000011 #
b1000101001000100110101000011 0
b111111111111111111111111010001011111100100011010 "
b111111111111111111111111010001011111100100011010 9
b10011111010110100 !
b10011111010110100 B
b1101101001100010 (
b1101101001100010 ?
b1100011000010111 '
b1100011000010111 6
b11000101010000 &
b11000101010000 -
b1100100 F
b1100100 D
b1100100 =
b1100100 ;
b1100100 4
b1100100 2
b1100100 5
b1100100 >
b1100100 G
b111101001 ,
b10011111010110100 A
b111111111111111111111111010001011111100100011010 8
b1000101001000100110101000011 /
1$
#988
0$
#989
b10011100001011010101010010 #
b10011100001011010101010010 0
b111110010000001010001 "
b111110010000001010001 9
b100000001110101100 !
b100000001110101100 B
b1100001100100010 (
b1100001100100010 ?
b1100001000000011 '
b1100001000000011 6
b1000111011011 &
b1000111011011 -
b1100100 F
b1100100 D
b1100100 =
b1100100 ;
b1100100 4
b1100100 2
b1100100 5
b1100100 >
b1100100 G
b111101010 ,
b100000001110101100 A
b111110010000001010001 8
b10011100001011010101010010 /
1$
#990
0$
#991
b111111111111111111111011011001010001000011001000 #
b111111111111111111111011011001010001000011001000 0
b111010011111110000001101 "
b111010011111110000001101 9
b0 !
b0 B
b0 (
b0 ?
b1101101001100010 '
b1101101001100010 6
b1110110000111001 &
b1110110000111001 -
b1100100 F
b1100100 D
b1100100 =
b1100100 ;
b1100100 4
b1100100 2
b1100100 5
b1100100 >
b1100100 G
b111101011 ,
b0 A
b111010011111110000001101 8
b111111111111111111111011011001010001000011001000 /
1$
#992
0$
#993
b111111111111111111110101111100010010010000101101 #
b111111111111111111110101111100010010010000101101 0
b1010010010111000000110100 "
b1010010010111000000110100 9
b111111111111111111111111111111011111110001010100 !
b111111111111111111111111111111011111110001010100 B
b11110011011110 (
b11110011011110 ?
b10000000101 '
b10000000101 6
b1100110101101110 &
b1100110101101110 -
b1100100 F
b1100100 D
b1100100 =
b1100100 ;
b1100100 4
b1100100 2
b1100100 5
b1100100 >
b111111111111111111111111111111011111110001010100 A
b1100100 G
b111101100 ,
b1010010010111000000110100 8
b111111111111111111110101111100010010010000101101 /
1$
#994
0$
#995
b111111111111111111110011111101111011001011100011 #
b111111111111111111110011111101111011001011100011 0
b1000100011010110010000011 "
b1000100011010110010000011 9
b111111111111111111111111111111101100000101001100 !
b111111111111111111111111111111101100000101001100 B
b10010110011110 (
b10010110011110 ?
b10101111010000 '
b10101111010000 6
b1100000000100000 &
b1100000000100000 -
b1100100 F
b1100100 D
b1100100 =
b1100100 ;
b1100100 4
b1100100 2
b1100100 5
b1100100 >
b1100100 G
b111101101 ,
b111111111111111111111111111111101100000101001100 A
b1000100011010110010000011 8
b111111111111111111110011111101111011001011100011 /
1$
#996
0$
#997
b111111111111111111110110001001111000100111100001 #
b111111111111111111110110001001111000100111100001 0
b10111000100100010100110 "
b10111000100100010100110 9
b10011111010110100 !
b10011111010110100 B
b1101101001100010 (
b1101101001100010 ?
b11111101111111 '
b11111101111111 6
b1100100011101010 &
b1100100011101010 -
b1100100 F
b1100100 D
b1100100 =
b1100100 ;
b1100100 4
b1100100 2
b1100100 5
b1100100 >
b1100100 G
b111101110 ,
b10011111010110100 A
b10111000100100010100110 8
b111111111111111111110110001001111000100111100001 /
1$
#998
0$
#999
b111111111111111111111011101111110000101110111111 #
b111111111111111111111011101111110000101110111111 0
b111111111111111111111111011111001000010100111010 "
b111111111111111111111111011111001000010100111010 9
b100000001110101100 !
b100000001110101100 B
b1100001100100010 (
b1100001100100010 ?
b11011000001001 '
b11011000001001 6
b1110010011000000 &
b1110010011000000 -
b1100100 F
b1100100 D
b1100100 =
b1100100 ;
b1100100 4
b1100100 2
b1100100 5
b1100100 >
b1100100 G
b111101111 ,
b100000001110101100 A
b111111111111111111111111011111001000010100111010 8
b111111111111111111111011101111110000101110111111 /
1$
#1000
0$
#1001
b10110011110010011001011010 #
b10110011110010011001011010 0
b111111111111111111111110110110010001010111100110 "
b111111111111111111111110110110010001010111100110 9
b0 !
b0 B
b0 (
b0 ?
b1001111000111 '
b1001111000111 6
b101000000011 &
b101000000011 -
b1100100 F
b1100100 D
b1100100 =
b1100100 ;
b1100100 4
b1100100 2
b1100100 5
b1100100 >
b1100100 G
b111110000 ,
b0 A
b111111111111111111111110110110010001010111100110 8
b10110011110010011001011010 /
1$
#1002
0$
#1003
b1000111001101000100110111110 #
b1000111001101000100110111110 0
b111111111111111111111110101111001111111000100111 "
b111111111111111111111110101111001111111000100111 9
b111111111111111111111111111111011111110001010100 !
b111111111111111111111111111111011111110001010100 B
b11110011011110 (
b11110011011110 ?
b1110100001110001 '
b1110100001110001 6
b10101111010000 &
b10101111010000 -
b1100100 F
b1100100 D
b1100100 =
b1100100 ;
b1100100 4
b1100100 2
b1100100 5
b1100100 >
b111111111111111111111111111111011111110001010100 A
b1100100 G
b111110001 ,
b111111111111111111111110101111001111111000100111 8
b1000111001101000100110111110 /
1$
#1004
0$
#1005
b1011111010011110101000000100 #
b1011111010011110101000000100 0
b111111111111111111111111001101010010001101100010 "
b111111111111111111111111001101010010001101100010 9
b111111111111111111111111111111101100000101001100 !
b111111111111111111111111111111101100000101001100 B
b10010110011110 (
b10010110011110 ?
b1100011111101011 '
b1100011111101011 6
b11111001110101 &
b11111001110101 -
b1100100 F
b1100100 D
b1100100 =
b1100100 ;
b1100100 4
b1100100 2
b1100100 5
b1100100 >
b1100100 G
b111110010 ,
b111111111111111111111111111111101100000101001100 A
b111111111111111111111111001101010010001101100010 8
b1011111010011110101000000100 /
1$
#1006
0$
#1007
b1010110011101000000110111000 #
b1010110011101000000110111000 0
b10100110000110000010 "
b10100110000110000010 9
b10011111010110100 !
b10011111010110100 B
b1101101001100010 (
b1101101001100010 ?
b1100000100100010 '
b1100000100100010 6
b11101110000001 &
b11101110000001 -
b1100100 F
b1100100 D
b1100100 =
b1100100 ;
b1100100 4
b1100100 2
b1100100 5
b1100100 >
b1100100 G
b111110011 ,
b10011111010110100 A
b10100110000110000010 8
b1010110011101000000110111000 /
1$
#1008
0$
#1009
b101111101100101010001100010 #
b101111101100101010001100010 0
b110110101101100111001011 "
b110110101101100111001011 9
b100000001110101100 !
b100000001110101100 B
b1100001100100010 (
b1100001100100010 ?
b1101011100110100 '
b1101011100110100 6
b10001111111001 &
b10001111111001 -
b1100100 F
b1100100 D
b1100100 =
b1100100 ;
b1100100 4
b1100100 2
b1100100 5
b1100100 >
b1100100 G
b111110100 ,
b100000001110101100 A
b110110101101100111001011 8
b101111101100101010001100010 /
1$
