$date
	Tue Apr 21 13:04:05 2026
$end
$version
	Icarus Verilog
$end
$timescale
	1ns
$end
$scope module tb_fir_direct $end
$var wire 40 ! dout_950 [39:0] $end
$var wire 40 " dout_2000 [39:0] $end
$var wire 40 # dout_1100 [39:0] $end
$var reg 1 $ clk $end
$var reg 16 % din_1100 [15:0] $end
$var reg 16 & din_2000 [15:0] $end
$var reg 16 ' din_950 [15:0] $end
$var reg 1 ( rst_n $end
$var integer 32 ) idx [31:0] $end
$scope module u_dut_1100 $end
$var wire 1 $ clk $end
$var wire 16 * din [15:0] $end
$var wire 1 ( rst_n $end
$var parameter 32 + TAPS $end
$var reg 40 , acc_reg [39:0] $end
$var reg 40 - dout [39:0] $end
$scope begin $ivl_for_loop0 $end
$var integer 32 . i [31:0] $end
$upscope $end
$scope begin $ivl_for_loop1 $end
$var integer 32 / i [31:0] $end
$upscope $end
$scope begin $ivl_for_loop2 $end
$var integer 32 0 i [31:0] $end
$upscope $end
$scope begin $ivl_for_loop3 $end
$var integer 32 1 i [31:0] $end
$upscope $end
$scope begin $ivl_for_loop4 $end
$var integer 32 2 i [31:0] $end
$upscope $end
$upscope $end
$scope module u_dut_2000 $end
$var wire 1 $ clk $end
$var wire 16 3 din [15:0] $end
$var wire 1 ( rst_n $end
$var parameter 32 4 TAPS $end
$var reg 40 5 acc_reg [39:0] $end
$var reg 40 6 dout [39:0] $end
$scope begin $ivl_for_loop0 $end
$var integer 32 7 i [31:0] $end
$upscope $end
$scope begin $ivl_for_loop1 $end
$var integer 32 8 i [31:0] $end
$upscope $end
$scope begin $ivl_for_loop2 $end
$var integer 32 9 i [31:0] $end
$upscope $end
$scope begin $ivl_for_loop3 $end
$var integer 32 : i [31:0] $end
$upscope $end
$scope begin $ivl_for_loop4 $end
$var integer 32 ; i [31:0] $end
$upscope $end
$upscope $end
$scope module u_dut_950 $end
$var wire 1 $ clk $end
$var wire 16 < din [15:0] $end
$var wire 1 ( rst_n $end
$var parameter 32 = TAPS $end
$var reg 40 > acc_reg [39:0] $end
$var reg 40 ? dout [39:0] $end
$scope begin $ivl_for_loop0 $end
$var integer 32 @ i [31:0] $end
$upscope $end
$scope begin $ivl_for_loop1 $end
$var integer 32 A i [31:0] $end
$upscope $end
$scope begin $ivl_for_loop2 $end
$var integer 32 B i [31:0] $end
$upscope $end
$scope begin $ivl_for_loop3 $end
$var integer 32 C i [31:0] $end
$upscope $end
$scope begin $ivl_for_loop4 $end
$var integer 32 D i [31:0] $end
$upscope $end
$upscope $end
$scope task readFiles $end
$upscope $end
$scope task read_coeffs $end
$var integer 32 E coeff_file [31:0] $end
$var integer 32 F i [31:0] $end
$upscope $end
$scope task read_q_2_14_1100 $end
$var integer 32 G idx [31:0] $end
$var integer 32 H in_file [31:0] $end
$upscope $end
$scope task read_q_2_14_2000 $end
$var integer 32 I idx [31:0] $end
$var integer 32 J in_file [31:0] $end
$upscope $end
$scope task read_q_2_14_950 $end
$var integer 32 K idx [31:0] $end
$var integer 32 L in_file [31:0] $end
$upscope $end
$scope task writeFiles $end
$var integer 32 M j [31:0] $end
$var integer 32 N out_1100_file [31:0] $end
$var integer 32 O out_2000_file [31:0] $end
$var integer 32 P out_950_file [31:0] $end
$upscope $end
$upscope $end
$enddefinitions $end
$comment Show the parameter values. $end
$dumpall
b1100100 =
b1100100 4
b1100100 +
$end
#0
$dumpvars
bx P
bx O
bx N
bx M
b10000000000000000000000000000011 L
b10000011101 K
b10000000000000000000000000000011 J
b111110100 I
b10000000000000000000000000000011 H
b1110001110 G
b1100100 F
b10000000000000000000000000000011 E
b0 D
b0 C
b0 B
b0 A
b0 @
bx ?
bx >
bx <
b0 ;
b0 :
b0 9
b0 8
b0 7
bx 6
bx 5
bx 3
b0 2
b0 1
b0 0
b0 /
b0 .
bx -
bx ,
bx *
b0 )
1(
bx '
bx &
bx %
0$
bx #
bx "
bx !
$end
#1
b0 !
b0 ?
b0 >
b0 #
b0 -
b0 ,
b0 "
b0 6
b0 5
b0 &
b0 3
b0 %
b0 *
b0 '
b0 <
b1100100 9
b1100100 7
b1100100 0
b1100100 .
b1100100 B
b1100100 @
1$
#2
0$
0(
#3
b1 )
b1100100 :
b1100100 8
b1100100 1
b1100100 /
b1100100 C
b1100100 A
b1100100 D
b1100100 2
b1100100 ;
1$
#4
0$
#5
b10 )
b11110011011110 &
b11110011011110 3
b10100011001100 %
b10100011001100 *
b10001111111001 '
b10001111111001 <
b1100100 :
b1100100 8
b1100100 1
b1100100 /
b1100100 C
b1100100 A
b1100100 D
b1100100 2
b1100100 ;
1$
#6
0$
#7
b11 )
b10010110011110 &
b10010110011110 3
b11111011011110 %
b11111011011110 *
b11101110000001 '
b11101110000001 <
b1100100 :
b1100100 8
b1100100 1
b1100100 /
b1100100 C
b1100100 A
b1100100 D
b1100100 2
b1100100 ;
1$
#8
0$
#9
b100 )
b1101101001100010 &
b1101101001100010 3
b11100000010101 %
b11100000010101 *
b11111001110101 '
b11111001110101 <
b1100100 :
b1100100 8
b1100100 1
b1100100 /
b1100100 C
b1100100 A
b1100100 D
b1100100 2
b1100100 ;
1$
#10
0$
#11
b1111111111111111111111111001010000010101 !
b1111111111111111111111111001010000010101 ?
b1111111111111111111111111000010110011100 #
b1111111111111111111111111000010110011100 -
b1111111111111111111111110100100101100110 "
b1111111111111111111111110100100101100110 6
b101 )
b1100001100100010 &
b1100001100100010 3
b1011110001111 %
b1011110001111 *
b10101111010000 '
b10101111010000 <
b1100100 :
b1100100 8
b1100100 1
b1100100 /
b1100100 C
b1100100 A
b1111111111111111111111111001010000010101 >
b1100100 D
b1111111111111111111111111000010110011100 ,
b1100100 2
b1111111111111111111111110100100101100110 5
b1100100 ;
1$
#12
0$
#13
b1111111111111111111111100101000110101110 !
b1111111111111111111111100101000110101110 ?
b1111111111111111111111100010010111010010 #
b1111111111111111111111100010010111010010 -
b1111111111111111111111011110010100010100 "
b1111111111111111111111011110010100010100 6
b110 )
b0 &
b0 3
b1110110000111001 %
b1110110000111001 *
b101000000011 '
b101000000011 <
b1100100 :
b1100100 8
b1100100 1
b1100100 /
b1100100 C
b1100100 A
b1100100 D
b1100100 2
b1100100 ;
b1111111111111111111111011110010100010100 5
b1111111111111111111111100010010111010010 ,
b1111111111111111111111100101000110101110 >
1$
#14
0$
#15
b1111111111111111111111000110000001011001 !
b1111111111111111111111000110000001011001 ?
b1111111111111111111111000011000010000011 #
b1111111111111111111111000011000010000011 -
b1111111111111111111111010100010110111010 "
b1111111111111111111111010100010110111010 6
b111 )
b11110011011110 &
b11110011011110 3
b1100100111110111 %
b1100100111110111 *
b1110010011000000 '
b1110010011000000 <
b1100100 :
b1100100 8
b1100100 1
b1100100 /
b1100100 C
b1100100 A
b1100100 D
b1100100 2
b1100100 ;
b1111111111111111111111010100010110111010 5
b1111111111111111111111000011000010000011 ,
b1111111111111111111111000110000001011001 >
1$
#16
0$
#17
b1111111111111111111110101001000000001100 !
b1111111111111111111110101001000000001100 ?
b1111111111111111111110101011010010010010 #
b1111111111111111111110101011010010010010 -
b1111111111111111111111101000010001101110 "
b1111111111111111111111101000010001101110 6
b1000 )
b10010110011110 &
b10010110011110 3
b1100000010000001 %
b1100000010000001 *
b1100100011101010 '
b1100100011101010 <
b1100100 :
b1100100 8
b1100100 1
b1100100 /
b1100100 C
b1100100 A
b1100100 D
b1100100 2
b1100100 ;
b1111111111111111111111101000010001101110 5
b1111111111111111111110101011010010010010 ,
b1111111111111111111110101001000000001100 >
1$
#18
0$
#19
b1111111111111111111110100011010100110111 !
b1111111111111111111110100011010100110111 ?
b1111111111111111111110110010110001011011 #
b1111111111111111111110110010110001011011 -
b10001100100010110 "
b10001100100010110 6
b1001 )
b1101101001100010 &
b1101101001100010 3
b1101010000110000 %
b1101010000110000 *
b1100000000100000 '
b1100000000100000 <
b1100100 :
b1100100 8
b1100100 1
b1100100 /
b1100100 C
b1100100 A
b1100100 D
b1100100 2
b1100100 ;
b10001100100010110 5
b1111111111111111111110110010110001011011 ,
b1111111111111111111110100011010100110111 >
1$
#20
0$
#21
b1111111111111111111111000110101100010100 !
b1111111111111111111111000110101100010100 ?
b1111111111111111111111100111111001110011 #
b1111111111111111111111100111111001110011 -
b110001110011000010 "
b110001110011000010 6
b1010 )
b1100001100100010 &
b1100001100100010 3
b1111101111111011 %
b1111101111111011 *
b1100110101101110 '
b1100110101101110 <
b1100100 :
b1100100 8
b1100100 1
b1100100 /
b1100100 C
b1100100 A
b1100100 D
b1100100 2
b1100100 ;
b110001110011000010 5
b1111111111111111111111100111111001110011 ,
b1111111111111111111111000110101100010100 >
1$
#22
0$
#23
b10110100110111111 !
b10110100110111111 ?
b1000100001001000000 #
b1000100001001000000 -
b110111000011100000 "
b110111000011100000 6
b1011 )
b0 &
b0 3
b10010110011110 %
b10010110011110 *
b1110110000111001 '
b1110110000111001 <
b1100100 :
b1100100 8
b1100100 1
b1100100 /
b1100100 C
b1100100 A
b1100100 D
b1100100 2
b1100100 ;
b110111000011100000 5
b1000100001001000000 ,
b10110100110111111 >
1$
#24
0$
#25
b10000000011011101000 !
b10000000011011101000 ?
b10100111010110010111 #
b10100111010110010111 -
b101001010010101000 "
b101001010010101000 6
b1100 )
b11110011011110 &
b11110011011110 3
b11110111111101 %
b11110111111101 *
b1000111011011 '
b1000111011011 <
b1100100 :
b1100100 8
b1100100 1
b1100100 /
b1100100 C
b1100100 A
b1100100 D
b1100100 2
b1100100 ;
b101001010010101000 5
b10100111010110010111 ,
b10000000011011101000 >
1$
#26
0$
#27
b11011101010100000111 !
b11011101010100000111 ?
b11100001011100100000 #
b11100001011100100000 -
b10111101110010010 "
b10111101110010010 6
b1101 )
b10010110011110 &
b10010110011110 3
b11100111101001 %
b11100111101001 *
b11000101010000 '
b11000101010000 <
b1100100 :
b1100100 8
b1100100 1
b1100100 /
b1100100 C
b1100100 A
b1100100 D
b1100100 2
b1100100 ;
b10111101110010010 5
b11100001011100100000 ,
b11011101010100000111 >
1$
#28
0$
#29
b11111011001001011110 !
b11111011001001011110 ?
b11000011010111011100 #
b11000011010111011100 -
b1111111111111111111111111100001100100010 "
b1111111111111111111111111100001100100010 6
b1110 )
b1101101001100010 &
b1101101001100010 3
b1101101000000 %
b1101101000000 *
b11111110110111 '
b11111110110111 <
b1100100 :
b1100100 8
b1100100 1
b1100100 /
b1100100 C
b1100100 A
b1100100 D
b1100100 2
b1100100 ;
b1111111111111111111111111100001100100010 5
b11000011010111011100 ,
b11111011001001011110 >
1$
#30
0$
#31
b10110010011000110010 !
b10110010011000110010 ?
b111001110001010111 #
b111001110001010111 -
b1111111111111111111111001011010010111110 "
b1111111111111111111111001011010010111110 6
b1111 )
b1100001100100010 &
b1100001100100010 3
b1111000000010101 %
b1111000000010101 *
b11100000010101 '
b11100000010101 <
b1100100 :
b1100100 8
b1100100 1
b1100100 /
b1100100 C
b1100100 A
b1100100 D
b1100100 2
b1100100 ;
b1111111111111111111111001011010010111110 5
b111001110001010111 ,
b10110010011000110010 >
1$
#32
0$
#33
b1111111111111111111111111100101110000001 !
b1111111111111111111111111100101110000001 ?
b1111111111111111111101100000000111011110 #
b1111111111111111111101100000000111011110 -
b1111111111111111111110010011010110000000 "
b1111111111111111111110010011010110000000 6
b10000 )
b0 &
b0 3
b1100110000111001 %
b1100110000111001 *
b1110100001110 '
b1110100001110 <
b1100100 :
b1100100 8
b1100100 1
b1100100 /
b1100100 C
b1100100 A
b1100100 D
b1100100 2
b1100100 ;
b1111111111111111111110010011010110000000 5
b1111111111111111111101100000000111011110 ,
b1111111111111111111111111100101110000001 >
1$
#34
0$
#35
b1111111111111111111100000110111111000001 !
b1111111111111111111100000110111111000001 ?
b1111111111111111111010000101111001110010 #
b1111111111111111111010000101111001110010 -
b1111111111111111111110000011001110101010 "
b1111111111111111111110000011001110101010 6
b10001 )
b11110011011110 &
b11110011011110 3
b1100000000100000 %
b1100000000100000 *
b1111011111111011 '
b1111011111111011 <
b1100100 :
b1100100 8
b1100100 1
b1100100 /
b1100100 C
b1100100 A
b1100100 D
b1100100 2
b1100100 ;
b1111111111111111111110000011001110101010 5
b1111111111111111111010000101111001110010 ,
b1111111111111111111100000110111111000001 >
1$
#36
0$
#37
b1111111111111111111000101100111010011101 !
b1111111111111111111000101100111010011101 ?
b1111111111111111111000010110111011110001 #
b1111111111111111111000010110111011110001 -
b1111111111111111111110111100101000101000 "
b1111111111111111111110111100101000101000 6
b10010 )
b10010110011110 &
b10010110011110 3
b1101000101011001 %
b1101000101011001 *
b1101010110101101 '
b1101010110101101 <
b1100100 :
b1100100 8
b1100100 1
b1100100 /
b1100100 C
b1100100 A
b1100100 D
b1100100 2
b1100100 ;
b1111111111111111111110111100101000101000 5
b1111111111111111111000010110111011110001 ,
b1111111111111111111000101100111010011101 >
1$
#38
0$
#39
b1111111111111111110111011011101001011010 !
b1111111111111111110111011011101001011010 ?
b1111111111111111111001101100011000110001 #
b1111111111111111111001101100011000110001 -
b101001010010101000 "
b101001010010101000 6
b10011 )
b1101101001100010 &
b1101101001100010 3
b1111011111111011 %
b1111011111111011 *
b1100001000000011 '
b1100001000000011 <
b1100100 :
b1100100 8
b1100100 1
b1100100 /
b1100100 C
b1100100 A
b1100100 D
b1100100 2
b1100100 ;
b101001010010101000 5
b1111111111111111111001101100011000110001 ,
b1111111111111111110111011011101001011010 >
1$
#40
0$
#41
b1111111111111111111001100101001111111110 !
b1111111111111111111001100101001111111110 ?
b1111111111111111111110011100001111000001 #
b1111111111111111111110011100001111000001 -
b10001110010101101100 "
b10001110010101101100 6
b10100 )
b1100001100100010 &
b1100001100100010 3
b10001001001011 %
b10001001001011 *
b1100001111001001 '
b1100001111001001 <
b1100100 :
b1100100 8
b1100100 1
b1100100 /
b1100100 C
b1100100 A
b1100100 D
b1100100 2
b1100100 ;
b10001110010101101100 5
b1111111111111111111110011100001111000001 ,
b1111111111111111111001100101001111111110 >
1$
#42
0$
#43
b1111111111111111111111010010010101110100 !
b1111111111111111111111010010010101110100 ?
b101011010110000101101 #
b101011010110000101101 -
b10111111001111010000 "
b10111111001111010000 6
b10101 )
b0 &
b0 3
b11110011011110 %
b11110011011110 *
b1101101001100010 '
b1101101001100010 <
b1100100 :
b1100100 8
b1100100 1
b1100100 /
b1100100 C
b1100100 A
b1100100 D
b1100100 2
b1100100 ;
b10111111001111010000 5
b101011010110000101101 ,
b1111111111111111111111010010010101110100 >
1$
#44
0$
#45
b111000100001000101000 !
b111000100001000101000 ?
b1011111110101101111011 #
b1011111110101101111011 -
b10101101101010111010 "
b10101101101010111010 6
b10110 )
b11110011011110 &
b11110011011110 3
b11101110000001 %
b11101110000001 *
b1111110111111101 '
b1111110111111101 <
b1100100 :
b1100100 8
b1100100 1
b1100100 /
b1100100 C
b1100100 A
b1100100 D
b1100100 2
b1100100 ;
b10101101101010111010 5
b1011111110101101111011 ,
b111000100001000101000 >
1$
#46
0$
#47
b1110000011001110111110 !
b1110000011001110111110 ?
b1110111010100110110101 #
b1110111010100110110101 -
b1011110111001001000 "
b1011110111001001000 6
b10111 )
b10010110011110 &
b10010110011110 3
b1111011010101 %
b1111011010101 *
b10001001001011 '
b10001001001011 <
b1100100 :
b1100100 8
b1100100 1
b1100100 /
b1100100 C
b1100100 A
b1100100 D
b1100100 2
b1100100 ;
b1011110111001001000 5
b1110111010100110110101 ,
b1110000011001110111110 >
1$
#48
0$
#49
b10000111000010011110110 !
b10000111000010011110110 ?
b1011110011010110011010 #
b1011110011010110011010 -
b1111111111111111111111011001000011110110 "
b1111111111111111111111011001000011110110 6
b11000 )
b1101101001100010 &
b1101101001100010 3
b1111010000000010 %
b1111010000000010 *
b11101010111100 '
b11101010111100 <
b1100100 :
b1100100 8
b1100100 1
b1100100 /
b1100100 C
b1100100 A
b1100100 D
b1100100 2
b1100100 ;
b1111111111111111111111011001000011110110 5
b1011110011010110011010 ,
b10000111000010011110110 >
1$
#50
0$
#51
b1101000110010011111011 !
b1101000110010011111011 ?
b10011001010100000110 #
b10011001010100000110 -
b1111111111111111111100110101010110010110 "
b1111111111111111111100110101010110010110 6
b11001 )
b1100001100100010 &
b1100001100100010 3
b1100111010110000 %
b1100111010110000 *
b11111011011110 '
b11111011011110 <
b1100100 :
b1100100 8
b1100100 1
b1100100 /
b1100100 C
b1100100 A
b1100100 D
b1100100 2
b1100100 ;
b1111111111111111111100110101010110010110 5
b10011001010100000110 ,
b1101000110010011111011 >
1$
#52
0$
#53
b10100010100000000100 !
b10100010100000000100 ?
b1111111111111111110101010101101110101100 #
b1111111111111111110101010101101110101100 -
b1111111111111111111010110110001110100010 "
b1111111111111111111010110110001110100010 6
b11010 )
b0 &
b0 3
b1100000000000000 %
b1100000000000000 *
b10110101000001 '
b10110101000001 <
b1100100 :
b1100100 8
b1100100 1
b1100100 /
b1100100 C
b1100100 A
b1100100 D
b1100100 2
b1100100 ;
b1111111111111111111010110110001110100010 5
b1111111111111111110101010101101110101100 ,
b10100010100000000100 >
1$
#54
0$
#55
b1111111111111111110100000010111000111001 !
b1111111111111111110100000010111000111001 ?
b1111111111111111101001101101011101110000 #
b1111111111111111101001101101011101110000 -
b1111111111111111111010110011111000000100 "
b1111111111111111111010110011111000000100 6
b11011 )
b11110011011110 &
b11110011011110 3
b1100111010110000 %
b1100111010110000 *
b101111111110 '
b101111111110 <
b1100100 :
b1100100 8
b1100100 1
b1100100 /
b1100100 C
b1100100 A
b1100100 D
b1100100 2
b1100100 ;
b1111111111111111111010110011111000000100 5
b1111111111111111101001101101011101110000 ,
b1111111111111111110100000010111000111001 >
1$
#56
0$
#57
b1111111111111111100110111100100000110101 !
b1111111111111111100110111100100000110101 ?
b1111111111111111100101001101000100001101 #
b1111111111111111100101001101000100001101 -
b1111111111111111111101010011110010000110 "
b1111111111111111111101010011110010000110 6
b11100 )
b10010110011110 &
b10010110011110 3
b1111010000000010 %
b1111010000000010 *
b1110011010010101 '
b1110011010010101 <
b1100100 :
b1100100 8
b1100100 1
b1100100 /
b1100100 C
b1100100 A
b1100100 D
b1100100 2
b1100100 ;
b1111111111111111111101010011110010000110 5
b1111111111111111100101001101000100001101 ,
b1111111111111111100110111100100000110101 >
1$
#58
0$
#59
b1111111111111111100001010110011111010100 !
b1111111111111111100001010110011111010100 ?
b1111111111111111101011101011101000110000 #
b1111111111111111101011101011101000110000 -
b1100100001001100110 "
b1100100001001100110 6
b11101 )
b1101101001100010 &
b1101101001100010 3
b1111011010101 %
b1111011010101 *
b1100100111110111 '
b1100100111110111 <
b1100100 :
b1100100 8
b1100100 1
b1100100 /
b1100100 C
b1100100 A
b1100100 D
b1100100 2
b1100100 ;
b1100100001001100110 5
b1111111111111111101011101011101000110000 ,
b1111111111111111100001010110011111010100 >
1$
#60
0$
#61
b1111111111111111100111100111110001010001 !
b1111111111111111100111100111110001010001 ?
b1111111111111111111100111010110101001001 #
b1111111111111111111100111010110101001001 -
b101110011000100000110 "
b101110011000100000110 6
b11110 )
b1100001100100010 &
b1100001100100010 3
b11101110000001 %
b11101110000001 *
b1100000000001000 '
b1100000000001000 <
b1100100 :
b1100100 8
b1100100 1
b1100100 /
b1100100 C
b1100100 A
b1100100 D
b1100100 2
b1100100 ;
b101110011000100000110 5
b1111111111111111111100111010110101001001 ,
b1111111111111111100111100111110001010001 >
1$
#62
0$
#63
b1111111111111111111001111110011101100010 !
b1111111111111111111001111110011101100010 ?
b10011101101101100000111 #
b10011101101101100000111 -
b1000001100110100001100 "
b1000001100110100001100 6
b11111 )
b0 &
b0 3
b11110011011110 %
b11110011011110 *
b1100110000111001 '
b1100110000111001 <
b1100100 :
b1100100 8
b1100100 1
b1100100 /
b1100100 C
b1100100 A
b1100100 D
b1100100 2
b1100100 ;
b1000001100110100001100 5
b10011101101101100000111 ,
b1111111111111111111001111110011101100010 >
1$
#64
0$
#65
b10011010111011111111011 !
b10011010111011111111011 ?
b100111000100111110010110 #
b100111000100111110010110 -
b111101001101011100000 "
b111101001101011100000 6
b100000 )
b11110011011110 &
b11110011011110 3
b10001001001011 %
b10001001001011 *
b1110101001010010 '
b1110101001010010 <
b1100100 :
b1100100 8
b1100100 1
b1100100 /
b1100100 C
b1100100 A
b1100100 D
b1100100 2
b1100100 ;
b111101001101011100000 5
b100111000100111110010110 ,
b10011010111011111111011 >
1$
#66
0$
#67
b101010011100111010001100 !
b101010011100111010001100 ?
b101101011111000101110001 #
b101101011111000101110001 -
b11111101010110001010 "
b11111101010110001010 6
b100001 )
b10010110011110 &
b10010110011110 3
b1111011111111011 %
b1111011111111011 *
b111111101011 '
b111111101011 <
b1100100 :
b1100100 8
b1100100 1
b1100100 /
b1100100 C
b1100100 A
b1100100 D
b1100100 2
b1100100 ;
b11111101010110001010 5
b101101011111000101110001 ,
b101010011100111010001100 >
1$
#68
0$
#69
b110100101011100111110001 !
b110100101011100111110001 ?
b100001000101101011010010 #
b100001000101101011010010 -
b1111111111111111111101111000101101101110 "
b1111111111111111111101111000101101101110 6
b100010 )
b1101101001100010 &
b1101101001100010 3
b1101000101011001 %
b1101000101011001 *
b11000000000010 '
b11000000000010 <
b1100100 :
b1100100 8
b1100100 1
b1100100 /
b1100100 C
b1100100 A
b1100100 D
b1100100 2
b1100100 ;
b1111111111111111111101111000101101101110 5
b100001000101101011010010 ,
b110100101011100111110001 >
1$
#70
0$
#71
b101010101100001001010010 !
b101010101100001001010010 ?
b11001110111110001001 #
b11001110111110001001 -
b1111111111111111110111010110001101000100 "
b1111111111111111110111010110001101000100 6
b100011 )
b1100001100100010 &
b1100001100100010 3
b1100000000100000 %
b1100000000100000 *
b11111101111111 '
b11111101111111 <
b1100100 :
b1100100 8
b1100100 1
b1100100 /
b1100100 C
b1100100 A
b1100100 D
b1100100 2
b1100100 ;
b1111111111111111110111010110001101000100 5
b11001110111110001001 ,
b101010101100001001010010 >
1$
#72
0$
#73
b1100001011000100001110 !
b1100001011000100001110 ?
b1111111111111111011101010111000111101000 #
b1111111111111111011101010111000111101000 -
b1111111111111111110011000001001000101000 "
b1111111111111111110011000001001000101000 6
b100100 )
b0 &
b0 3
b1100110000111001 %
b1100110000111001 *
b11100100000110 '
b11100100000110 <
b1100100 :
b1100100 8
b1100100 1
b1100100 /
b1100100 C
b1100100 A
b1100100 D
b1100100 2
b1100100 ;
b1111111111111111110011000001001000101000 5
b1111111111111111011101010111000111101000 ,
b1100001011000100001110 >
1$
#74
0$
#75
b1111111111111111100001101001011011100011 !
b1111111111111111100001101001011011100011 ?
b1111111111111110111110100010101110010000 #
b1111111111111110111110100010101110010000 -
b1111111111111111110011011011110000111010 "
b1111111111111111110011011011110000111010 6
b100101 )
b11110011011110 &
b11110011011110 3
b1111000000010101 %
b1111000000010101 *
b1111011010101 '
b1111011010101 <
b1100100 :
b1100100 8
b1100100 1
b1100100 /
b1100100 C
b1100100 A
b1100100 D
b1100100 2
b1100100 ;
b1111111111111111110011011011110000111010 5
b1111111111111110111110100010101110010000 ,
b1111111111111111100001101001011011100011 >
1$
#76
0$
#77
b1111111111111110111010101100101100010010 !
b1111111111111110111010101100101100010010 ?
b1111111111111110110101111010110011011011 #
b1111111111111110110101111010110011011011 -
b1111111111111111111001100000011001010110 "
b1111111111111111111001100000011001010110 6
b100110 )
b10010110011110 &
b10010110011110 3
b1101101000000 %
b1101101000000 *
b1111100111111010 '
b1111100111111010 <
b1100100 :
b1100100 8
b1100100 1
b1100100 /
b1100100 C
b1100100 A
b1100100 D
b1100100 2
b1100100 ;
b1111111111111111111001100000011001010110 5
b1111111111111110110101111010110011011011 ,
b1111111111111110111010101100101100010010 >
1$
#78
0$
#79
b1111111111111110101000110011001111011110 !
b1111111111111110101000110011001111011110 ?
b1111111111111111001011111111010110000100 #
b1111111111111111001011111111010110000100 -
b11100111101000011010 "
b11100111101000011010 6
b100111 )
b1101101001100010 &
b1101101001100010 3
b11100111101001 %
b11100111101001 *
b1101011100110100 '
b1101011100110100 <
b1100100 :
b1100100 8
b1100100 1
b1100100 /
b1100100 C
b1100100 A
b1100100 D
b1100100 2
b1100100 ;
b11100111101000011010 5
b1111111111111111001011111111010110000100 ,
b1111111111111110101000110011001111011110 >
1$
#80
0$
#81
b1111111111111110111000010000011011010100 !
b1111111111111110111000010000011011010100 ?
b1111111111111111111101100011101011010010 #
b1111111111111111111101100011101011010010 -
b1110001000111100001110 "
b1110001000111100001110 6
b101000 )
b1100001100100010 &
b1100001100100010 3
b11110111111101 %
b11110111111101 *
b1100001010001011 '
b1100001010001011 <
b1100100 :
b1100100 8
b1100100 1
b1100100 /
b1100100 C
b1100100 A
b1100100 D
b1100100 2
b1100100 ;
b1110001000111100001110 5
b1111111111111111111101100011101011010010 ,
b1111111111111110111000010000011011010100 >
1$
#82
0$
#83
b1111111111111111101001110000110110111101 !
b1111111111111111101001110000110110111101 ?
b111010101110010101000111 #
b111010101110010101000111 -
b10100110000001001110100 "
b10100110000001001110100 6
b101001 )
b0 &
b0 3
b10010110011110 %
b10010110011110 *
b1100001100100010 '
b1100001100100010 <
b1100100 :
b1100100 8
b1100100 1
b1100100 /
b1100100 C
b1100100 A
b1100100 D
b1100100 2
b1100100 ;
b10100110000001001110100 5
b111010101110010101000111 ,
b1111111111111111101001110000110110111101 >
1$
#84
0$
#85
b101111100110110111000000 !
b101111100110110111000000 ?
b1101011010001111001110000 #
b1101011010001111001110000 -
b10100000101011010001100 "
b10100000101011010001100 6
b101010 )
b11110011011110 &
b11110011011110 3
b1111101111111011 %
b1111101111111011 *
b1101100011000110 '
b1101100011000110 <
b1100100 :
b1100100 8
b1100100 1
b1100100 /
b1100100 C
b1100100 A
b1100100 D
b1100100 2
b1100100 ;
b10100000101011010001100 5
b1101011010001111001110000 ,
b101111100110110111000000 >
1$
#86
0$
#87
b1110000010111100101111100 !
b1110000010111100101111100 ?
b1110111100000010011110011 #
b1110111100000010011110011 -
b1010111010110101000010 "
b1010111010110101000010 6
b101011 )
b10010110011110 &
b10010110011110 3
b1101010000110000 %
b1101010000110000 *
b1111101111111011 '
b1111101111111011 <
b1100100 :
b1100100 8
b1100100 1
b1100100 /
b1100100 C
b1100100 A
b1100100 D
b1100100 2
b1100100 ;
b1010111010110101000010 5
b1110111100000010011110011 ,
b1110000010111100101111100 >
1$
#88
0$
#89
b10001111001001101101110001 !
b10001111001001101101110001 ?
b1010010011010101111111111 #
b1010010011010101111111111 -
b1111111111111111111010111011010001011010 "
b1111111111111111111010111011010001011010 6
b101100 )
b1101101001100010 &
b1101101001100010 3
b1100000010000001 %
b1100000010000001 *
b10000010010100 '
b10000010010100 <
b1100100 :
b1100100 8
b1100100 1
b1100100 /
b1100100 C
b1100100 A
b1100100 D
b1100100 2
b1100100 ;
b1111111111111111111010111011010001011010 5
b1010010011010101111111111 ,
b10001111001001101101110001 >
1$
#90
0$
#91
b1110110111100101000011011 !
b1110110111100101000011011 ?
b1010010011101100000 #
b1010010011101100000 -
b1111111111111111101000101011000001101000 "
b1111111111111111101000101011000001101000 6
b101101 )
b1100001100100010 &
b1100001100100010 3
b1100100111110111 %
b1100100111110111 *
b11100111101001 '
b11100111101001 <
b1100100 :
b1100100 8
b1100100 1
b1100100 /
b1100100 C
b1100100 A
b1100100 D
b1100100 2
b1100100 ;
b1111111111111111101000101011000001101000 5
b1010010011101100000 ,
b1110110111100101000011011 >
1$
#92
0$
#93
b100101010001010110001110 !
b100101010001010110001110 ?
b1111111111111110011101000010101101010101 #
b1111111111111110011101000010101101010101 -
b1111111111111111011011000001000100101100 "
b1111111111111111011011000001000100101100 6
b101110 )
b0 &
b0 3
b1110110000111001 %
b1110110000111001 *
b11111100110110 '
b11111100110110 <
b1100100 :
b1100100 8
b1100100 1
b1100100 /
b1100100 C
b1100100 A
b1100100 D
b1100100 2
b1100100 ;
b1111111111111111011011000001000100101100 5
b1111111111111110011101000010101101010101 ,
b100101010001010110001110 >
1$
#94
0$
#95
b1111111111111110101111011110111111001011 !
b1111111111111110101111011110111111001011 ?
b1111111111111101001011111000011010011101 #
b1111111111111101001011111000011010011101 -
b1111111111111111011001001011100100010110 "
b1111111111111111011001001011100100010110 6
b101111 )
b11110011011110 &
b11110011011110 3
b1011110001111 %
b1011110001111 *
b10111010100111 '
b10111010100111 <
b1100100 :
b1100100 8
b1100100 1
b1100100 /
b1100100 C
b1100100 A
b1100100 D
b1100100 2
b1100100 ;
b1111111111111111011001001011100100010110 5
b1111111111111101001011111000011010011101 ,
b1111111111111110101111011110111111001011 >
1$
#96
0$
#97
b1111111111111100111111100101100010101011 !
b1111111111111100111111100101100010101011 ?
b1111111111111100110100011111011010100001 #
b1111111111111100110100011111011010100001 -
b1111111111111111100111110101110110010100 "
b1111111111111111100111110101110110010100 6
b110000 )
b10010110011110 &
b10010110011110 3
b11100000010101 %
b11100000010101 *
b110111110110 '
b110111110110 <
b1100100 :
b1100100 8
b1100100 1
b1100100 /
b1100100 C
b1100100 A
b1100100 D
b1100100 2
b1100100 ;
b1111111111111111100111110101110110010100 5
b1111111111111100110100011111011010100001 ,
b1111111111111100111111100101100010101011 >
1$
#98
0$
#99
b1111111111111100001000001110001000101001 !
b1111111111111100001000001110001000101001 ?
b1111111111111101101111001001101100111001 #
b1111111111111101101111001001101100111001 -
b110111100101010101010 "
b110111100101010101010 6
b110001 )
b1101101001100010 &
b1101101001100010 3
b11111011011110 %
b11111011011110 *
b1110100001110001 '
b1110100001110001 <
b1100100 :
b1100100 8
b1100100 1
b1100100 /
b1100100 C
b1100100 A
b1100100 D
b1100100 2
b1100100 ;
b110111100101010101010 5
b1111111111111101101111001001101100111001 ,
b1111111111111100001000001110001000101001 >
1$
#100
0$
#101
b1111111111111100110010111010011000011010 !
b1111111111111100110010111010011000011010 ?
b1111111111111111111010010100010100111100 #
b1111111111111111111010010100010100111100 -
b110001011000000010110110 "
b110001011000000010110110 6
b110010 )
b1100001100100010 &
b1100001100100010 3
b10100011001100 %
b10100011001100 *
b1100101100010001 '
b1100101100010001 <
b1100100 :
b1100100 8
b1100100 1
b1100100 /
b1100100 C
b1100100 A
b1100100 D
b1100100 2
b1100100 ;
b110001011000000010110110 5
b1111111111111111111010010100010100111100 ,
b1111111111111100110010111010011000011010 >
1$
#102
0$
#103
b1111111111111111001110011110011011110001 !
b1111111111111111001110011110011011110001 ?
b10110111101010001111110111 #
b10110111101010001111110111 -
b1011110100010100010111100 "
b1011110100010100010111100 6
b110011 )
b0 &
b0 3
b0 %
b0 *
b1100000000000000 '
b1100000000000000 <
b1100100 :
b1100100 8
b1100100 1
b1100100 /
b1100100 C
b1100100 A
b1100100 D
b1100100 2
b1100100 ;
b1011110100010100010111100 5
b10110111101010001111110111 ,
b1111111111111111001110011110011011110001 >
1$
#104
0$
#105
b11000100001000010110110011 !
b11000100001000010110110011 ?
b101110011011101000011100111 #
b101110011011101000011100111 -
b10000100100000101100001110 "
b10000100100000101100001110 6
b110100 )
b11110011011110 &
b11110011011110 3
b1101011100110100 %
b1101011100110100 *
b1100101100010001 '
b1100101100010001 <
b1100100 :
b1100100 8
b1100100 1
b1100100 /
b1100100 C
b1100100 A
b1100100 D
b1100100 2
b1100100 ;
b10000100100000101100001110 5
b101110011011101000011100111 ,
b11000100001000010110110011 >
1$
#106
0$
#107
b111011000101101001001110101 !
b111011000101101001001110101 ?
b111110100101111111011001111 #
b111110100101111111011001111 -
b10011010011100010111111000 "
b10011010011100010111111000 6
b110101 )
b10010110011110 &
b10010110011110 3
b1100000100100010 %
b1100000100100010 *
b1110100001110001 '
b1110100001110001 <
b1100100 :
b1100100 8
b1100100 1
b1100100 /
b1100100 C
b1100100 A
b1100100 D
b1100100 2
b1100100 ;
b10011010011100010111111000 5
b111110100101111111011001111 ,
b111011000101101001001110101 >
1$
#108
0$
#109
b1010111011001010011111111000 !
b1010111011001010011111111000 ?
b1000010000110001100101100000 #
b1000010000110001100101100000 -
b10011010110000010010101100 "
b10011010110000010010101100 6
b110110 )
b1101101001100010 &
b1101101001100010 3
b1100011111101011 %
b1100011111101011 *
b110111110110 '
b110111110110 <
b1100100 :
b1100100 8
b1100100 1
b1100100 /
b1100100 C
b1100100 A
b1100100 D
b1100100 2
b1100100 ;
b10011010110000010010101100 5
b1000010000110001100101100000 ,
b1010111011001010011111111000 >
1$
#110
0$
#111
b1100011101001100000001101010 !
b1100011101001100000001101010 ?
b110111010101010110010010001 #
b110111010101010110010010001 -
b10000101000000111010111010 "
b10000101000000111010111010 6
b110111 )
b1100001100100010 &
b1100001100100010 3
b1110100001110001 %
b1110100001110001 *
b10111010100111 '
b10111010100111 <
b1100100 :
b1100100 8
b1100100 1
b1100100 /
b1100100 C
b1100100 A
b1100100 D
b1100100 2
b1100100 ;
b10000101000000111010111010 5
b110111010101010110010010001 ,
b1100011101001100000001101010 >
1$
#112
0$
#113
b1011001110010000110011101011 !
b1011001110010000110011101011 ?
b100001001011000001000110110 #
b100001001011000001000110110 -
b1011110100010100010111100 "
b1011110100010100010111100 6
b111000 )
b0 &
b0 3
b1001111000111 %
b1001111000111 *
b11111100110110 '
b11111100110110 <
b1100100 :
b1100100 8
b1100100 1
b1100100 /
b1100100 C
b1100100 A
b1100100 D
b1100100 2
b1100100 ;
b1011110100010100010111100 5
b100001001011000001000110110 ,
b1011001110010000110011101011 >
1$
#114
0$
#115
b111001111111001011111000001 !
b111001111111001011111000001 ?
b110001000001111100000111 #
b110001000001111100000111 -
b110000110111110100001010 "
b110000110111110100001010 6
b111001 )
b11110011011110 &
b11110011011110 3
b11011000001001 %
b11011000001001 *
b11100111101001 '
b11100111101001 <
b1100100 :
b1100100 8
b1100100 1
b1100100 /
b1100100 C
b1100100 A
b1100100 D
b1100100 2
b1100100 ;
b110000110111110100001010 5
b110001000001111100000111 ,
b111001111111001011111000001 >
1$
#116
0$
#117
b1011011000010110100001001 !
b1011011000010110100001001 ?
b1111111111111101110001101111110010111011 #
b1111111111111101110001101111110010111011 -
b110101000101111110110 "
b110101000101111110110 6
b111010 )
b10010110011110 &
b10010110011110 3
b11111101111111 %
b11111101111111 *
b10000010010100 '
b10000010010100 <
b1100100 :
b1100100 8
b1100100 1
b1100100 /
b1100100 C
b1100100 A
b1100100 D
b1100100 2
b1100100 ;
b110101000101111110110 5
b1111111111111101110001101111110010111011 ,
b1011011000010110100001001 >
1$
#118
0$
#119
b1111111111111011010011000100010110010011 !
b1111111111111011010011000100010110010011 ?
b1111111111111100000001110001101000000011 #
b1111111111111100000001110001101000000011 -
b1111111111111111101000001001110001001000 "
b1111111111111111101000001001110001001000 6
b111011 )
b1101101001100010 &
b1101101001100010 3
b10101111010000 %
b10101111010000 *
b1111101111111011 '
b1111101111111011 <
b1100100 :
b1100100 8
b1100100 1
b1100100 /
b1100100 C
b1100100 A
b1100100 D
b1100100 2
b1100100 ;
b1111111111111111101000001001110001001000 5
b1111111111111100000001110001101000000011 ,
b1111111111111011010011000100010110010011 >
1$
#120
0$
#121
b1111111111110110101001001001110001100011 !
b1111111111110110101001001001110001100011 ?
b1111111111111011111011001000010011000100 #
b1111111111111011111011001000010011000100 -
b1111111111111111011001101011110011000010 "
b1111111111111111011001101011110011000010 6
b111100 )
b1100001100100010 &
b1100001100100010 3
b10000000101 %
b10000000101 *
b1101100011000110 '
b1101100011000110 <
b1100100 :
b1100100 8
b1100100 1
b1100100 /
b1100100 C
b1100100 A
b1100100 D
b1100100 2
b1100100 ;
b1111111111111111011001101011110011000010 5
b1111111111111011111011001000010011000100 ,
b1111111111110110101001001001110001100011 >
1$
#122
0$
#123
b1111111111110100111000011000100111011101 !
b1111111111110100111000011000100111011101 ?
b1111111111111101010011010100000100111011 #
b1111111111111101010011010100000100111011 -
b1111111111111111011011000001000100101100 "
b1111111111111111011011000001000100101100 6
b111101 )
b0 &
b0 3
b1101101001100010 %
b1101101001100010 *
b1100001100100010 '
b1100001100100010 <
b1100100 :
b1100100 8
b1100100 1
b1100100 /
b1100100 C
b1100100 A
b1100100 D
b1100100 2
b1100100 ;
b1111111111111111011011000001000100101100 5
b1111111111111101010011010100000100111011 ,
b1111111111110100111000011000100111011101 >
1$
#124
0$
#125
b1111111111110110100110011111111001011111 !
b1111111111110110100110011111111001011111 ?
b1111111111111111100000011010110010011010 #
b1111111111111111100000011010110010011010 -
b1111111111111111101000001010110010111100 "
b1111111111111111101000001010110010111100 6
b111110 )
b11110011011110 &
b11110011011110 3
b1100001000000011 %
b1100001000000011 *
b1100001010001011 '
b1100001010001011 <
b1100100 :
b1100100 8
b1100100 1
b1100100 /
b1100100 C
b1100100 A
b1100100 D
b1100100 2
b1100100 ;
b1111111111111111101000001010110010111100 5
b1111111111111111100000011010110010011010 ,
b1111111111110110100110011111111001011111 >
1$
#126
0$
#127
b1111111111111011010100010011000011100011 !
b1111111111111011010100010011000011100011 ?
b1101001011111010010100101 #
b1101001011111010010100101 -
b1111111111111111111010100111010110100110 "
b1111111111111111111010100111010110100110 6
b111111 )
b10010110011110 &
b10010110011110 3
b1100011000010111 %
b1100011000010111 *
b1101011100110100 '
b1101011100110100 <
b1100100 :
b1100100 8
b1100100 1
b1100100 /
b1100100 C
b1100100 A
b1100100 D
b1100100 2
b1100100 ;
b1111111111111111111010100111010110100110 5
b1101001011111010010100101 ,
b1111111111111011010100010011000011100011 >
1$
#128
0$
#129
b1100100010000111000010011 !
b1100100010000111000010011 ?
b10111011111011000101110110 #
b10111011111011000101110110 -
b1011001110101111110110 "
b1011001110101111110110 6
b1000000 )
b1101101001100010 &
b1101101001100010 3
b1110010011000000 %
b1110010011000000 *
b1111100111111010 '
b1111100111111010 <
b1100100 :
b1100100 8
b1100100 1
b1100100 /
b1100100 C
b1100100 A
b1100100 D
b1100100 2
b1100100 ;
b1011001110101111110110 5
b10111011111011000101110110 ,
b1100100010000111000010011 >
1$
#130
0$
#131
b111010110011011111001101011 !
b111010110011011111001101011 ?
b10111101101000111010100100 #
b10111101101000111010100100 -
b10100100101101000111000 "
b10100100101101000111000 6
b1000001 )
b1100001100100010 &
b1100001100100010 3
b111111101011 %
b111111101011 *
b1111011010101 '
b1111011010101 <
b1100100 :
b1100100 8
b1100100 1
b1100100 /
b1100100 C
b1100100 A
b1100100 D
b1100100 2
b1100100 ;
b10100100101101000111000 5
b10111101101000111010100100 ,
b111010110011011111001101011 >
1$
#132
0$
#133
b1010110001010010110010101000 !
b1010110001010010110010101000 ?
b1110101001110000101010100 #
b1110101001110000101010100 -
b10100110000001001110100 "
b10100110000001001110100 6
b1000010 )
b0 &
b0 3
b11001111000111 %
b11001111000111 *
b11100100000110 '
b11100100000110 <
b1100100 :
b1100100 8
b1100100 1
b1100100 /
b1100100 C
b1100100 A
b1100100 D
b1100100 2
b1100100 ;
b10100110000001001110100 5
b1110101001110000101010100 ,
b1010110001010010110010101000 >
1$
#134
0$
#135
b1010101010011010011000001110 !
b1010101010011010011000001110 ?
b101010101101100100011 #
b101010101101100100011 -
b1101101000101101100010 "
b1101101000101101100010 6
b1000011 )
b11110011011110 &
b11110011011110 3
b11111111100000 %
b11111111100000 *
b11111101111111 '
b11111101111111 <
b1100100 :
b1100100 8
b1100100 1
b1100100 /
b1100100 C
b1100100 A
b1100100 D
b1100100 2
b1100100 ;
b1101101000101101100010 5
b101010101101100100011 ,
b1010101010011010011000001110 >
1$
#136
0$
#137
b111000000110000111010011011 !
b111000000110000111010011011 ?
b1111111111111110011101011110111010011110 #
b1111111111111110011101011110111010011110 -
b11010011101101100110 "
b11010011101101100110 6
b1000100 )
b10010110011110 &
b10010110011110 3
b10111010100111 %
b10111010100111 *
b11000000000010 '
b11000000000010 <
b1100100 :
b1100100 8
b1100100 1
b1100100 /
b1100100 C
b1100100 A
b1100100 D
b1100100 2
b1100100 ;
b11010011101101100110 5
b1111111111111110011101011110111010011110 ,
b111000000110000111010011011 >
1$
#138
0$
#139
b111111000111001100111110 !
b111111000111001100111110 ?
b1111111111111101100110011101111100000000 #
b1111111111111101100110011101111100000000 -
b1111111111111111111001110100010100001010 "
b1111111111111111111001110100010100001010 6
b1000101 )
b1101101001100010 &
b1101101001100010 3
b100000000101 %
b100000000101 *
b111111101011 '
b111111101011 <
b1100100 :
b1100100 8
b1100100 1
b1100100 /
b1100100 C
b1100100 A
b1100100 D
b1100100 2
b1100100 ;
b1111111111111111111001110100010100001010 5
b1111111111111101100110011101111100000000 ,
b111111000111001100111110 >
1$
#140
0$
#141
b1111111111111010100100101101111101110110 !
b1111111111111010100100101101111101110110 ?
b1111111111111101110010100111001100110100 #
b1111111111111101110010100111001100110100 -
b1111111111111111110011111011111111100110 "
b1111111111111111110011111011111111100110 6
b1000110 )
b1100001100100010 &
b1100001100100010 3
b1101110110110101 %
b1101110110110101 *
b1110101001010010 '
b1110101001010010 <
b1100100 :
b1100100 8
b1100100 1
b1100100 /
b1100100 C
b1100100 A
b1100100 D
b1100100 2
b1100100 ;
b1111111111111111110011111011111111100110 5
b1111111111111101110010100111001100110100 ,
b1111111111111010100100101101111101110110 >
1$
#142
0$
#143
b1111111111110101111011100000011101100101 !
b1111111111110101111011100000011101100101 ?
b1111111111111110110111110011010100111110 #
b1111111111111110110111110011010100111110 -
b1111111111111111110011000001001000101000 "
b1111111111111111110011000001001000101000 6
b1000111 )
b0 &
b0 3
b1100001100100010 %
b1100001100100010 *
b1100110000111001 '
b1100110000111001 <
b1100100 :
b1100100 8
b1100100 1
b1100100 /
b1100100 C
b1100100 A
b1100100 D
b1100100 2
b1100100 ;
b1111111111111111110011000001001000101000 5
b1111111111111110110111110011010100111110 ,
b1111111111110101111011100000011101100101 >
1$
#144
0$
#145
b1111111111110100101001011000111000001000 !
b1111111111110100101001011000111000001000 ?
b10101010010001101001000 #
b10101010010001101001000 -
b1111111111111111110110110101111110011000 "
b1111111111111111110110110101111110011000 6
b1001000 )
b11110011011110 &
b11110011011110 3
b1100010001111111 %
b1100010001111111 *
b1100000000001000 '
b1100000000001000 <
b1100100 :
b1100100 8
b1100100 1
b1100100 /
b1100100 C
b1100100 A
b1100100 D
b1100100 2
b1100100 ;
b1111111111111111110110110101111110011000 5
b10101010010001101001000 ,
b1111111111110100101001011000111000001000 >
1$
#146
0$
#147
b1111111111110111001100110011001101010000 !
b1111111111110111001100110011001101010000 ?
b1100010011101101111001110 #
b1100010011101101111001110 -
b1111111111111111111101100100110010111010 "
b1111111111111111111101100100110010111010 6
b1001001 )
b10010110011110 &
b10010110011110 3
b1110000100101011 %
b1110000100101011 *
b1100100111110111 '
b1100100111110111 <
b1100100 :
b1100100 8
b1100100 1
b1100100 /
b1100100 C
b1100100 A
b1100100 D
b1100100 2
b1100100 ;
b1111111111111111111101100100110010111010 5
b1100010011101101111001110 ,
b1111111111110111001100110011001101010000 >
1$
#148
0$
#149
b1111111111111100110000111111000111101101 !
b1111111111111100110000111111000111101101 ?
b10000000001011100111110100 #
b10000000001011100111110100 -
b100010001010000111110 "
b100010001010000111110 6
b1001010 )
b1101101001100010 &
b1101101001100010 3
b101111111110 %
b101111111110 *
b1110011010010101 '
b1110011010010101 <
b1100100 :
b1100100 8
b1100100 1
b1100100 /
b1100100 C
b1100100 A
b1100100 D
b1100100 2
b1100100 ;
b100010001010000111110 5
b10000000001011100111110100 ,
b1111111111111100110000111111000111101101 >
1$
#150
0$
#151
b11011110100101111101000100 !
b11011110100101111101000100 ?
b1100101001000110101111101 #
b1100101001000110101111101 -
b1000001001111010001100 "
b1000001001111010001100 6
b1001011 )
b1100001100100010 &
b1100001100100010 3
b11000101010000 %
b11000101010000 *
b101111111110 '
b101111111110 <
b1100100 :
b1100100 8
b1100100 1
b1100100 /
b1100100 C
b1100100 A
b1100100 D
b1100100 2
b1100100 ;
b1000001001111010001100 5
b1100101001000110101111101 ,
b11011110100101111101000100 >
1$
#152
0$
#153
b1001000011100111000001110110 !
b1001000011100111000001110110 ?
b100000101001111000111001 #
b100000101001111000111001 -
b1000001100110100001100 "
b1000001100110100001100 6
b1001100 )
b0 &
b0 3
b100000000000000 %
b100000000000000 *
b10110101000001 '
b10110101000001 <
b1100100 :
b1100100 8
b1100100 1
b1100100 /
b1100100 C
b1100100 A
b1100100 D
b1100100 2
b1100100 ;
b1000001100110100001100 5
b100000101001111000111001 ,
b1001000011100111000001110110 >
1$
#154
0$
#155
b1011100101001000001100011000 !
b1011100101001000001100011000 ?
b1111111111111111010010110011001100010110 #
b1111111111111111010010110011001100010110 -
b101010010110101011010 "
b101010010110101011010 6
b1001101 )
b11110011011110 &
b11110011011110 3
b11000101010000 %
b11000101010000 *
b11111011011110 '
b11111011011110 <
b1100100 :
b1100100 8
b1100100 1
b1100100 /
b1100100 C
b1100100 A
b1100100 D
b1100100 2
b1100100 ;
b101010010110101011010 5
b1111111111111111010010110011001100010110 ,
b1011100101001000001100011000 >
1$
#156
0$
#157
b1010001001111111001111101101 !
b1010001001111111001111101101 ?
b1111111111111110011101110101010100110000 #
b1111111111111110011101110101010100110000 -
b1010000001110110010 "
b1010000001110110010 6
b1001110 )
b10010110011110 &
b10010110011110 3
b101111111110 %
b101111111110 *
b11101010111100 '
b11101010111100 <
b1100100 :
b1100100 8
b1100100 1
b1100100 /
b1100100 C
b1100100 A
b1100100 D
b1100100 2
b1100100 ;
b1010000001110110010 5
b1111111111111110011101110101010100110000 ,
b1010001001111111001111101101 >
1$
#158
0$
#159
b101001111010100100011000001 !
b101001111010100100011000001 ?
b1111111111111110010111010110110000001101 #
b1111111111111110010111010110110000001101 -
b1111111111111111111101100111101100111010 "
b1111111111111111111101100111101100111010 6
b1001111 )
b1101101001100010 &
b1101101001100010 3
b1110000100101011 %
b1110000100101011 *
b10001001001011 '
b10001001001011 <
b1100100 :
b1100100 8
b1100100 1
b1100100 /
b1100100 C
b1100100 A
b1100100 D
b1100100 2
b1100100 ;
b1111111111111111111101100111101100111010 5
b1111111111111110010111010110110000001101 ,
b101001111010100100011000001 >
1$
#160
0$
#161
b1111111111111110011111100001101101011101 !
b1111111111111110011111100001101101011101 ?
b1111111111111110111111100101110100111101 #
b1111111111111110111111100101110100111101 -
b1111111111111111111011010100000110110000 "
b1111111111111111111011010100000110110000 6
b1010000 )
b1100001100100010 &
b1100001100100010 3
b1100010001111111 %
b1100010001111111 *
b1111110111111101 '
b1111110111111101 <
b1100100 :
b1100100 8
b1100100 1
b1100100 /
b1100100 C
b1100100 A
b1100100 D
b1100100 2
b1100100 ;
b1111111111111111111011010100000110110000 5
b1111111111111110111111100101110100111101 ,
b1111111111111110011111100001101101011101 >
1$
#162
0$
#163
b1111111111111000001110010110110001101010 !
b1111111111111000001110010110110001101010 ?
b10010001111011011110 #
b10010001111011011110 -
b1111111111111111111010110110001110100010 "
b1111111111111111111010110110001110100010 6
b1010001 )
b0 &
b0 3
b1100001100100010 %
b1100001100100010 *
b1101101001100010 '
b1101101001100010 <
b1100100 :
b1100100 8
b1100100 1
b1100100 /
b1100100 C
b1100100 A
b1100100 D
b1100100 2
b1100100 ;
b1111111111111111111010110110001110100010 5
b10010001111011011110 ,
b1111111111111000001110010110110001101010 >
1$
#164
0$
#165
b1111111111110100100110001110111011010010 !
b1111111111110100100110001110111011010010 ?
b1000000011101001011101101 #
b1000000011101001011101101 -
b1111111111111111111100010101000111101010 "
b1111111111111111111100010101000111101010 6
b1010010 )
b11110011011110 &
b11110011011110 3
b1101110110110101 %
b1101110110110101 *
b1100001111001001 '
b1100001111001001 <
b1100100 :
b1100100 8
b1100100 1
b1100100 /
b1100100 C
b1100100 A
b1100100 D
b1100100 2
b1100100 ;
b1111111111111111111100010101000111101010 5
b1000000011101001011101101 ,
b1111111111110100100110001110111011010010 >
1$
#166
0$
#167
b1111111111110100111000001111101000101010 !
b1111111111110100111000001111101000101010 ?
b1011110011111111000011101 #
b1011110011111111000011101 -
b1111111111111111111111000101001001000010 "
b1111111111111111111111000101001001000010 6
b1010011 )
b10010110011110 &
b10010110011110 3
b100000000101 %
b100000000101 *
b1100001000000011 '
b1100001000000011 <
b1100100 :
b1100100 8
b1100100 1
b1100100 /
b1100100 C
b1100100 A
b1100100 D
b1100100 2
b1100100 ;
b1111111111111111111111000101001001000010 5
b1011110011111111000011101 ,
b1111111111110100111000001111101000101010 >
1$
#168
0$
#169
b1111111111111000111111101000101101101010 !
b1111111111111000111111101000101101101010 ?
b1010000010010101010110001 #
b1010000010010101010110001 -
b1110010110011111100 "
b1110010110011111100 6
b1010100 )
b1101101001100010 &
b1101101001100010 3
b10111010100111 %
b10111010100111 *
b1101010110101101 '
b1101010110101101 <
b1100100 :
b1100100 8
b1100100 1
b1100100 /
b1100100 C
b1100100 A
b1100100 D
b1100100 2
b1100100 ;
b1110010110011111100 5
b1010000010010101010110001 ,
b1111111111111000111111101000101101101010 >
1$
#170
0$
#171
b1111111111111111100010110010110010001000 !
b1111111111111111100010110010110010001000 ?
b11110000001111100111010 #
b11110000001111100111010 -
b11001101111001100110 "
b11001101111001100110 6
b1010101 )
b1100001100100010 &
b1100001100100010 3
b11111111100000 %
b11111111100000 *
b1111011111111011 '
b1111011111111011 <
b1100100 :
b1100100 8
b1100100 1
b1100100 /
b1100100 C
b1100100 A
b1100100 D
b1100100 2
b1100100 ;
b11001101111001100110 5
b11110000001111100111010 ,
b1111111111111111100010110010110010001000 >
1$
#172
0$
#173
b110010001101101000100010010 !
b110010001101101000100010010 ?
b1111111111111111011111110110111110000011 #
b1111111111111111011111110110111110000011 -
b10111111001111010000 "
b10111111001111010000 6
b1010110 )
b0 &
b0 3
b11001111000111 %
b11001111000111 *
b1110100001110 '
b1110100001110 <
b1100100 :
b1100100 8
b1100100 1
b1100100 /
b1100100 C
b1100100 A
b1100100 D
b1100100 2
b1100100 ;
b10111111001111010000 5
b1111111111111111011111110110111110000011 ,
b110010001101101000100010010 >
1$
#174
0$
#175
b1010110111100001001010100000 !
b1010110111100001001010100000 ?
b1111111111111110110010100000101101100101 #
b1111111111111110110010100000101101100101 -
b1101110000111000000 "
b1101110000111000000 6
b1010111 )
b11110011011110 &
b11110011011110 3
b111111101011 %
b111111101011 *
b11100000010101 '
b11100000010101 <
b1100100 :
b1100100 8
b1100100 1
b1100100 /
b1100100 C
b1100100 A
b1100100 D
b1100100 2
b1100100 ;
b1101110000111000000 5
b1111111111111110110010100000101101100101 ,
b1010110111100001001010100000 >
1$
#176
0$
#177
b1011101110001000011001010110 !
b1011101110001000011001010110 ?
b1111111111111110101010001111100001010110 #
b1111111111111110101010001111100001010110 -
b10101010111110100 "
b10101010111110100 6
b1011000 )
b10010110011110 &
b10010110011110 3
b1110010011000000 %
b1110010011000000 *
b11111110110111 '
b11111110110111 <
b1100100 :
b1100100 8
b1100100 1
b1100100 /
b1100100 C
b1100100 A
b1100100 D
b1100100 2
b1100100 ;
b10101010111110100 5
b1111111111111110101010001111100001010110 ,
b1011101110001000011001010110 >
1$
#178
0$
#179
b1000100001110001101111100000 !
b1000100001110001101111100000 ?
b1111111111111111001001110110100000001011 #
b1111111111111111001001110110100000001011 -
b1111111111111111111111010000100011011100 "
b1111111111111111111111010000100011011100 6
b1011001 )
b1101101001100010 &
b1101101001100010 3
b1100011000010111 %
b1100011000010111 *
b11000101010000 '
b11000101010000 <
b1100100 :
b1100100 8
b1100100 1
b1100100 /
b1100100 C
b1100100 A
b1100100 D
b1100100 2
b1100100 ;
b1111111111111111111111010000100011011100 5
b1111111111111111001001110110100000001011 ,
b1000100001110001101111100000 >
1$
#180
0$
#181
b10011000010010010100010011 !
b10011000010010010100010011 ?
b1110111111011000011 #
b1110111111011000011 -
b1111111111111111111110100011011101010110 "
b1111111111111111111110100011011101010110 6
b1011010 )
b1100001100100010 &
b1100001100100010 3
b1100001000000011 %
b1100001000000011 *
b1000111011011 '
b1000111011011 <
b1100100 :
b1100100 8
b1100100 1
b1100100 /
b1100100 C
b1100100 A
b1100100 D
b1100100 2
b1100100 ;
b1111111111111111111110100011011101010110 5
b1110111111011000011 ,
b10011000010010010100010011 >
1$
#182
0$
#183
b1111111111111011011001001101110001001001 !
b1111111111111011011001001101110001001001 ?
b110111111111110111101011 #
b110111111111110111101011 -
b1111111111111111111110010011010110000000 "
b1111111111111111111110010011010110000000 6
b1011011 )
b0 &
b0 3
b1101101001100010 %
b1101101001100010 *
b1110110000111001 '
b1110110000111001 <
b1100100 :
b1100100 8
b1100100 1
b1100100 /
b1100100 C
b1100100 A
b1100100 D
b1100100 2
b1100100 ;
b1111111111111111111110010011010110000000 5
b110111111111110111101011 ,
b1111111111111011011001001101110001001001 >
1$
#184
0$
#185
b1111111111110101111111000100101001011111 !
b1111111111110101111111000100101001011111 ?
b1010011010000110010001011 #
b1010011010000110010001011 -
b1111111111111111111110101011000100010010 "
b1111111111111111111110101011000100010010 6
b1011100 )
b11110011011110 &
b11110011011110 3
b10000000101 %
b10000000101 *
b1100110101101110 '
b1100110101101110 <
b1100100 :
b1100100 8
b1100100 1
b1100100 /
b1100100 C
b1100100 A
b1100100 D
b1100100 2
b1100100 ;
b1111111111111111111110101011000100010010 5
b1010011010000110010001011 ,
b1111111111110101111111000100101001011111 >
1$
#186
0$
#187
b1111111111110100000001110110010101000001 !
b1111111111110100000001110110010101000001 ?
b1000111011110001001011111 #
b1000111011110001001011111 -
b1111111111111111111111101000010001101110 "
b1111111111111111111111101000010001101110 6
b1011101 )
b10010110011110 &
b10010110011110 3
b10101111010000 %
b10101111010000 *
b1100000000100000 '
b1100000000100000 <
b1100100 :
b1100100 8
b1100100 1
b1100100 /
b1100100 C
b1100100 A
b1100100 D
b1100100 2
b1100100 ;
b1111111111111111111111101000010001101110 5
b1000111011110001001011111 ,
b1111111111110100000001110110010101000001 >
1$
#188
0$
#189
b1111111111110110001101010101111011101000 !
b1111111111110110001101010101111011101000 ?
b11010100101111111000110 #
b11010100101111111000110 -
b101011101001000110 "
b101011101001000110 6
b1011110 )
b1101101001100010 &
b1101101001100010 3
b11111101111111 %
b11111101111111 *
b1100100011101010 '
b1100100011101010 <
b1100100 :
b1100100 8
b1100100 1
b1100100 /
b1100100 C
b1100100 A
b1100100 D
b1100100 2
b1100100 ;
b101011101001000110 5
b11010100101111111000110 ,
b1111111111110110001101010101111011101000 >
1$
#190
0$
#191
b1111111111111011110001110001001010100111 !
b1111111111111011110001110001001010100111 ?
b1111111111111111100001101111101011010001 #
b1111111111111111100001101111101011010001 -
b1001001100001010100 "
b1001001100001010100 6
b1011111 )
b1100001100100010 &
b1100001100100010 3
b11011000001001 %
b11011000001001 *
b1110010011000000 '
b1110010011000000 <
b1100100 :
b1100100 8
b1100100 1
b1100100 /
b1100100 C
b1100100 A
b1100100 D
b1100100 2
b1100100 ;
b1001001100001010100 5
b1111111111111111100001101111101011010001 ,
b1111111111111011110001110001001010100111 >
1$
#192
0$
#193
b10110100001001000000011001 !
b10110100001001000000011001 ?
b1111111111111110110111010101100000100110 #
b1111111111111110110111010101100000100110 -
b110111000011100000 "
b110111000011100000 6
b1100000 )
b0 &
b0 3
b1001111000111 %
b1001111000111 *
b101000000011 '
b101000000011 <
b1100100 :
b1100100 8
b1100100 1
b1100100 /
b1100100 C
b1100100 A
b1100100 D
b1100100 2
b1100100 ;
b110111000011100000 5
b1111111111111110110111010101100000100110 ,
b10110100001001000000011001 >
1$
#194
0$
#195
b1000111000101111010011010010 !
b1000111000101111010011010010 ?
b1111111111111110101110110111110010011010 #
b1111111111111110101110110111110010011010 -
b10001100100010110 "
b10001100100010110 6
b1100001 )
b11110011011110 &
b11110011011110 3
b1110100001110001 %
b1110100001110001 *
b10101111010000 '
b10101111010000 <
b1100100 :
b1100100 8
b1100100 1
b1100100 /
b1100100 C
b1100100 A
b1100100 D
b1100100 2
b1100100 ;
b10001100100010110 5
b1111111111111110101110110111110010011010 ,
b1000111000101111010011010010 >
1$
#196
0$
#197
b1011111001000001111100111011 !
b1011111001000001111100111011 ?
b1111111111111111001100000100111110111101 #
b1111111111111111001100000100111110111101 -
b1111111111111111111111111101101001100010 "
b1111111111111111111111111101101001100010 6
b1100010 )
b10010110011110 &
b10010110011110 3
b1100011111101011 %
b1100011111101011 *
b11111001110101 '
b11111001110101 <
b1100100 :
b1100100 8
b1100100 1
b1100100 /
b1100100 C
b1100100 A
b1100100 D
b1100100 2
b1100100 ;
b1111111111111111111111111101101001100010 5
b1111111111111111001100000100111110111101 ,
b1011111001000001111100111011 >
1$
#198
0$
#199
b1010110010010001000111000100 !
b1010110010010001000111000100 ?
b1010001011000010100 #
b1010001011000010100 -
b1111111111111111111111111100001100100010 "
b1111111111111111111111111100001100100010 6
b1100011 )
b1101101001100010 &
b1101101001100010 3
b1100000100100010 %
b1100000100100010 *
b11101110000001 '
b11101110000001 <
b1100100 :
b1100100 8
b1100100 1
b1100100 /
b1100100 C
b1100100 A
b1100100 D
b1100100 2
b1100100 ;
b1111111111111111111111111100001100100010 5
b1010001011000010100 ,
b1010110010010001000111000100 >
1$
#200
0$
#201
b101111100101011010010111011 !
b101111100101011010010111011 ?
b110101110000101001001110 #
b110101110000101001001110 -
b1111111111111111111111110100100101100110 "
b1111111111111111111111110100100101100110 6
b1100100 )
b1100001100100010 &
b1100001100100010 3
b1101011100110100 %
b1101011100110100 *
b10001111111001 '
b10001111111001 <
b1100100 :
b1100100 8
b1100100 1
b1100100 /
b1100100 C
b1100100 A
b1100100 D
b1100100 2
b1100100 ;
b1111111111111111111111110100100101100110 5
b110101110000101001001110 ,
b101111100101011010010111011 >
1$
#202
0$
#203
b1111111111111111000011001001101010001101 !
b1111111111111111000011001001101010001101 ?
b1010001010000010000010001 #
b1010001010000010000010001 -
b1111111111111111111111011110010100010100 "
b1111111111111111111111011110010100010100 6
b1100101 )
b0 &
b0 3
b0 %
b0 *
b0 '
b0 <
b1100100 :
b1100100 8
b1100100 1
b1100100 /
b1100100 C
b1100100 A
b1100100 D
b1100100 2
b1100100 ;
b1111111111111111111111011110010100010100 5
b1010001010000010000010001 ,
b1111111111111111000011001001101010001101 >
1$
#204
0$
#205
b1111111111111000011110010110100011000000 !
b1111111111111000011110010110100011000000 ?
b1000111000110000101000110 #
b1000111000110000101000110 -
b1111111111111111111111010100010110111010 "
b1111111111111111111111010100010110111010 6
b1100110 )
b11110011011110 &
b11110011011110 3
b10100011001100 %
b10100011001100 *
b1101110000000111 '
b1101110000000111 <
b1100100 :
b1100100 8
b1100100 1
b1100100 /
b1100100 C
b1100100 A
b1100100 D
b1100100 2
b1100100 ;
b1111111111111111111111010100010110111010 5
b1000111000110000101000110 ,
b1111111111111000011110010110100011000000 >
1$
#206
0$
#207
b1111111111110100011111111000010010000011 !
b1111111111110100011111111000010010000011 ?
b11100000001101010010001 #
b11100000001101010010001 -
b1111111111111111111111101100000101001100 "
b1111111111111111111111101100000101001100 6
b1100111 )
b10010110011110 &
b10010110011110 3
b11111011011110 %
b11111011011110 *
b1100010001111111 '
b1100010001111111 <
b1100100 :
b1100100 8
b1100100 1
b1100100 /
b1100100 C
b1100100 A
b1100100 D
b1100100 2
b1100100 ;
b1111111111111111111111101100000101001100 5
b11100000001101010010001 ,
b1111111111110100011111111000010010000011 >
1$
#208
0$
#209
b1111111111111111100011111110010101101111 #
b1111111111111111100011111110010101101111 -
b10011111010110100 "
b10011111010110100 6
b1101000 )
b1101101001100010 &
b1101101001100010 3
b11100000010101 %
b11100000010101 *
b1100000110001011 '
b1100000110001011 <
b1100100 :
b1100100 8
b1100100 1
b1100100 /
b1100100 C
b1100100 A
b1100100 D
b1100100 2
b1100100 ;
b10011111010110100 5
b1111111111111111100011111110010101101111 ,
b1111111111110100011111111000010010000011 >
1$
#210
0$
#211
b1111111111111000011110011101010010101011 !
b1111111111111000011110011101010010101011 ?
b1111111111111110111000110010010001010110 #
b1111111111111110111000110010010001010110 -
b100000001110101100 "
b100000001110101100 6
b1101001 )
b1100001100100010 &
b1100001100100010 3
b1011110001111 %
b1011110001111 *
b1101010000110000 '
b1101010000110000 <
b1100100 :
b1100100 8
b1100100 1
b1100100 /
b1100100 C
b1100100 A
b1100100 D
b1100100 2
b1100100 ;
b100000001110101100 5
b1111111111111110111000110010010001010110 ,
b1111111111111000011110011101010010101011 >
1$
#212
0$
#213
b1111111111111111000011100100100011011111 !
b1111111111111111000011100100100011011111 ?
b1111111111111110101110010010000111000001 #
b1111111111111110101110010010000111000001 -
b0 "
b0 6
b1101010 )
b0 &
b0 3
b1110110000111001 %
b1110110000111001 *
b1111010111111101 '
b1111010111111101 <
b1100100 :
b1100100 8
b1100100 1
b1100100 /
b1100100 C
b1100100 A
b1100100 D
b1100100 2
b1100100 ;
b0 5
b1111111111111110101110010010000111000001 ,
b1111111111111111000011100100100011011111 >
1$
#214
0$
#215
b101111101100101010001100010 !
b101111101100101010001100010 ?
b1111111111111111001001010010011000110101 #
b1111111111111111001001010010011000110101 -
b1111111111111111111111011111110001010100 "
b1111111111111111111111011111110001010100 6
b1101011 )
b11110011011110 &
b11110011011110 3
b1100100111110111 %
b1100100111110111 *
b1101101000000 '
b1101101000000 <
b1100100 :
b1100100 8
b1100100 1
b1100100 /
b1100100 C
b1100100 A
b1100100 D
b1100100 2
b1111111111111111111111011111110001010100 5
b1100100 ;
b1111111111111111001001010010011000110101 ,
b101111101100101010001100010 >
1$
#216
0$
#217
b1010110011101000000110111000 !
b1010110011101000000110111000 ?
b1111111111111111111101011001111001111110 #
b1111111111111111111101011001111001111110 -
b1111111111111111111111101100000101001100 "
b1111111111111111111111101100000101001100 6
b1101100 )
b10010110011110 &
b10010110011110 3
b1100000010000001 %
b1100000010000001 *
b11011100010110 '
b11011100010110 <
b1100100 :
b1100100 8
b1100100 1
b1100100 /
b1100100 C
b1100100 A
b1100100 D
b1100100 2
b1100100 ;
b1111111111111111111111101100000101001100 5
b1111111111111111111101011001111001111110 ,
b1010110011101000000110111000 >
1$
#218
0$
#219
b1011111010011110101000000100 !
b1011111010011110101000000100 ?
b110010101101110010011110 #
b110010101101110010011110 -
b10011111010110100 "
b10011111010110100 6
b1101101 )
b1101101001100010 &
b1101101001100010 3
b1101010000110000 %
b1101010000110000 *
b11111111100000 '
b11111111100000 <
b1100100 :
b1100100 8
b1100100 1
b1100100 /
b1100100 C
b1100100 A
b1100100 D
b1100100 2
b1100100 ;
b10011111010110100 5
b110010101101110010011110 ,
b1011111010011110101000000100 >
1$
#220
0$
#221
b1000111001101000100110111110 !
b1000111001101000100110111110 ?
b1010000110000000111011001 #
b1010000110000000111011001 -
b100000001110101100 "
b100000001110101100 6
b1101110 )
b1100001100100010 &
b1100001100100010 3
b1111101111111011 %
b1111101111111011 *
b11001010010010 '
b11001010010010 <
b1100100 :
b1100100 8
b1100100 1
b1100100 /
b1100100 C
b1100100 A
b1100100 D
b1100100 2
b1100100 ;
b100000001110101100 5
b1010000110000000111011001 ,
b1000111001101000100110111110 >
1$
#222
0$
#223
b10110011110010011001011010 !
b10110011110010011001011010 ?
b1001001101110101000011010 #
b1001001101110101000011010 -
b0 "
b0 6
b1101111 )
b0 &
b0 3
b10010110011110 %
b10010110011110 *
b1001111000111 '
b1001111000111 <
b1100100 :
b1100100 8
b1100100 1
b1100100 /
b1100100 C
b1100100 A
b1100100 D
b1100100 2
b1100100 ;
b0 5
b1001001101110101000011010 ,
b10110011110010011001011010 >
1$
#224
0$
#225
b1111111111111011101111110000101110111111 !
b1111111111111011101111110000101110111111 ?
b100000110111101011000110 #
b100000110111101011000110 -
b1111111111111111111111011111110001010100 "
b1111111111111111111111011111110001010100 6
b1110000 )
b11110011011110 &
b11110011011110 3
b11110111111101 %
b11110111111101 *
b1110111000100101 '
b1110111000100101 <
b1100100 :
b1100100 8
b1100100 1
b1100100 /
b1100100 C
b1100100 A
b1100100 D
b1100100 2
b1111111111111111111111011111110001010100 5
b1100100 ;
b100000110111101011000110 ,
b1111111111111011101111110000101110111111 >
1$
#226
0$
#227
b1111111111110110001001111000100111100001 !
b1111111111110110001001111000100111100001 ?
b1111111111111111101000111011011101011010 #
b1111111111111111101000111011011101011010 -
b1111111111111111111111101100000101001100 "
b1111111111111111111111101100000101001100 6
b1110001 )
b10010110011110 &
b10010110011110 3
b11100111101001 %
b11100111101001 *
b1100111010110000 '
b1100111010110000 <
b1100100 :
b1100100 8
b1100100 1
b1100100 /
b1100100 C
b1100100 A
b1100100 D
b1100100 2
b1100100 ;
b1111111111111111111111101100000101001100 5
b1111111111111111101000111011011101011010 ,
b1111111111110110001001111000100111100001 >
1$
#228
0$
#229
b1111111111110011111101111011001011100011 !
b1111111111110011111101111011001011100011 ?
b1111111111111110111011100101001101111101 #
b1111111111111110111011100101001101111101 -
b10011111010110100 "
b10011111010110100 6
b1110010 )
b1101101001100010 &
b1101101001100010 3
b1101101000000 %
b1101101000000 *
b1100000001001001 '
b1100000001001001 <
b1100100 :
b1100100 8
b1100100 1
b1100100 /
b1100100 C
b1100100 A
b1100100 D
b1100100 2
b1100100 ;
b10011111010110100 5
b1111111111111110111011100101001101111101 ,
b1111111111110011111101111011001011100011 >
1$
#230
0$
#231
b1111111111110101111100010010010000101101 !
b1111111111110101111100010010010000101101 ?
b1111111111111110101101101000111111001100 #
b1111111111111110101101101000111111001100 -
b100000001110101100 "
b100000001110101100 6
b1110011 )
b1100001100100010 &
b1100001100100010 3
b1111000000010101 %
b1111000000010101 *
b1100011111101011 '
b1100011111101011 <
b1100100 :
b1100100 8
b1100100 1
b1100100 /
b1100100 C
b1100100 A
b1100100 D
b1100100 2
b1100100 ;
b100000001110101100 5
b1111111111111110101101101000111111001100 ,
b1111111111110101111100010010010000101101 >
1$
#232
0$
#233
b1111111111111011011001010001000011001000 !
b1111111111111011011001010001000011001000 ?
b1111111111111111000101100000001111110011 #
b1111111111111111000101100000001111110011 -
b0 "
b0 6
b1110100 )
b0 &
b0 3
b1100110000111001 %
b1100110000111001 *
b1110001011110010 '
b1110001011110010 <
b1100100 :
b1100100 8
b1100100 1
b1100100 /
b1100100 C
b1100100 A
b1100100 D
b1100100 2
b1100100 ;
b0 5
b1111111111111111000101100000001111110011 ,
b1111111111111011011001010001000011001000 >
1$
#234
0$
#235
b10011100001011010101010010 !
b10011100001011010101010010 ?
b1111111111111111111000001101111110101111 #
b1111111111111111111000001101111110101111 -
b1111111111111111111111011111110001010100 "
b1111111111111111111111011111110001010100 6
b1110101 )
b11110011011110 &
b11110011011110 3
b1100000000100000 %
b1100000000100000 *
b100000000101 '
b100000000101 <
b1100100 :
b1100100 8
b1100100 1
b1100100 /
b1100100 C
b1100100 A
b1100100 D
b1100100 2
b1111111111111111111111011111110001010100 5
b1100100 ;
b1111111111111111111000001101111110101111 ,
b10011100001011010101010010 >
1$
#236
0$
#237
b1000101001000100110101000011 !
b1000101001000100110101000011 ?
b101110100000011011100110 #
b101110100000011011100110 -
b1111111111111111111111101100000101001100 "
b1111111111111111111111101100000101001100 6
b1110110 )
b10010110011110 &
b10010110011110 3
b1101000101011001 %
b1101000101011001 *
b10101001010011 '
b10101001010011 <
b1100100 :
b1100100 8
b1100100 1
b1100100 /
b1100100 C
b1100100 A
b1100100 D
b1100100 2
b1100100 ;
b1111111111111111111111101100000101001100 5
b101110100000011011100110 ,
b1000101001000100110101000011 >
1$
#238
0$
#239
b1011110110101100101111111100 !
b1011110110101100101111111100 ?
b1001111011100110111011011 #
b1001111011100110111011011 -
b10011111010110100 "
b10011111010110100 6
b1110111 )
b1101101001100010 &
b1101101001100010 3
b1111011111111011 %
b1111011111111011 *
b11110111111101 '
b11110111111101 <
b1100100 :
b1100100 8
b1100100 1
b1100100 /
b1100100 C
b1100100 A
b1100100 D
b1100100 2
b1100100 ;
b10011111010110100 5
b1001111011100110111011011 ,
b1011110110101100101111111100 >
1$
#240
0$
#241
b1010111101111011111010100010 !
b1010111101111011111010100010 ?
b1001011111011100001011100 #
b1001011111011100001011100 -
b100000001110101100 "
b100000001110101100 6
b1111000 )
b1100001100100010 &
b1100001100100010 3
b10001001001011 %
b10001001001011 *
b11110000110111 '
b11110000110111 <
b1100100 :
b1100100 8
b1100100 1
b1100100 /
b1100100 C
b1100100 A
b1100100 D
b1100100 2
b1100100 ;
b100000001110101100 5
b1001011111011100001011100 ,
b1010111101111011111010100010 >
1$
#242
0$
#243
b110010010011010101110011110 !
b110010010011010101110011110 ?
b100101100011110010101010 #
b100101100011110010101010 -
b0 "
b0 6
b1111001 )
b0 &
b0 3
b11110011011110 %
b11110011011110 *
b10010110011110 '
b10010110011110 <
b1100100 :
b1100100 8
b1100100 1
b1100100 /
b1100100 C
b1100100 A
b1100100 D
b1100100 2
b1100100 ;
b0 5
b100101100011110010101010 ,
b110010010011010101110011110 >
1$
#244
0$
#245
b1111111111111111011011101110101001100000 !
b1111111111111111011011101110101001100000 ?
b1111111111111111101101111100110001000001 #
b1111111111111111101101111100110001000001 -
b1111111111111111111111011111110001010100 "
b1111111111111111111111011111110001010100 6
b1111010 )
b11110011011110 &
b11110011011110 3
b11101110000001 %
b11101110000001 *
b1000000011 '
b1000000011 <
b1100100 :
b1100100 8
b1100100 1
b1100100 /
b1100100 C
b1100100 A
b1100100 D
b1100100 2
b1111111111111111111111011111110001010100 5
b1100100 ;
b1111111111111111101101111100110001000001 ,
b1111111111111111011011101110101001100000 >
1$
#246
0$
#247
b1111111111111000110001100101011110101100 !
b1111111111111000110001100101011110101100 ?
b1111111111111110111110100111111100000100 #
b1111111111111110111110100111111100000100 -
b1111111111111111111111101100000101001100 "
b1111111111111111111111101100000101001100 6
b1111011 )
b10010110011110 &
b10010110011110 3
b1111011010101 %
b1111011010101 *
b1101110110110101 '
b1101110110110101 <
b1100100 :
b1100100 8
b1100100 1
b1100100 /
b1100100 C
b1100100 A
b1100100 D
b1100100 2
b1100100 ;
b1111111111111111111111101100000101001100 5
b1111111111111110111110100111111100000100 ,
b1111111111111000110001100101011110101100 >
1$
#248
0$
#249
b1111111111110100100111010111010100110100 !
b1111111111110100100111010111010100110100 ?
b1111111111111110101101010011011101111101 #
b1111111111111110101101010011011101111101 -
b10011111010110100 "
b10011111010110100 6
b1111100 )
b1101101001100010 &
b1101101001100010 3
b1111010000000010 %
b1111010000000010 *
b1100010101000100 '
b1100010101000100 <
b1100100 :
b1100100 8
b1100100 1
b1100100 /
b1100100 C
b1100100 A
b1100100 D
b1100100 2
b1100100 ;
b10011111010110100 5
b1111111111111110101101010011011101111101 ,
b1111111111110100100111010111010100110100 >
1$
#250
0$
#251
b1111111111110100011001001000100111010111 !
b1111111111110100011001001000100111010111 ?
b1111111111111111000001111100001000011001 #
b1111111111111111000001111100001000011001 -
b100000001110101100 "
b100000001110101100 6
b1111101 )
b1100001100100010 &
b1100001100100010 3
b1100111010110000 %
b1100111010110000 *
b1100000100100010 '
b1100000100100010 <
b1100100 :
b1100100 8
b1100100 1
b1100100 /
b1100100 C
b1100100 A
b1100100 D
b1100100 2
b1100100 ;
b100000001110101100 5
b1111111111111111000001111100001000011001 ,
b1111111111110100011001001000100111010111 >
1$
#252
0$
#253
b1111111111111000001011110100010001100110 !
b1111111111111000001011110100010001100110 ?
b1111111111111111110011000011110011001110 #
b1111111111111111110011000011110011001110 -
b0 "
b0 6
b1111110 )
b0 &
b0 3
b1100000000000000 %
b1100000000000000 *
b1101001010111111 '
b1101001010111111 <
b1100100 :
b1100100 8
b1100100 1
b1100100 /
b1100100 C
b1100100 A
b1100100 D
b1100100 2
b1100100 ;
b0 5
b1111111111111111110011000011110011001110 ,
b1111111111111000001011110100010001100110 >
1$
#254
0$
#255
b1111111111111110101011011110110100100100 !
b1111111111111110101011011110110100100100 ?
b101010000111101000110011 #
b101010000111101000110011 -
b1111111111111111111111011111110001010100 "
b1111111111111111111111011111110001010100 6
b1111111 )
b11110011011110 &
b11110011011110 3
b1100111010110000 %
b1100111010110000 *
b1111010000000010 '
b1111010000000010 <
b1100100 :
b1100100 8
b1100100 1
b1100100 /
b1100100 C
b1100100 A
b1100100 D
b1100100 2
b1111111111111111111111011111110001010100 5
b1100100 ;
b101010000111101000110011 ,
b1111111111111110101011011110110100100100 >
1$
#256
0$
#257
b101101000011000000010001100 !
b101101000011000000010001100 ?
b1001101110110010100000000 #
b1001101110110010100000000 -
b1111111111111111111111101100000101001100 "
b1111111111111111111111101100000101001100 6
b10000000 )
b10010110011110 &
b10010110011110 3
b1111010000000010 %
b1111010000000010 *
b1100101101011 '
b1100101101011 <
b1100100 :
b1100100 8
b1100100 1
b1100100 /
b1100100 C
b1100100 A
b1100100 D
b1100100 2
b1100100 ;
b1111111111111111111111101100000101001100 5
b1001101110110010100000000 ,
b101101000011000000010001100 >
1$
#258
0$
#259
b1010101000101000110000011001 !
b1010101000101000110000011001 ?
b10011111010110100 "
b10011111010110100 6
b10000001 )
b1101101001100010 &
b1101101001100010 3
b1111011010101 %
b1111011010101 *
b11011000001001 '
b11011000001001 <
b1100100 :
b1100100 8
b1100100 1
b1100100 /
b1100100 C
b1100100 A
b1100100 D
b1100100 2
b1100100 ;
b10011111010110100 5
b1001101110110010100000000 ,
b1010101000101000110000011001 >
1$
#260
0$
#261
b1011111101100000011011000111 !
b1011111101100000011011000111 ?
b101010000111101000110011 #
b101010000111101000110011 -
b100000001110101100 "
b100000001110101100 6
b10000010 )
b1100001100100010 &
b1100001100100010 3
b11101110000001 %
b11101110000001 *
b11111111111000 '
b11111111111000 <
b1100100 :
b1100100 8
b1100100 1
b1100100 /
b1100100 C
b1100100 A
b1100100 D
b1100100 2
b1100100 ;
b100000001110101100 5
b101010000111101000110011 ,
b1011111101100000011011000111 >
1$
#262
0$
#263
b1001001001101000100100010100 !
b1001001001101000100100010100 ?
b1111111111111111110011000011110011001110 #
b1111111111111111110011000011110011001110 -
b0 "
b0 6
b10000011 )
b0 &
b0 3
b11110011011110 %
b11110011011110 *
b11001111000111 '
b11001111000111 <
b1100100 :
b1100100 8
b1100100 1
b1100100 /
b1100100 C
b1100100 A
b1100100 D
b1100100 2
b1100100 ;
b0 5
b1111111111111111110011000011110011001110 ,
b1001001001101000100100010100 >
1$
#264
0$
#265
b11001011001110011101001001 !
b11001011001110011101001001 ?
b1111111111111111000001111100001000011001 #
b1111111111111111000001111100001000011001 -
b1111111111111111111111011111110001010100 "
b1111111111111111111111011111110001010100 6
b10000100 )
b11110011011110 &
b11110011011110 3
b10001001001011 %
b10001001001011 *
b1010110101110 '
b1010110101110 <
b1100100 :
b1100100 8
b1100100 1
b1100100 /
b1100100 C
b1100100 A
b1100100 D
b1100100 2
b1111111111111111111111011111110001010100 5
b1100100 ;
b1111111111111111000001111100001000011001 ,
b11001011001110011101001001 >
1$
#266
0$
#267
b1111111111111100000110100010001101100001 !
b1111111111111100000110100010001101100001 ?
b1111111111111110101101010011011101111101 #
b1111111111111110101101010011011101111101 -
b1111111111111111111111101100000101001100 "
b1111111111111111111111101100000101001100 6
b10000101 )
b10010110011110 &
b10010110011110 3
b1111011111111011 %
b1111011111111011 *
b1111000000010101 '
b1111000000010101 <
b1100100 :
b1100100 8
b1100100 1
b1100100 /
b1100100 C
b1100100 A
b1100100 D
b1100100 2
b1100100 ;
b1111111111111111111111101100000101001100 5
b1111111111111110101101010011011101111101 ,
b1111111111111100000110100010001101100001 >
1$
#268
0$
#269
b1111111111110110011000000111100101011111 !
b1111111111110110011000000111100101011111 ?
b1111111111111110111110100111111100000100 #
b1111111111111110111110100111111100000100 -
b10011111010110100 "
b10011111010110100 6
b10000110 )
b1101101001100010 &
b1101101001100010 3
b1101000101011001 %
b1101000101011001 *
b1100111111111110 '
b1100111111111110 <
b1100100 :
b1100100 8
b1100100 1
b1100100 /
b1100100 C
b1100100 A
b1100100 D
b1100100 2
b1100100 ;
b10011111010110100 5
b1111111111111110111110100111111100000100 ,
b1111111111110110011000000111100101011111 >
1$
#270
0$
#271
b1111111111110011111110101100101110110110 !
b1111111111110011111110101100101110110110 ?
b1111111111111111101101111100110001000001 #
b1111111111111111101101111100110001000001 -
b100000001110101100 "
b100000001110101100 6
b10000111 )
b1100001100100010 &
b1100001100100010 3
b1100000000100000 %
b1100000000100000 *
b1100000010000001 '
b1100000010000001 <
b1100100 :
b1100100 8
b1100100 1
b1100100 /
b1100100 C
b1100100 A
b1100100 D
b1100100 2
b1100100 ;
b100000001110101100 5
b1111111111111111101101111100110001000001 ,
b1111111111110011111110101100101110110110 >
1$
#272
0$
#273
b1111111111110101101111010101011001010111 !
b1111111111110101101111010101011001010111 ?
b100101100011110010101010 #
b100101100011110010101010 -
b0 "
b0 6
b10001000 )
b0 &
b0 3
b1100110000111001 %
b1100110000111001 *
b1100011011111010 '
b1100011011111010 <
b1100100 :
b1100100 8
b1100100 1
b1100100 /
b1100100 C
b1100100 A
b1100100 D
b1100100 2
b1100100 ;
b0 5
b100101100011110010101010 ,
b1111111111110101101111010101011001010111 >
1$
#274
0$
#275
b1111111111111011000011000100100010010011 !
b1111111111111011000011000100100010010011 ?
b1001011111011100001011100 #
b1001011111011100001011100 -
b1111111111111111111111011111110001010100 "
b1111111111111111111111011111110001010100 6
b10001001 )
b11110011011110 &
b11110011011110 3
b1111000000010101 %
b1111000000010101 *
b1110000100101011 '
b1110000100101011 <
b1100100 :
b1100100 8
b1100100 1
b1100100 /
b1100100 C
b1100100 A
b1100100 D
b1100100 2
b1111111111111111111111011111110001010100 5
b1100100 ;
b1001011111011100001011100 ,
b1111111111111011000011000100100010010011 >
1$
#276
0$
#277
b10000100011010100000101100 !
b10000100011010100000101100 ?
b1001111011100110111011011 #
b1001111011100110111011011 -
b1111111111111111111111101100000101001100 "
b1111111111111111111111101100000101001100 6
b10001010 )
b10010110011110 &
b10010110011110 3
b1101101000000 %
b1101101000000 *
b11000000110 '
b11000000110 <
b1100100 :
b1100100 8
b1100100 1
b1100100 /
b1100100 C
b1100100 A
b1100100 D
b1100100 2
b1100100 ;
b1111111111111111111111101100000101001100 5
b1001111011100110111011011 ,
b10000100011010100000101100 >
1$
#278
0$
#279
b1000010111111101101010111101 !
b1000010111111101101010111101 ?
b101110100000011011100110 #
b101110100000011011100110 -
b10011111010110100 "
b10011111010110100 6
b10001011 )
b1101101001100010 &
b1101101001100010 3
b11100111101001 %
b11100111101001 *
b10100011001100 '
b10100011001100 <
b1100100 :
b1100100 8
b1100100 1
b1100100 /
b1100100 C
b1100100 A
b1100100 D
b1100100 2
b1100100 ;
b10011111010110100 5
b101110100000011011100110 ,
b1000010111111101101010111101 >
1$
#280
0$
#281
b1011110010001001111100111010 !
b1011110010001001111100111010 ?
b1111111111111111111000001101111110101111 #
b1111111111111111111000001101111110101111 -
b100000001110101100 "
b100000001110101100 6
b10001100 )
b1100001100100010 &
b1100001100100010 3
b11110111111101 %
b11110111111101 *
b11110101110101 '
b11110101110101 <
b1100100 :
b1100100 8
b1100100 1
b1100100 /
b1100100 C
b1100100 A
b1100100 D
b1100100 2
b1100100 ;
b100000001110101100 5
b1111111111111111111000001101111110101111 ,
b1011110010001001111100111010 >
1$
#282
0$
#283
b1011000111100001111011101011 !
b1011000111100001111011101011 ?
b1111111111111111000101100000001111110011 #
b1111111111111111000101100000001111110011 -
b0 "
b0 6
b10001101 )
b0 &
b0 3
b10010110011110 %
b10010110011110 *
b11110011011110 '
b11110011011110 <
b1100100 :
b1100100 8
b1100100 1
b1100100 /
b1100100 C
b1100100 A
b1100100 D
b1100100 2
b1100100 ;
b0 5
b1111111111111111000101100000001111110011 ,
b1011000111100001111011101011 >
1$
#284
0$
#285
b110100110110101000010101011 !
b110100110110101000010101011 ?
b1111111111111110101101101000111111001100 #
b1111111111111110101101101000111111001100 -
b1111111111111111111111011111110001010100 "
b1111111111111111111111011111110001010100 6
b10001110 )
b11110011011110 &
b11110011011110 3
b1111101111111011 %
b1111101111111011 *
b10011100111010 '
b10011100111010 <
b1100100 :
b1100100 8
b1100100 1
b1100100 /
b1100100 C
b1100100 A
b1100100 D
b1100100 2
b1111111111111111111111011111110001010100 5
b1100100 ;
b1111111111111110101101101000111111001100 ,
b110100110110101000010101011 >
1$
#286
0$
#287
b1111111111111111110011111001010010010111 !
b1111111111111111110011111001010010010111 ?
b1111111111111110111011100101001101111101 #
b1111111111111110111011100101001101111101 -
b1111111111111111111111101100000101001100 "
b1111111111111111111111101100000101001100 6
b10001111 )
b10010110011110 &
b10010110011110 3
b1101010000110000 %
b1101010000110000 *
b10000000101 '
b10000000101 <
b1100100 :
b1100100 8
b1100100 1
b1100100 /
b1100100 C
b1100100 A
b1100100 D
b1100100 2
b1100100 ;
b1111111111111111111111101100000101001100 5
b1111111111111110111011100101001101111101 ,
b1111111111111111110011111001010010010111 >
1$
#288
0$
#289
b1111111111111001000101001001010101110010 !
b1111111111111001000101001001010101110010 ?
b1111111111111111101000111011011101011010 #
b1111111111111111101000111011011101011010 -
b10011111010110100 "
b10011111010110100 6
b10010000 )
b1101101001100010 &
b1101101001100010 3
b1100000010000001 %
b1100000010000001 *
b1101111101101100 '
b1101111101101100 <
b1100100 :
b1100100 8
b1100100 1
b1100100 /
b1100100 C
b1100100 A
b1100100 D
b1100100 2
b1100100 ;
b10011111010110100 5
b1111111111111111101000111011011101011010 ,
b1111111111111001000101001001010101110010 >
1$
#290
0$
#291
b1111111111110100101111100011010001000100 !
b1111111111110100101111100011010001000100 ?
b100000110111101011000110 #
b100000110111101011000110 -
b100000001110101100 "
b100000001110101100 6
b10010001 )
b1100001100100010 &
b1100001100100010 3
b1100100111110111 %
b1100100111110111 *
b1100011000010111 '
b1100011000010111 <
b1100100 :
b1100100 8
b1100100 1
b1100100 /
b1100100 C
b1100100 A
b1100100 D
b1100100 2
b1100100 ;
b100000001110101100 5
b100000110111101011000110 ,
b1111111111110100101111100011010001000100 >
1$
#292
0$
#293
b1111111111110100010011000111010001001111 !
b1111111111110100010011000111010001001111 ?
b1001001101110101000011010 #
b1001001101110101000011010 -
b0 "
b0 6
b10010010 )
b0 &
b0 3
b1110110000111001 %
b1110110000111001 *
b1100000011001010 '
b1100000011001010 <
b1100100 :
b1100100 8
b1100100 1
b1100100 /
b1100100 C
b1100100 A
b1100100 D
b1100100 2
b1100100 ;
b0 5
b1001001101110101000011010 ,
b1111111111110100010011000111010001001111 >
1$
#294
0$
#295
b1111111111110111111001101010110010011000 !
b1111111111110111111001101010110010011000 ?
b1010000110000000111011001 #
b1010000110000000111011001 -
b1111111111111111111111011111110001010100 "
b1111111111111111111111011111110001010100 6
b10010011 )
b11110011011110 &
b11110011011110 3
b1011110001111 %
b1011110001111 *
b1101000101011001 '
b1101000101011001 <
b1100100 :
b1100100 8
b1100100 1
b1100100 /
b1100100 C
b1100100 A
b1100100 D
b1100100 2
b1111111111111111111111011111110001010100 5
b1100100 ;
b1010000110000000111011001 ,
b1111111111110111111001101010110010011000 >
1$
#296
0$
#297
b1111111111111110010011011110110011101000 !
b1111111111111110010011011110110011101000 ?
b110010101101110010011110 #
b110010101101110010011110 -
b1111111111111111111111101100000101001100 "
b1111111111111111111111101100000101001100 6
b10010100 )
b10010110011110 &
b10010110011110 3
b11100000010101 %
b11100000010101 *
b1111001000001010 '
b1111001000001010 <
b1100100 :
b1100100 8
b1100100 1
b1100100 /
b1100100 C
b1100100 A
b1100100 D
b1100100 2
b1100100 ;
b1111111111111111111111101100000101001100 5
b110010101101110010011110 ,
b1111111111111110010011011110110011101000 >
1$
#298
0$
#299
b101010010110100101011100000 !
b101010010110100101011100000 ?
b1111111111111111111101011001111001111110 #
b1111111111111111111101011001111001111110 -
b10011111010110100 "
b10011111010110100 6
b10010101 )
b1101101001100010 &
b1101101001100010 3
b11111011011110 %
b11111011011110 *
b1011110001111 '
b1011110001111 <
b1100100 :
b1100100 8
b1100100 1
b1100100 /
b1100100 C
b1100100 A
b1100100 D
b1100100 2
b1100100 ;
b10011111010110100 5
b1111111111111111111101011001111001111110 ,
b101010010110100101011100000 >
1$
#300
0$
#301
b1010011100111111000110100111 !
b1010011100111111000110100111 ?
b1111111111111111001001010010011000110101 #
b1111111111111111001001010010011000110101 -
b100000001110101100 "
b100000001110101100 6
b10010110 )
b1100001100100010 &
b1100001100100010 3
b10100011001100 %
b10100011001100 *
b11010011101111 '
b11010011101111 <
b1100100 :
b1100100 8
b1100100 1
b1100100 /
b1100100 C
b1100100 A
b1100100 D
b1100100 2
b1100100 ;
b100000001110101100 5
b1111111111111111001001010010011000110101 ,
b1010011100111111000110100111 >
1$
#302
0$
#303
b1011111111110010010111111010 !
b1011111111110010010111111010 ?
b1111111111111110101110010010000111000001 #
b1111111111111110101110010010000111000001 -
b0 "
b0 6
b10010111 )
b0 &
b0 3
b0 %
b0 *
b100000000000000 '
b100000000000000 <
b1100100 :
b1100100 8
b1100100 1
b1100100 /
b1100100 C
b1100100 A
b1100100 D
b1100100 2
b1100100 ;
b0 5
b1111111111111110101110010010000111000001 ,
b1011111111110010010111111010 >
1$
#304
0$
#305
b1001011001000011101010110111 !
b1001011001000011101010110111 ?
b1111111111111110111000110010010001010110 #
b1111111111111110111000110010010001010110 -
b1111111111111111111111011111110001010100 "
b1111111111111111111111011111110001010100 6
b10011000 )
b11110011011110 &
b11110011011110 3
b1101011100110100 %
b1101011100110100 *
b11010011101111 '
b11010011101111 <
b1100100 :
b1100100 8
b1100100 1
b1100100 /
b1100100 C
b1100100 A
b1100100 D
b1100100 2
b1111111111111111111111011111110001010100 5
b1100100 ;
b1111111111111110111000110010010001010110 ,
b1001011001000011101010110111 >
1$
#306
0$
#307
b11100010011101010110000011 !
b11100010011101010110000011 ?
b1111111111111111100011111110010101101111 #
b1111111111111111100011111110010101101111 -
b1111111111111111111111101100000101001100 "
b1111111111111111111111101100000101001100 6
b10011001 )
b10010110011110 &
b10010110011110 3
b1100000100100010 %
b1100000100100010 *
b1011110001111 '
b1011110001111 <
b1100100 :
b1100100 8
b1100100 1
b1100100 /
b1100100 C
b1100100 A
b1100100 D
b1100100 2
b1100100 ;
b1111111111111111111111101100000101001100 5
b1111111111111111100011111110010101101111 ,
b11100010011101010110000011 >
1$
#308
0$
#309
b1111111111111100011101100010101001111101 !
b1111111111111100011101100010101001111101 ?
b11100000001101010010001 #
b11100000001101010010001 -
b10011111010110100 "
b10011111010110100 6
b10011010 )
b1101101001100010 &
b1101101001100010 3
b1100011111101011 %
b1100011111101011 *
b1111001000001010 '
b1111001000001010 <
b1100100 :
b1100100 8
b1100100 1
b1100100 /
b1100100 C
b1100100 A
b1100100 D
b1100100 2
b1100100 ;
b10011111010110100 5
b11100000001101010010001 ,
b1111111111111100011101100010101001111101 >
1$
#310
0$
#311
b1111111111110110100110111100010101001001 !
b1111111111110110100110111100010101001001 ?
b1000111001101101110101010 #
b1000111001101101110101010 -
b100000001110101100 "
b100000001110101100 6
b10011011 )
b1100001100100010 &
b1100001100100010 3
b1110100001110001 %
b1110100001110001 *
b1101000101011001 '
b1101000101011001 <
b1100100 :
b1100100 8
b1100100 1
b1100100 /
b1100100 C
b1100100 A
b1100100 D
b1100100 2
b1100100 ;
b100000001110101100 5
b1000111001101101110101010 ,
b1111111111110110100110111100010101001001 >
1$
#312
0$
#313
b1111111111110100000000001101101000000110 !
b1111111111110100000000001101101000000110 ?
b1010001101101111000111111 #
b1010001101101111000111111 -
b0 "
b0 6
b10011100 )
b0 &
b0 3
b1001111000111 %
b1001111000111 *
b1100000011001010 '
b1100000011001010 <
b1100100 :
b1100100 8
b1100100 1
b1100100 /
b1100100 C
b1100100 A
b1100100 D
b1100100 2
b1100100 ;
b0 5
b1010001101101111000111111 ,
b1111111111110100000000001101101000000110 >
1$
#314
0$
#315
b1111111111110101100011000000111001011001 !
b1111111111110101100011000000111001011001 ?
b110110101101100111001011 #
b110110101101100111001011 -
b1111111111111111111111011111110001010100 "
b1111111111111111111111011111110001010100 6
b10011101 )
b11110011011110 &
b11110011011110 3
b11011000001001 %
b11011000001001 *
b1100011000010111 '
b1100011000010111 <
b1100100 :
b1100100 8
b1100100 1
b1100100 /
b1100100 C
b1100100 A
b1100100 D
b1100100 2
b1111111111111111111111011111110001010100 5
b1100100 ;
b110110101101100111001011 ,
b1111111111110101100011000000111001011001 >
1$
#316
0$
#317
b1111111111111010101101001011010100100000 !
b1111111111111010101101001011010100100000 ?
b10100110000110000010 #
b10100110000110000010 -
b1111111111111111111111101100000101001100 "
b1111111111111111111111101100000101001100 6
b10011110 )
b10010110011110 &
b10010110011110 3
b11111101111111 %
b11111101111111 *
b1101111101101100 '
b1101111101101100 <
b1100100 :
b1100100 8
b1100100 1
b1100100 /
b1100100 C
b1100100 A
b1100100 D
b1100100 2
b1100100 ;
b1111111111111111111111101100000101001100 5
b10100110000110000010 ,
b1111111111111010101101001011010100100000 >
1$
#318
0$
#319
b1101100100001001100011000 !
b1101100100001001100011000 ?
b1111111111111111001101010010001101100010 #
b1111111111111111001101010010001101100010 -
b10011111010110100 "
b10011111010110100 6
b10011111 )
b1101101001100010 &
b1101101001100010 3
b10101111010000 %
b10101111010000 *
b10000000101 '
b10000000101 <
b1100100 :
b1100100 8
b1100100 1
b1100100 /
b1100100 C
b1100100 A
b1100100 D
b1100100 2
b1100100 ;
b10011111010110100 5
b1111111111111111001101010010001101100010 ,
b1101100100001001100011000 >
1$
#320
0$
#321
b1000000110010101001101101000 !
b1000000110010101001101101000 ?
b1111111111111110101111001111111000100111 #
b1111111111111110101111001111111000100111 -
b100000001110101100 "
b100000001110101100 6
b10100000 )
b1100001100100010 &
b1100001100100010 3
b10000000101 %
b10000000101 *
b10011100111010 '
b10011100111010 <
b1100100 :
b1100100 8
b1100100 1
b1100100 /
b1100100 C
b1100100 A
b1100100 D
b1100100 2
b1100100 ;
b100000001110101100 5
b1111111111111110101111001111111000100111 ,
b1000000110010101001101101000 >
1$
#322
0$
#323
b1011101100111000101110110001 !
b1011101100111000101110110001 ?
b1111111111111110110110010001010111100110 #
b1111111111111110110110010001010111100110 -
b0 "
b0 6
b10100001 )
b0 &
b0 3
b1101101001100010 %
b1101101001100010 *
b11110011011110 '
b11110011011110 <
b1100100 :
b1100100 8
b1100100 1
b1100100 /
b1100100 C
b1100100 A
b1100100 D
b1100100 2
b1100100 ;
b0 5
b1111111111111110110110010001010111100110 ,
b1011101100111000101110110001 >
1$
#324
0$
#325
b1011010000011100101110111100 !
b1011010000011100101110111100 ?
b1111111111111111011111001000010100111010 #
b1111111111111111011111001000010100111010 -
b1111111111111111111111011111110001010100 "
b1111111111111111111111011111110001010100 6
b10100010 )
b11110011011110 &
b11110011011110 3
b1100001000000011 %
b1100001000000011 *
b11110101110101 '
b11110101110101 <
b1100100 :
b1100100 8
b1100100 1
b1100100 /
b1100100 C
b1100100 A
b1100100 D
b1100100 2
b1111111111111111111111011111110001010100 5
b1100100 ;
b1111111111111111011111001000010100111010 ,
b1011010000011100101110111100 >
1$
#326
0$
#327
b110111010110110101010001110 !
b110111010110110101010001110 ?
b10111000100100010100110 #
b10111000100100010100110 -
b1111111111111111111111101100000101001100 "
b1111111111111111111111101100000101001100 6
b10100011 )
b10010110011110 &
b10010110011110 3
b1100011000010111 %
b1100011000010111 *
b10100011001100 '
b10100011001100 <
b1100100 :
b1100100 8
b1100100 1
b1100100 /
b1100100 C
b1100100 A
b1100100 D
b1100100 2
b1100100 ;
b1111111111111111111111101100000101001100 5
b10111000100100010100110 ,
b110111010110110101010001110 >
1$
#328
0$
#329
b1100000110101101101001 !
b1100000110101101101001 ?
b1000100011010110010000011 #
b1000100011010110010000011 -
b10011111010110100 "
b10011111010110100 6
b10100100 )
b1101101001100010 &
b1101101001100010 3
b1110010011000000 %
b1110010011000000 *
b11000000110 '
b11000000110 <
b1100100 :
b1100100 8
b1100100 1
b1100100 /
b1100100 C
b1100100 A
b1100100 D
b1100100 2
b1100100 ;
b10011111010110100 5
b1000100011010110010000011 ,
b1100000110101101101001 >
1$
#330
0$
#331
b1111111111111001011001001010111101010101 !
b1111111111111001011001001010111101010101 ?
b1010010010111000000110100 #
b1010010010111000000110100 -
b100000001110101100 "
b100000001110101100 6
b10100101 )
b1100001100100010 &
b1100001100100010 3
b111111101011 %
b111111101011 *
b1110000100101011 '
b1110000100101011 <
b1100100 :
b1100100 8
b1100100 1
b1100100 /
b1100100 C
b1100100 A
b1100100 D
b1100100 2
b1100100 ;
b100000001110101100 5
b1010010010111000000110100 ,
b1111111111111001011001001010111101010101 >
1$
#332
0$
#333
b1111111111110100111000011110000100010101 !
b1111111111110100111000011110000100010101 ?
b111010011111110000001101 #
b111010011111110000001101 -
b0 "
b0 6
b10100110 )
b0 &
b0 3
b11001111000111 %
b11001111000111 *
b1100011011111010 '
b1100011011111010 <
b1100100 :
b1100100 8
b1100100 1
b1100100 /
b1100100 C
b1100100 A
b1100100 D
b1100100 2
b1100100 ;
b0 5
b111010011111110000001101 ,
b1111111111110100111000011110000100010101 >
1$
#334
0$
#335
b1111111111110100001101110110000011000110 !
b1111111111110100001101110110000011000110 ?
b111110010000001010001 #
b111110010000001010001 -
b1111111111111111111111011111110001010100 "
b1111111111111111111111011111110001010100 6
b10100111 )
b11110011011110 &
b11110011011110 3
b11111111100000 %
b11111111100000 *
b1100000010000001 '
b1100000010000001 <
b1100100 :
b1100100 8
b1100100 1
b1100100 /
b1100100 C
b1100100 A
b1100100 D
b1100100 2
b1111111111111111111111011111110001010100 5
b1100100 ;
b111110010000001010001 ,
b1111111111110100001101110110000011000110 >
1$
#336
0$
#337
b1111111111110111101000000010010101000011 !
b1111111111110111101000000010010101000011 ?
b1111111111111111010001011111100100011010 #
b1111111111111111010001011111100100011010 -
b1111111111111111111111101100000101001100 "
b1111111111111111111111101100000101001100 6
b10101000 )
b10010110011110 &
b10010110011110 3
b10111010100111 %
b10111010100111 *
b1100111111111110 '
b1100111111111110 <
b1100100 :
b1100100 8
b1100100 1
b1100100 /
b1100100 C
b1100100 A
b1100100 D
b1100100 2
b1100100 ;
b1111111111111111111111101100000101001100 5
b1111111111111111010001011111100100011010 ,
b1111111111110111101000000010010101000011 >
1$
#338
0$
#339
b1111111111111101111011100101011111010100 !
b1111111111111101111011100101011111010100 ?
b1111111111111110110000100011001000100101 #
b1111111111111110110000100011001000100101 -
b10011111010110100 "
b10011111010110100 6
b10101001 )
b1101101001100010 &
b1101101001100010 3
b100000000101 %
b100000000101 *
b1111000000010101 '
b1111000000010101 <
b1100100 :
b1100100 8
b1100100 1
b1100100 /
b1100100 C
b1100100 A
b1100100 D
b1100100 2
b1100100 ;
b10011111010110100 5
b1111111111111110110000100011001000100101 ,
b1111111111111101111011100101011111010100 >
1$
#340
0$
#341
b100111100111011011101101101 !
b100111100111011011101101101 ?
b1111111111111110110100000100011110100100 #
b1111111111111110110100000100011110100100 -
b100000001110101100 "
b100000001110101100 6
b10101010 )
b1100001100100010 &
b1100001100100010 3
b1101110110110101 %
b1101110110110101 *
b1010110101110 '
b1010110101110 <
b1100100 :
b1100100 8
b1100100 1
b1100100 /
b1100100 C
b1100100 A
b1100100 D
b1100100 2
b1100100 ;
b100000001110101100 5
b1111111111111110110100000100011110100100 ,
b100111100111011011101101101 >
1$
#342
0$
#343
b1010010000101010100110101001 !
b1010010000101010100110101001 ?
b1111111111111111011010011100001101010110 #
b1111111111111111011010011100001101010110 -
b0 "
b0 6
b10101011 )
b0 &
b0 3
b1100001100100010 %
b1100001100100010 *
b11001111000111 '
b11001111000111 <
b1100100 :
b1100100 8
b1100100 1
b1100100 /
b1100100 C
b1100100 A
b1100100 D
b1100100 2
b1100100 ;
b0 5
b1111111111111111011010011100001101010110 ,
b1010010000101010100110101001 >
1$
#344
0$
#345
b1100000001010011010001001010 !
b1100000001010011010001001010 ?
b10010000011001110111111 #
b10010000011001110111111 -
b1111111111111111111111011111110001010100 "
b1111111111111111111111011111110001010100 6
b10101100 )
b11110011011110 &
b11110011011110 3
b1100010001111111 %
b1100010001111111 *
b11111111111000 '
b11111111111000 <
b1100100 :
b1100100 8
b1100100 1
b1100100 /
b1100100 C
b1100100 A
b1100100 D
b1100100 2
b1111111111111111111111011111110001010100 5
b1100100 ;
b10010000011001110111111 ,
b1100000001010011010001001010 >
1$
#346
0$
#347
b1001100111111000011010100001 !
b1001100111111000011010100001 ?
b1000001011000000011111100 #
b1000001011000000011111100 -
b1111111111111111111111101100000101001100 "
b1111111111111111111111101100000101001100 6
b10101101 )
b10010110011110 &
b10010110011110 3
b1110000100101011 %
b1110000100101011 *
b11011000001001 '
b11011000001001 <
b1100100 :
b1100100 8
b1100100 1
b1100100 /
b1100100 C
b1100100 A
b1100100 D
b1100100 2
b1100100 ;
b1111111111111111111111101100000101001100 5
b1000001011000000011111100 ,
b1001100111111000011010100001 >
1$
#348
0$
#349
b11111001011101110010011111 !
b11111001011101110010011111 ?
b1010010101100100010000011 #
b1010010101100100010000011 -
b10011111010110100 "
b10011111010110100 6
b10101110 )
b1101101001100010 &
b1101101001100010 3
b101111111110 %
b101111111110 *
b1100101101011 '
b1100101101011 <
b1100100 :
b1100100 8
b1100100 1
b1100100 /
b1100100 C
b1100100 A
b1100100 D
b1100100 2
b1100100 ;
b10011111010110100 5
b1010010101100100010000011 ,
b11111001011101110010011111 >
1$
#350
0$
#351
b1111111111111100110100110001100010110111 !
b1111111111111100110100110001100010110111 ?
b111110000011110111100111 #
b111110000011110111100111 -
b100000001110101100 "
b100000001110101100 6
b10101111 )
b1100001100100010 &
b1100001100100010 3
b11000101010000 %
b11000101010000 *
b1111010000000010 '
b1111010000000010 <
b1100100 :
b1100100 8
b1100100 1
b1100100 /
b1100100 C
b1100100 A
b1100100 D
b1100100 2
b1100100 ;
b100000001110101100 5
b111110000011110111100111 ,
b1111111111111100110100110001100010110111 >
1$
#352
0$
#353
b1111111111110110110110010111011011101100 !
b1111111111110110110110010111011011101100 ?
b1100111100001100110010 #
b1100111100001100110010 -
b0 "
b0 6
b10110000 )
b0 &
b0 3
b100000000000000 %
b100000000000000 *
b1101001010111111 '
b1101001010111111 <
b1100100 :
b1100100 8
b1100100 1
b1100100 /
b1100100 C
b1100100 A
b1100100 D
b1100100 2
b1100100 ;
b0 5
b1100111100001100110010 ,
b1111111111110110110110010111011011101100 >
1$
#354
0$
#355
b1111111111110100000010011111100100111001 !
b1111111111110100000010011111100100111001 ?
b1111111111111111010101111000010111001101 #
b1111111111111111010101111000010111001101 -
b1111111111111111111111011111110001010100 "
b1111111111111111111111011111110001010100 6
b10110001 )
b11110011011110 &
b11110011011110 3
b11000101010000 %
b11000101010000 *
b1100000100100010 '
b1100000100100010 <
b1100100 :
b1100100 8
b1100100 1
b1100100 /
b1100100 C
b1100100 A
b1100100 D
b1100100 2
b1111111111111111111111011111110001010100 5
b1100100 ;
b1111111111111111010101111000010111001101 ,
b1111111111110100000010011111100100111001 >
1$
#356
0$
#357
b1111111111110101010111010111001111100111 !
b1111111111110101010111010111001111100111 ?
b1111111111111110110010001001101100000000 #
b1111111111111110110010001001101100000000 -
b1111111111111111111111101100000101001100 "
b1111111111111111111111101100000101001100 6
b10110010 )
b10010110011110 &
b10010110011110 3
b101111111110 %
b101111111110 *
b1100010101000100 '
b1100010101000100 <
b1100100 :
b1100100 8
b1100100 1
b1100100 /
b1100100 C
b1100100 A
b1100100 D
b1100100 2
b1100100 ;
b1111111111111111111111101100000101001100 5
b1111111111111110110010001001101100000000 ,
b1111111111110101010111010111001111100111 >
1$
#358
0$
#359
b1111111111111010010111100111111101110100 !
b1111111111111010010111100111111101110100 ?
b10011111010110100 "
b10011111010110100 6
b10110011 )
b1101101001100010 &
b1101101001100010 3
b1110000100101011 %
b1110000100101011 *
b1101110110110101 '
b1101110110110101 <
b1100100 :
b1100100 8
b1100100 1
b1100100 /
b1100100 C
b1100100 A
b1100100 D
b1100100 2
b1100100 ;
b10011111010110100 5
b1111111111111110110010001001101100000000 ,
b1111111111111010010111100111111101110100 >
1$
#360
0$
#361
b1010100100001001011011100 !
b1010100100001001011011100 ?
b1111111111111111010101111000010111001101 #
b1111111111111111010101111000010111001101 -
b100000001110101100 "
b100000001110101100 6
b10110100 )
b1100001100100010 &
b1100001100100010 3
b1100010001111111 %
b1100010001111111 *
b1000000011 '
b1000000011 <
b1100100 :
b1100100 8
b1100100 1
b1100100 /
b1100100 C
b1100100 A
b1100100 D
b1100100 2
b1100100 ;
b100000001110101100 5
b1111111111111111010101111000010111001101 ,
b1010100100001001011011100 >
1$
#362
0$
#363
b111110100001011101110011010 !
b111110100001011101110011010 ?
b1100111100001100110010 #
b1100111100001100110010 -
b0 "
b0 6
b10110101 )
b0 &
b0 3
b1100001100100010 %
b1100001100100010 *
b10010110011110 '
b10010110011110 <
b1100100 :
b1100100 8
b1100100 1
b1100100 /
b1100100 C
b1100100 A
b1100100 D
b1100100 2
b1100100 ;
b0 5
b1100111100001100110010 ,
b111110100001011101110011010 >
1$
#364
0$
#365
b1011100110110111011000101001 !
b1011100110110111011000101001 ?
b111110000011110111100111 #
b111110000011110111100111 -
b1111111111111111111111011111110001010100 "
b1111111111111111111111011111110001010100 6
b10110110 )
b11110011011110 &
b11110011011110 3
b1101110110110101 %
b1101110110110101 *
b11110000110111 '
b11110000110111 <
b1100100 :
b1100100 8
b1100100 1
b1100100 /
b1100100 C
b1100100 A
b1100100 D
b1100100 2
b1111111111111111111111011111110001010100 5
b1100100 ;
b111110000011110111100111 ,
b1011100110110111011000101001 >
1$
#366
0$
#367
b1011011000101000101011001100 !
b1011011000101000101011001100 ?
b1010010101100100010000011 #
b1010010101100100010000011 -
b1111111111111111111111101100000101001100 "
b1111111111111111111111101100000101001100 6
b10110111 )
b10010110011110 &
b10010110011110 3
b100000000101 %
b100000000101 *
b11110111111101 '
b11110111111101 <
b1100100 :
b1100100 8
b1100100 1
b1100100 /
b1100100 C
b1100100 A
b1100100 D
b1100100 2
b1100100 ;
b1111111111111111111111101100000101001100 5
b1010010101100100010000011 ,
b1011011000101000101011001100 >
1$
#368
0$
#369
b111001110011010100001010100 !
b111001110011010100001010100 ?
b1000001011000000011111100 #
b1000001011000000011111100 -
b10011111010110100 "
b10011111010110100 6
b10111000 )
b1101101001100010 &
b1101101001100010 3
b10111010100111 %
b10111010100111 *
b10101001010011 '
b10101001010011 <
b1100100 :
b1100100 8
b1100100 1
b1100100 /
b1100100 C
b1100100 A
b1100100 D
b1100100 2
b1100100 ;
b10011111010110100 5
b1000001011000000011111100 ,
b111001110011010100001010100 >
1$
#370
0$
#371
b100100010001010110100000 !
b100100010001010110100000 ?
b10010000011001110111111 #
b10010000011001110111111 -
b100000001110101100 "
b100000001110101100 6
b10111001 )
b1100001100100010 &
b1100001100100010 3
b11111111100000 %
b11111111100000 *
b100000000101 '
b100000000101 <
b1100100 :
b1100100 8
b1100100 1
b1100100 /
b1100100 C
b1100100 A
b1100100 D
b1100100 2
b1100100 ;
b100000001110101100 5
b10010000011001110111111 ,
b100100010001010110100000 >
1$
#372
0$
#373
b1111111111111001101101100101010001100010 !
b1111111111111001101101100101010001100010 ?
b1111111111111111011010011100001101010110 #
b1111111111111111011010011100001101010110 -
b0 "
b0 6
b10111010 )
b0 &
b0 3
b11001111000111 %
b11001111000111 *
b1110001011110010 '
b1110001011110010 <
b1100100 :
b1100100 8
b1100100 1
b1100100 /
b1100100 C
b1100100 A
b1100100 D
b1100100 2
b1100100 ;
b0 5
b1111111111111111011010011100001101010110 ,
b1111111111111001101101100101010001100010 >
1$
#374
0$
#375
b1111111111110101000010000100000101011110 !
b1111111111110101000010000100000101011110 ?
b1111111111111110110100000100011110100100 #
b1111111111111110110100000100011110100100 -
b1111111111111111111111011111110001010100 "
b1111111111111111111111011111110001010100 6
b10111011 )
b11110011011110 &
b11110011011110 3
b111111101011 %
b111111101011 *
b1100011111101011 '
b1100011111101011 <
b1100100 :
b1100100 8
b1100100 1
b1100100 /
b1100100 C
b1100100 A
b1100100 D
b1100100 2
b1111111111111111111111011111110001010100 5
b1100100 ;
b1111111111111110110100000100011110100100 ,
b1111111111110101000010000100000101011110 >
1$
#376
0$
#377
b1111111111110100001001010011010000000100 !
b1111111111110100001001010011010000000100 ?
b1111111111111110110000100011001000100101 #
b1111111111111110110000100011001000100101 -
b1111111111111111111111101100000101001100 "
b1111111111111111111111101100000101001100 6
b10111100 )
b10010110011110 &
b10010110011110 3
b1110010011000000 %
b1110010011000000 *
b1100000001001001 '
b1100000001001001 <
b1100100 :
b1100100 8
b1100100 1
b1100100 /
b1100100 C
b1100100 A
b1100100 D
b1100100 2
b1100100 ;
b1111111111111111111111101100000101001100 5
b1111111111111110110000100011001000100101 ,
b1111111111110100001001010011010000000100 >
1$
#378
0$
#379
b1111111111110111010110111011001010111101 !
b1111111111110111010110111011001010111101 ?
b1111111111111111010001011111100100011010 #
b1111111111111111010001011111100100011010 -
b10011111010110100 "
b10011111010110100 6
b10111101 )
b1101101001100010 &
b1101101001100010 3
b1100011000010111 %
b1100011000010111 *
b1100111010110000 '
b1100111010110000 <
b1100100 :
b1100100 8
b1100100 1
b1100100 /
b1100100 C
b1100100 A
b1100100 D
b1100100 2
b1100100 ;
b10011111010110100 5
b1111111111111111010001011111100100011010 ,
b1111111111110111010110111011001010111101 >
1$
#380
0$
#381
b1111111111111101100011110100101010101110 !
b1111111111111101100011110100101010101110 ?
b111110010000001010001 #
b111110010000001010001 -
b100000001110101100 "
b100000001110101100 6
b10111110 )
b1100001100100010 &
b1100001100100010 3
b1100001000000011 %
b1100001000000011 *
b1110111000100101 '
b1110111000100101 <
b1100100 :
b1100100 8
b1100100 1
b1100100 /
b1100100 C
b1100100 A
b1100100 D
b1100100 2
b1100100 ;
b100000001110101100 5
b111110010000001010001 ,
b1111111111111101100011110100101010101110 >
1$
#382
0$
#383
b100100110101110111100111000 !
b100100110101110111100111000 ?
b111010011111110000001101 #
b111010011111110000001101 -
b0 "
b0 6
b10111111 )
b0 &
b0 3
b1101101001100010 %
b1101101001100010 *
b1001111000111 '
b1001111000111 <
b1100100 :
b1100100 8
b1100100 1
b1100100 /
b1100100 C
b1100100 A
b1100100 D
b1100100 2
b1100100 ;
b0 5
b111010011111110000001101 ,
b100100110101110111100111000 >
1$
#384
0$
#385
b1010000011101101101111010011 !
b1010000011101101101111010011 ?
b1010010010111000000110100 #
b1010010010111000000110100 -
b1111111111111111111111011111110001010100 "
b1111111111111111111111011111110001010100 6
b11000000 )
b11110011011110 &
b11110011011110 3
b10000000101 %
b10000000101 *
b11001010010010 '
b11001010010010 <
b1100100 :
b1100100 8
b1100100 1
b1100100 /
b1100100 C
b1100100 A
b1100100 D
b1100100 2
b1111111111111111111111011111110001010100 5
b1100100 ;
b1010010010111000000110100 ,
b1010000011101101101111010011 >
1$
#386
0$
#387
b1100000010000100110100011101 !
b1100000010000100110100011101 ?
b1000100011010110010000011 #
b1000100011010110010000011 -
b1111111111111111111111101100000101001100 "
b1111111111111111111111101100000101001100 6
b11000001 )
b10010110011110 &
b10010110011110 3
b10101111010000 %
b10101111010000 *
b11111111100000 '
b11111111100000 <
b1100100 :
b1100100 8
b1100100 1
b1100100 /
b1100100 C
b1100100 A
b1100100 D
b1100100 2
b1100100 ;
b1111111111111111111111101100000101001100 5
b1000100011010110010000011 ,
b1100000010000100110100011101 >
1$
#388
0$
#389
b1001110110000111011000011111 !
b1001110110000111011000011111 ?
b10111000100100010100110 #
b10111000100100010100110 -
b10011111010110100 "
b10011111010110100 6
b11000010 )
b1101101001100010 &
b1101101001100010 3
b11111101111111 %
b11111101111111 *
b11011100010110 '
b11011100010110 <
b1100100 :
b1100100 8
b1100100 1
b1100100 /
b1100100 C
b1100100 A
b1100100 D
b1100100 2
b1100100 ;
b10011111010110100 5
b10111000100100010100110 ,
b1001110110000111011000011111 >
1$
#390
0$
#391
b100010000001111010001000001 !
b100010000001111010001000001 ?
b1111111111111111011111001000010100111010 #
b1111111111111111011111001000010100111010 -
b100000001110101100 "
b100000001110101100 6
b11000011 )
b1100001100100010 &
b1100001100100010 3
b11011000001001 %
b11011000001001 *
b1101101000000 '
b1101101000000 <
b1100100 :
b1100100 8
b1100100 1
b1100100 /
b1100100 C
b1100100 A
b1100100 D
b1100100 2
b1100100 ;
b100000001110101100 5
b1111111111111111011111001000010100111010 ,
b100010000001111010001000001 >
1$
#392
0$
#393
b1111111111111101001100001101100110100110 !
b1111111111111101001100001101100110100110 ?
b1111111111111110110110010001010111100110 #
b1111111111111110110110010001010111100110 -
b0 "
b0 6
b11000100 )
b0 &
b0 3
b1001111000111 %
b1001111000111 *
b1111010111111101 '
b1111010111111101 <
b1100100 :
b1100100 8
b1100100 1
b1100100 /
b1100100 C
b1100100 A
b1100100 D
b1100100 2
b1100100 ;
b0 5
b1111111111111110110110010001010111100110 ,
b1111111111111101001100001101100110100110 >
1$
#394
0$
#395
b1111111111110111000110010111011001000010 !
b1111111111110111000110010111011001000010 ?
b1111111111111110101111001111111000100111 #
b1111111111111110101111001111111000100111 -
b1111111111111111111111011111110001010100 "
b1111111111111111111111011111110001010100 6
b11000101 )
b11110011011110 &
b11110011011110 3
b1110100001110001 %
b1110100001110001 *
b1101010000110000 '
b1101010000110000 <
b1100100 :
b1100100 8
b1100100 1
b1100100 /
b1100100 C
b1100100 A
b1100100 D
b1100100 2
b1111111111111111111111011111110001010100 5
b1100100 ;
b1111111111111110101111001111111000100111 ,
b1111111111110111000110010111011001000010 >
1$
#396
0$
#397
b1111111111110100000101100001010111111100 !
b1111111111110100000101100001010111111100 ?
b1111111111111111001101010010001101100010 #
b1111111111111111001101010010001101100010 -
b1111111111111111111111101100000101001100 "
b1111111111111111111111101100000101001100 6
b11000110 )
b10010110011110 &
b10010110011110 3
b1100011111101011 %
b1100011111101011 *
b1100000110001011 '
b1100000110001011 <
b1100100 :
b1100100 8
b1100100 1
b1100100 /
b1100100 C
b1100100 A
b1100100 D
b1100100 2
b1100100 ;
b1111111111111111111111101100000101001100 5
b1111111111111111001101010010001101100010 ,
b1111111111110100000101100001010111111100 >
1$
#398
0$
#399
b1111111111110101001100010111111001001000 !
b1111111111110101001100010111111001001000 ?
b10100110000110000010 #
b10100110000110000010 -
b10011111010110100 "
b10011111010110100 6
b11000111 )
b1101101001100010 &
b1101101001100010 3
b1100000100100010 %
b1100000100100010 *
b1100010001111111 '
b1100010001111111 <
b1100100 :
b1100100 8
b1100100 1
b1100100 /
b1100100 C
b1100100 A
b1100100 D
b1100100 2
b1100100 ;
b10011111010110100 5
b10100110000110000010 ,
b1111111111110101001100010111111001001000 >
1$
#400
0$
#401
b1111111111111010000010011010101110011110 !
b1111111111111010000010011010101110011110 ?
b110110101101100111001011 #
b110110101101100111001011 -
b100000001110101100 "
b100000001110101100 6
b11001000 )
b1100001100100010 &
b1100001100100010 3
b1101011100110100 %
b1101011100110100 *
b1101110000000111 '
b1101110000000111 <
b1100100 :
b1100100 8
b1100100 1
b1100100 /
b1100100 C
b1100100 A
b1100100 D
b1100100 2
b1100100 ;
b100000001110101100 5
b110110101101100111001011 ,
b1111111111111010000010011010101110011110 >
1$
#402
0$
#403
b111100011011011100100001 !
b111100011011011100100001 ?
b1010001101101111000111111 #
b1010001101101111000111111 -
b0 "
b0 6
b11001001 )
b0 &
b0 3
b0 %
b0 *
b0 '
b0 <
b1100100 :
b1100100 8
b1100100 1
b1100100 /
b1100100 C
b1100100 A
b1100100 D
b1100100 2
b1100100 ;
b0 5
b1010001101101111000111111 ,
b111100011011011100100001 >
1$
#404
0$
#405
b111100001100010101101010101 !
b111100001100010101101010101 ?
b1000111001101101110101010 #
b1000111001101101110101010 -
b1111111111111111111111011111110001010100 "
b1111111111111111111111011111110001010100 6
b11001010 )
b11110011011110 &
b11110011011110 3
b10100011001100 %
b10100011001100 *
b10001111111001 '
b10001111111001 <
b1100100 :
b1100100 8
b1100100 1
b1100100 /
b1100100 C
b1100100 A
b1100100 D
b1100100 2
b1111111111111111111111011111110001010100 5
b1100100 ;
b1000111001101101110101010 ,
b111100001100010101101010101 >
1$
#406
0$
#407
b1011100000000111101101111101 !
b1011100000000111101101111101 ?
b11100000001101010010001 #
b11100000001101010010001 -
b1111111111111111111111101100000101001100 "
b1111111111111111111111101100000101001100 6
b11001011 )
b10010110011110 &
b10010110011110 3
b11111011011110 %
b11111011011110 *
b11101110000001 '
b11101110000001 <
b1100100 :
b1100100 8
b1100100 1
b1100100 /
b1100100 C
b1100100 A
b1100100 D
b1100100 2
b1100100 ;
b1111111111111111111111101100000101001100 5
b11100000001101010010001 ,
b1011100000000111101101111101 >
1$
#408
0$
#409
b1111111111111111100011111110010101101111 #
b1111111111111111100011111110010101101111 -
b10011111010110100 "
b10011111010110100 6
b11001100 )
b1101101001100010 &
b1101101001100010 3
b11100000010101 %
b11100000010101 *
b11111001110101 '
b11111001110101 <
b1100100 :
b1100100 8
b1100100 1
b1100100 /
b1100100 C
b1100100 A
b1100100 D
b1100100 2
b1100100 ;
b10011111010110100 5
b1111111111111111100011111110010101101111 ,
b1011100000000111101101111101 >
1$
#410
0$
#411
b111100001100010101101010101 !
b111100001100010101101010101 ?
b1111111111111110111000110010010001010110 #
b1111111111111110111000110010010001010110 -
b100000001110101100 "
b100000001110101100 6
b11001101 )
b1100001100100010 &
b1100001100100010 3
b1011110001111 %
b1011110001111 *
b10101111010000 '
b10101111010000 <
b1100100 :
b1100100 8
b1100100 1
b1100100 /
b1100100 C
b1100100 A
b1100100 D
b1100100 2
b1100100 ;
b100000001110101100 5
b1111111111111110111000110010010001010110 ,
b111100001100010101101010101 >
1$
#412
0$
#413
b111100011011011100100001 !
b111100011011011100100001 ?
b1111111111111110101110010010000111000001 #
b1111111111111110101110010010000111000001 -
b0 "
b0 6
b11001110 )
b0 &
b0 3
b1110110000111001 %
b1110110000111001 *
b101000000011 '
b101000000011 <
b1100100 :
b1100100 8
b1100100 1
b1100100 /
b1100100 C
b1100100 A
b1100100 D
b1100100 2
b1100100 ;
b0 5
b1111111111111110101110010010000111000001 ,
b111100011011011100100001 >
1$
#414
0$
#415
b1111111111111010000010011010101110011110 !
b1111111111111010000010011010101110011110 ?
b1111111111111111001001010010011000110101 #
b1111111111111111001001010010011000110101 -
b1111111111111111111111011111110001010100 "
b1111111111111111111111011111110001010100 6
b11001111 )
b11110011011110 &
b11110011011110 3
b1100100111110111 %
b1100100111110111 *
b1110010011000000 '
b1110010011000000 <
b1100100 :
b1100100 8
b1100100 1
b1100100 /
b1100100 C
b1100100 A
b1100100 D
b1100100 2
b1111111111111111111111011111110001010100 5
b1100100 ;
b1111111111111111001001010010011000110101 ,
b1111111111111010000010011010101110011110 >
1$
#416
0$
#417
b1111111111110101001100010111111001001000 !
b1111111111110101001100010111111001001000 ?
b1111111111111111111101011001111001111110 #
b1111111111111111111101011001111001111110 -
b1111111111111111111111101100000101001100 "
b1111111111111111111111101100000101001100 6
b11010000 )
b10010110011110 &
b10010110011110 3
b1100000010000001 %
b1100000010000001 *
b1100100011101010 '
b1100100011101010 <
b1100100 :
b1100100 8
b1100100 1
b1100100 /
b1100100 C
b1100100 A
b1100100 D
b1100100 2
b1100100 ;
b1111111111111111111111101100000101001100 5
b1111111111111111111101011001111001111110 ,
b1111111111110101001100010111111001001000 >
1$
#418
0$
#419
b1111111111110100000101100001010111111100 !
b1111111111110100000101100001010111111100 ?
b110010101101110010011110 #
b110010101101110010011110 -
b10011111010110100 "
b10011111010110100 6
b11010001 )
b1101101001100010 &
b1101101001100010 3
b1101010000110000 %
b1101010000110000 *
b1100000000100000 '
b1100000000100000 <
b1100100 :
b1100100 8
b1100100 1
b1100100 /
b1100100 C
b1100100 A
b1100100 D
b1100100 2
b1100100 ;
b10011111010110100 5
b110010101101110010011110 ,
b1111111111110100000101100001010111111100 >
1$
#420
0$
#421
b1111111111110111000110010111011001000010 !
b1111111111110111000110010111011001000010 ?
b1010000110000000111011001 #
b1010000110000000111011001 -
b100000001110101100 "
b100000001110101100 6
b11010010 )
b1100001100100010 &
b1100001100100010 3
b1111101111111011 %
b1111101111111011 *
b1100110101101110 '
b1100110101101110 <
b1100100 :
b1100100 8
b1100100 1
b1100100 /
b1100100 C
b1100100 A
b1100100 D
b1100100 2
b1100100 ;
b100000001110101100 5
b1010000110000000111011001 ,
b1111111111110111000110010111011001000010 >
1$
#422
0$
#423
b1111111111111101001100001101100110100110 !
b1111111111111101001100001101100110100110 ?
b1001001101110101000011010 #
b1001001101110101000011010 -
b0 "
b0 6
b11010011 )
b0 &
b0 3
b10010110011110 %
b10010110011110 *
b1110110000111001 '
b1110110000111001 <
b1100100 :
b1100100 8
b1100100 1
b1100100 /
b1100100 C
b1100100 A
b1100100 D
b1100100 2
b1100100 ;
b0 5
b1001001101110101000011010 ,
b1111111111111101001100001101100110100110 >
1$
#424
0$
#425
b100010000001111010001000001 !
b100010000001111010001000001 ?
b100000110111101011000110 #
b100000110111101011000110 -
b1111111111111111111111011111110001010100 "
b1111111111111111111111011111110001010100 6
b11010100 )
b11110011011110 &
b11110011011110 3
b11110111111101 %
b11110111111101 *
b1000111011011 '
b1000111011011 <
b1100100 :
b1100100 8
b1100100 1
b1100100 /
b1100100 C
b1100100 A
b1100100 D
b1100100 2
b1111111111111111111111011111110001010100 5
b1100100 ;
b100000110111101011000110 ,
b100010000001111010001000001 >
1$
#426
0$
#427
b1001110110000111011000011111 !
b1001110110000111011000011111 ?
b1111111111111111101000111011011101011010 #
b1111111111111111101000111011011101011010 -
b1111111111111111111111101100000101001100 "
b1111111111111111111111101100000101001100 6
b11010101 )
b10010110011110 &
b10010110011110 3
b11100111101001 %
b11100111101001 *
b11000101010000 '
b11000101010000 <
b1100100 :
b1100100 8
b1100100 1
b1100100 /
b1100100 C
b1100100 A
b1100100 D
b1100100 2
b1100100 ;
b1111111111111111111111101100000101001100 5
b1111111111111111101000111011011101011010 ,
b1001110110000111011000011111 >
1$
#428
0$
#429
b1100000010000100110100011101 !
b1100000010000100110100011101 ?
b1111111111111110111011100101001101111101 #
b1111111111111110111011100101001101111101 -
b10011111010110100 "
b10011111010110100 6
b11010110 )
b1101101001100010 &
b1101101001100010 3
b1101101000000 %
b1101101000000 *
b11111110110111 '
b11111110110111 <
b1100100 :
b1100100 8
b1100100 1
b1100100 /
b1100100 C
b1100100 A
b1100100 D
b1100100 2
b1100100 ;
b10011111010110100 5
b1111111111111110111011100101001101111101 ,
b1100000010000100110100011101 >
1$
#430
0$
#431
b1010000011101101101111010011 !
b1010000011101101101111010011 ?
b1111111111111110101101101000111111001100 #
b1111111111111110101101101000111111001100 -
b100000001110101100 "
b100000001110101100 6
b11010111 )
b1100001100100010 &
b1100001100100010 3
b1111000000010101 %
b1111000000010101 *
b11100000010101 '
b11100000010101 <
b1100100 :
b1100100 8
b1100100 1
b1100100 /
b1100100 C
b1100100 A
b1100100 D
b1100100 2
b1100100 ;
b100000001110101100 5
b1111111111111110101101101000111111001100 ,
b1010000011101101101111010011 >
1$
#432
0$
#433
b100100110101110111100111000 !
b100100110101110111100111000 ?
b1111111111111111000101100000001111110011 #
b1111111111111111000101100000001111110011 -
b0 "
b0 6
b11011000 )
b0 &
b0 3
b1100110000111001 %
b1100110000111001 *
b1110100001110 '
b1110100001110 <
b1100100 :
b1100100 8
b1100100 1
b1100100 /
b1100100 C
b1100100 A
b1100100 D
b1100100 2
b1100100 ;
b0 5
b1111111111111111000101100000001111110011 ,
b100100110101110111100111000 >
1$
#434
0$
#435
b1111111111111101100011110100101010101110 !
b1111111111111101100011110100101010101110 ?
b1111111111111111111000001101111110101111 #
b1111111111111111111000001101111110101111 -
b1111111111111111111111011111110001010100 "
b1111111111111111111111011111110001010100 6
b11011001 )
b11110011011110 &
b11110011011110 3
b1100000000100000 %
b1100000000100000 *
b1111011111111011 '
b1111011111111011 <
b1100100 :
b1100100 8
b1100100 1
b1100100 /
b1100100 C
b1100100 A
b1100100 D
b1100100 2
b1111111111111111111111011111110001010100 5
b1100100 ;
b1111111111111111111000001101111110101111 ,
b1111111111111101100011110100101010101110 >
1$
#436
0$
#437
b1111111111110111010110111011001010111101 !
b1111111111110111010110111011001010111101 ?
b101110100000011011100110 #
b101110100000011011100110 -
b1111111111111111111111101100000101001100 "
b1111111111111111111111101100000101001100 6
b11011010 )
b10010110011110 &
b10010110011110 3
b1101000101011001 %
b1101000101011001 *
b1101010110101101 '
b1101010110101101 <
b1100100 :
b1100100 8
b1100100 1
b1100100 /
b1100100 C
b1100100 A
b1100100 D
b1100100 2
b1100100 ;
b1111111111111111111111101100000101001100 5
b101110100000011011100110 ,
b1111111111110111010110111011001010111101 >
1$
#438
0$
#439
b1111111111110100001001010011010000000100 !
b1111111111110100001001010011010000000100 ?
b1001111011100110111011011 #
b1001111011100110111011011 -
b10011111010110100 "
b10011111010110100 6
b11011011 )
b1101101001100010 &
b1101101001100010 3
b1111011111111011 %
b1111011111111011 *
b1100001000000011 '
b1100001000000011 <
b1100100 :
b1100100 8
b1100100 1
b1100100 /
b1100100 C
b1100100 A
b1100100 D
b1100100 2
b1100100 ;
b10011111010110100 5
b1001111011100110111011011 ,
b1111111111110100001001010011010000000100 >
1$
#440
0$
#441
b1111111111110101000010000100000101011110 !
b1111111111110101000010000100000101011110 ?
b1001011111011100001011100 #
b1001011111011100001011100 -
b100000001110101100 "
b100000001110101100 6
b11011100 )
b1100001100100010 &
b1100001100100010 3
b10001001001011 %
b10001001001011 *
b1100001111001001 '
b1100001111001001 <
b1100100 :
b1100100 8
b1100100 1
b1100100 /
b1100100 C
b1100100 A
b1100100 D
b1100100 2
b1100100 ;
b100000001110101100 5
b1001011111011100001011100 ,
b1111111111110101000010000100000101011110 >
1$
#442
0$
#443
b1111111111111001101101100101010001100010 !
b1111111111111001101101100101010001100010 ?
b100101100011110010101010 #
b100101100011110010101010 -
b0 "
b0 6
b11011101 )
b0 &
b0 3
b11110011011110 %
b11110011011110 *
b1101101001100010 '
b1101101001100010 <
b1100100 :
b1100100 8
b1100100 1
b1100100 /
b1100100 C
b1100100 A
b1100100 D
b1100100 2
b1100100 ;
b0 5
b100101100011110010101010 ,
b1111111111111001101101100101010001100010 >
1$
#444
0$
#445
b100100010001010110100000 !
b100100010001010110100000 ?
b1111111111111111101101111100110001000001 #
b1111111111111111101101111100110001000001 -
b1111111111111111111111011111110001010100 "
b1111111111111111111111011111110001010100 6
b11011110 )
b11110011011110 &
b11110011011110 3
b11101110000001 %
b11101110000001 *
b1111110111111101 '
b1111110111111101 <
b1100100 :
b1100100 8
b1100100 1
b1100100 /
b1100100 C
b1100100 A
b1100100 D
b1100100 2
b1111111111111111111111011111110001010100 5
b1100100 ;
b1111111111111111101101111100110001000001 ,
b100100010001010110100000 >
1$
#446
0$
#447
b111001110011010100001010100 !
b111001110011010100001010100 ?
b1111111111111110111110100111111100000100 #
b1111111111111110111110100111111100000100 -
b1111111111111111111111101100000101001100 "
b1111111111111111111111101100000101001100 6
b11011111 )
b10010110011110 &
b10010110011110 3
b1111011010101 %
b1111011010101 *
b10001001001011 '
b10001001001011 <
b1100100 :
b1100100 8
b1100100 1
b1100100 /
b1100100 C
b1100100 A
b1100100 D
b1100100 2
b1100100 ;
b1111111111111111111111101100000101001100 5
b1111111111111110111110100111111100000100 ,
b111001110011010100001010100 >
1$
#448
0$
#449
b1011011000101000101011001100 !
b1011011000101000101011001100 ?
b1111111111111110101101010011011101111101 #
b1111111111111110101101010011011101111101 -
b10011111010110100 "
b10011111010110100 6
b11100000 )
b1101101001100010 &
b1101101001100010 3
b1111010000000010 %
b1111010000000010 *
b11101010111100 '
b11101010111100 <
b1100100 :
b1100100 8
b1100100 1
b1100100 /
b1100100 C
b1100100 A
b1100100 D
b1100100 2
b1100100 ;
b10011111010110100 5
b1111111111111110101101010011011101111101 ,
b1011011000101000101011001100 >
1$
#450
0$
#451
b1011100110110111011000101001 !
b1011100110110111011000101001 ?
b1111111111111111000001111100001000011001 #
b1111111111111111000001111100001000011001 -
b100000001110101100 "
b100000001110101100 6
b11100001 )
b1100001100100010 &
b1100001100100010 3
b1100111010110000 %
b1100111010110000 *
b11111011011110 '
b11111011011110 <
b1100100 :
b1100100 8
b1100100 1
b1100100 /
b1100100 C
b1100100 A
b1100100 D
b1100100 2
b1100100 ;
b100000001110101100 5
b1111111111111111000001111100001000011001 ,
b1011100110110111011000101001 >
1$
#452
0$
#453
b111110100001011101110011010 !
b111110100001011101110011010 ?
b1111111111111111110011000011110011001110 #
b1111111111111111110011000011110011001110 -
b0 "
b0 6
b11100010 )
b0 &
b0 3
b1100000000000000 %
b1100000000000000 *
b10110101000001 '
b10110101000001 <
b1100100 :
b1100100 8
b1100100 1
b1100100 /
b1100100 C
b1100100 A
b1100100 D
b1100100 2
b1100100 ;
b0 5
b1111111111111111110011000011110011001110 ,
b111110100001011101110011010 >
1$
#454
0$
#455
b1010100100001001011011100 !
b1010100100001001011011100 ?
b101010000111101000110011 #
b101010000111101000110011 -
b1111111111111111111111011111110001010100 "
b1111111111111111111111011111110001010100 6
b11100011 )
b11110011011110 &
b11110011011110 3
b1100111010110000 %
b1100111010110000 *
b101111111110 '
b101111111110 <
b1100100 :
b1100100 8
b1100100 1
b1100100 /
b1100100 C
b1100100 A
b1100100 D
b1100100 2
b1111111111111111111111011111110001010100 5
b1100100 ;
b101010000111101000110011 ,
b1010100100001001011011100 >
1$
#456
0$
#457
b1111111111111010010111100111111101110100 !
b1111111111111010010111100111111101110100 ?
b1001101110110010100000000 #
b1001101110110010100000000 -
b1111111111111111111111101100000101001100 "
b1111111111111111111111101100000101001100 6
b11100100 )
b10010110011110 &
b10010110011110 3
b1111010000000010 %
b1111010000000010 *
b1110011010010101 '
b1110011010010101 <
b1100100 :
b1100100 8
b1100100 1
b1100100 /
b1100100 C
b1100100 A
b1100100 D
b1100100 2
b1100100 ;
b1111111111111111111111101100000101001100 5
b1001101110110010100000000 ,
b1111111111111010010111100111111101110100 >
1$
#458
0$
#459
b1111111111110101010111010111001111100111 !
b1111111111110101010111010111001111100111 ?
b10011111010110100 "
b10011111010110100 6
b11100101 )
b1101101001100010 &
b1101101001100010 3
b1111011010101 %
b1111011010101 *
b1100100111110111 '
b1100100111110111 <
b1100100 :
b1100100 8
b1100100 1
b1100100 /
b1100100 C
b1100100 A
b1100100 D
b1100100 2
b1100100 ;
b10011111010110100 5
b1001101110110010100000000 ,
b1111111111110101010111010111001111100111 >
1$
#460
0$
#461
b1111111111110100000010011111100100111001 !
b1111111111110100000010011111100100111001 ?
b101010000111101000110011 #
b101010000111101000110011 -
b100000001110101100 "
b100000001110101100 6
b11100110 )
b1100001100100010 &
b1100001100100010 3
b11101110000001 %
b11101110000001 *
b1100000000001000 '
b1100000000001000 <
b1100100 :
b1100100 8
b1100100 1
b1100100 /
b1100100 C
b1100100 A
b1100100 D
b1100100 2
b1100100 ;
b100000001110101100 5
b101010000111101000110011 ,
b1111111111110100000010011111100100111001 >
1$
#462
0$
#463
b1111111111110110110110010111011011101100 !
b1111111111110110110110010111011011101100 ?
b1111111111111111110011000011110011001110 #
b1111111111111111110011000011110011001110 -
b0 "
b0 6
b11100111 )
b0 &
b0 3
b11110011011110 %
b11110011011110 *
b1100110000111001 '
b1100110000111001 <
b1100100 :
b1100100 8
b1100100 1
b1100100 /
b1100100 C
b1100100 A
b1100100 D
b1100100 2
b1100100 ;
b0 5
b1111111111111111110011000011110011001110 ,
b1111111111110110110110010111011011101100 >
1$
#464
0$
#465
b1111111111111100110100110001100010110111 !
b1111111111111100110100110001100010110111 ?
b1111111111111111000001111100001000011001 #
b1111111111111111000001111100001000011001 -
b1111111111111111111111011111110001010100 "
b1111111111111111111111011111110001010100 6
b11101000 )
b11110011011110 &
b11110011011110 3
b10001001001011 %
b10001001001011 *
b1110101001010010 '
b1110101001010010 <
b1100100 :
b1100100 8
b1100100 1
b1100100 /
b1100100 C
b1100100 A
b1100100 D
b1100100 2
b1111111111111111111111011111110001010100 5
b1100100 ;
b1111111111111111000001111100001000011001 ,
b1111111111111100110100110001100010110111 >
1$
#466
0$
#467
b11111001011101110010011111 !
b11111001011101110010011111 ?
b1111111111111110101101010011011101111101 #
b1111111111111110101101010011011101111101 -
b1111111111111111111111101100000101001100 "
b1111111111111111111111101100000101001100 6
b11101001 )
b10010110011110 &
b10010110011110 3
b1111011111111011 %
b1111011111111011 *
b111111101011 '
b111111101011 <
b1100100 :
b1100100 8
b1100100 1
b1100100 /
b1100100 C
b1100100 A
b1100100 D
b1100100 2
b1100100 ;
b1111111111111111111111101100000101001100 5
b1111111111111110101101010011011101111101 ,
b11111001011101110010011111 >
1$
#468
0$
#469
b1001100111111000011010100001 !
b1001100111111000011010100001 ?
b1111111111111110111110100111111100000100 #
b1111111111111110111110100111111100000100 -
b10011111010110100 "
b10011111010110100 6
b11101010 )
b1101101001100010 &
b1101101001100010 3
b1101000101011001 %
b1101000101011001 *
b11000000000010 '
b11000000000010 <
b1100100 :
b1100100 8
b1100100 1
b1100100 /
b1100100 C
b1100100 A
b1100100 D
b1100100 2
b1100100 ;
b10011111010110100 5
b1111111111111110111110100111111100000100 ,
b1001100111111000011010100001 >
1$
#470
0$
#471
b1100000001010011010001001010 !
b1100000001010011010001001010 ?
b1111111111111111101101111100110001000001 #
b1111111111111111101101111100110001000001 -
b100000001110101100 "
b100000001110101100 6
b11101011 )
b1100001100100010 &
b1100001100100010 3
b1100000000100000 %
b1100000000100000 *
b11111101111111 '
b11111101111111 <
b1100100 :
b1100100 8
b1100100 1
b1100100 /
b1100100 C
b1100100 A
b1100100 D
b1100100 2
b1100100 ;
b100000001110101100 5
b1111111111111111101101111100110001000001 ,
b1100000001010011010001001010 >
1$
#472
0$
#473
b1010010000101010100110101001 !
b1010010000101010100110101001 ?
b100101100011110010101010 #
b100101100011110010101010 -
b0 "
b0 6
b11101100 )
b0 &
b0 3
b1100110000111001 %
b1100110000111001 *
b11100100000110 '
b11100100000110 <
b1100100 :
b1100100 8
b1100100 1
b1100100 /
b1100100 C
b1100100 A
b1100100 D
b1100100 2
b1100100 ;
b0 5
b100101100011110010101010 ,
b1010010000101010100110101001 >
1$
#474
0$
#475
b100111100111011011101101101 !
b100111100111011011101101101 ?
b1001011111011100001011100 #
b1001011111011100001011100 -
b1111111111111111111111011111110001010100 "
b1111111111111111111111011111110001010100 6
b11101101 )
b11110011011110 &
b11110011011110 3
b1111000000010101 %
b1111000000010101 *
b1111011010101 '
b1111011010101 <
b1100100 :
b1100100 8
b1100100 1
b1100100 /
b1100100 C
b1100100 A
b1100100 D
b1100100 2
b1111111111111111111111011111110001010100 5
b1100100 ;
b1001011111011100001011100 ,
b100111100111011011101101101 >
1$
#476
0$
#477
b1111111111111101111011100101011111010100 !
b1111111111111101111011100101011111010100 ?
b1001111011100110111011011 #
b1001111011100110111011011 -
b1111111111111111111111101100000101001100 "
b1111111111111111111111101100000101001100 6
b11101110 )
b10010110011110 &
b10010110011110 3
b1101101000000 %
b1101101000000 *
b1111100111111010 '
b1111100111111010 <
b1100100 :
b1100100 8
b1100100 1
b1100100 /
b1100100 C
b1100100 A
b1100100 D
b1100100 2
b1100100 ;
b1111111111111111111111101100000101001100 5
b1001111011100110111011011 ,
b1111111111111101111011100101011111010100 >
1$
#478
0$
#479
b1111111111110111101000000010010101000011 !
b1111111111110111101000000010010101000011 ?
b101110100000011011100110 #
b101110100000011011100110 -
b10011111010110100 "
b10011111010110100 6
b11101111 )
b1101101001100010 &
b1101101001100010 3
b11100111101001 %
b11100111101001 *
b1101011100110100 '
b1101011100110100 <
b1100100 :
b1100100 8
b1100100 1
b1100100 /
b1100100 C
b1100100 A
b1100100 D
b1100100 2
b1100100 ;
b10011111010110100 5
b101110100000011011100110 ,
b1111111111110111101000000010010101000011 >
1$
#480
0$
#481
b1111111111110100001101110110000011000110 !
b1111111111110100001101110110000011000110 ?
b1111111111111111111000001101111110101111 #
b1111111111111111111000001101111110101111 -
b100000001110101100 "
b100000001110101100 6
b11110000 )
b1100001100100010 &
b1100001100100010 3
b11110111111101 %
b11110111111101 *
b1100001010001011 '
b1100001010001011 <
b1100100 :
b1100100 8
b1100100 1
b1100100 /
b1100100 C
b1100100 A
b1100100 D
b1100100 2
b1100100 ;
b100000001110101100 5
b1111111111111111111000001101111110101111 ,
b1111111111110100001101110110000011000110 >
1$
#482
0$
#483
b1111111111110100111000011110000100010101 !
b1111111111110100111000011110000100010101 ?
b1111111111111111000101100000001111110011 #
b1111111111111111000101100000001111110011 -
b0 "
b0 6
b11110001 )
b0 &
b0 3
b10010110011110 %
b10010110011110 *
b1100001100100010 '
b1100001100100010 <
b1100100 :
b1100100 8
b1100100 1
b1100100 /
b1100100 C
b1100100 A
b1100100 D
b1100100 2
b1100100 ;
b0 5
b1111111111111111000101100000001111110011 ,
b1111111111110100111000011110000100010101 >
1$
#484
0$
#485
b1111111111111001011001001010111101010101 !
b1111111111111001011001001010111101010101 ?
b1111111111111110101101101000111111001100 #
b1111111111111110101101101000111111001100 -
b1111111111111111111111011111110001010100 "
b1111111111111111111111011111110001010100 6
b11110010 )
b11110011011110 &
b11110011011110 3
b1111101111111011 %
b1111101111111011 *
b1101100011000110 '
b1101100011000110 <
b1100100 :
b1100100 8
b1100100 1
b1100100 /
b1100100 C
b1100100 A
b1100100 D
b1100100 2
b1111111111111111111111011111110001010100 5
b1100100 ;
b1111111111111110101101101000111111001100 ,
b1111111111111001011001001010111101010101 >
1$
#486
0$
#487
b1100000110101101101001 !
b1100000110101101101001 ?
b1111111111111110111011100101001101111101 #
b1111111111111110111011100101001101111101 -
b1111111111111111111111101100000101001100 "
b1111111111111111111111101100000101001100 6
b11110011 )
b10010110011110 &
b10010110011110 3
b1101010000110000 %
b1101010000110000 *
b1111101111111011 '
b1111101111111011 <
b1100100 :
b1100100 8
b1100100 1
b1100100 /
b1100100 C
b1100100 A
b1100100 D
b1100100 2
b1100100 ;
b1111111111111111111111101100000101001100 5
b1111111111111110111011100101001101111101 ,
b1100000110101101101001 >
1$
#488
0$
#489
b110111010110110101010001110 !
b110111010110110101010001110 ?
b1111111111111111101000111011011101011010 #
b1111111111111111101000111011011101011010 -
b10011111010110100 "
b10011111010110100 6
b11110100 )
b1101101001100010 &
b1101101001100010 3
b1100000010000001 %
b1100000010000001 *
b10000010010100 '
b10000010010100 <
b1100100 :
b1100100 8
b1100100 1
b1100100 /
b1100100 C
b1100100 A
b1100100 D
b1100100 2
b1100100 ;
b10011111010110100 5
b1111111111111111101000111011011101011010 ,
b110111010110110101010001110 >
1$
#490
0$
#491
b1011010000011100101110111100 !
b1011010000011100101110111100 ?
b100000110111101011000110 #
b100000110111101011000110 -
b100000001110101100 "
b100000001110101100 6
b11110101 )
b1100001100100010 &
b1100001100100010 3
b1100100111110111 %
b1100100111110111 *
b11100111101001 '
b11100111101001 <
b1100100 :
b1100100 8
b1100100 1
b1100100 /
b1100100 C
b1100100 A
b1100100 D
b1100100 2
b1100100 ;
b100000001110101100 5
b100000110111101011000110 ,
b1011010000011100101110111100 >
1$
#492
0$
#493
b1011101100111000101110110001 !
b1011101100111000101110110001 ?
b1001001101110101000011010 #
b1001001101110101000011010 -
b0 "
b0 6
b11110110 )
b0 &
b0 3
b1110110000111001 %
b1110110000111001 *
b11111100110110 '
b11111100110110 <
b1100100 :
b1100100 8
b1100100 1
b1100100 /
b1100100 C
b1100100 A
b1100100 D
b1100100 2
b1100100 ;
b0 5
b1001001101110101000011010 ,
b1011101100111000101110110001 >
1$
#494
0$
#495
b1000000110010101001101101000 !
b1000000110010101001101101000 ?
b1010000110000000111011001 #
b1010000110000000111011001 -
b1111111111111111111111011111110001010100 "
b1111111111111111111111011111110001010100 6
b11110111 )
b11110011011110 &
b11110011011110 3
b1011110001111 %
b1011110001111 *
b10111010100111 '
b10111010100111 <
b1100100 :
b1100100 8
b1100100 1
b1100100 /
b1100100 C
b1100100 A
b1100100 D
b1100100 2
b1111111111111111111111011111110001010100 5
b1100100 ;
b1010000110000000111011001 ,
b1000000110010101001101101000 >
1$
#496
0$
#497
b1101100100001001100011000 !
b1101100100001001100011000 ?
b110010101101110010011110 #
b110010101101110010011110 -
b1111111111111111111111101100000101001100 "
b1111111111111111111111101100000101001100 6
b11111000 )
b10010110011110 &
b10010110011110 3
b11100000010101 %
b11100000010101 *
b110111110110 '
b110111110110 <
b1100100 :
b1100100 8
b1100100 1
b1100100 /
b1100100 C
b1100100 A
b1100100 D
b1100100 2
b1100100 ;
b1111111111111111111111101100000101001100 5
b110010101101110010011110 ,
b1101100100001001100011000 >
1$
#498
0$
#499
b1111111111111010101101001011010100100000 !
b1111111111111010101101001011010100100000 ?
b1111111111111111111101011001111001111110 #
b1111111111111111111101011001111001111110 -
b10011111010110100 "
b10011111010110100 6
b11111001 )
b1101101001100010 &
b1101101001100010 3
b11111011011110 %
b11111011011110 *
b1110100001110001 '
b1110100001110001 <
b1100100 :
b1100100 8
b1100100 1
b1100100 /
b1100100 C
b1100100 A
b1100100 D
b1100100 2
b1100100 ;
b10011111010110100 5
b1111111111111111111101011001111001111110 ,
b1111111111111010101101001011010100100000 >
1$
#500
0$
#501
b1111111111110101100011000000111001011001 !
b1111111111110101100011000000111001011001 ?
b1111111111111111001001010010011000110101 #
b1111111111111111001001010010011000110101 -
b100000001110101100 "
b100000001110101100 6
b11111010 )
b1100001100100010 &
b1100001100100010 3
b10100011001100 %
b10100011001100 *
b1100101100010001 '
b1100101100010001 <
b1100100 :
b1100100 8
b1100100 1
b1100100 /
b1100100 C
b1100100 A
b1100100 D
b1100100 2
b1100100 ;
b100000001110101100 5
b1111111111111111001001010010011000110101 ,
b1111111111110101100011000000111001011001 >
1$
#502
0$
#503
b1111111111110100000000001101101000000110 !
b1111111111110100000000001101101000000110 ?
b1111111111111110101110010010000111000001 #
b1111111111111110101110010010000111000001 -
b0 "
b0 6
b11111011 )
b0 &
b0 3
b0 %
b0 *
b1100000000000000 '
b1100000000000000 <
b1100100 :
b1100100 8
b1100100 1
b1100100 /
b1100100 C
b1100100 A
b1100100 D
b1100100 2
b1100100 ;
b0 5
b1111111111111110101110010010000111000001 ,
b1111111111110100000000001101101000000110 >
1$
#504
0$
#505
b1111111111110110100110111100010101001001 !
b1111111111110110100110111100010101001001 ?
b1111111111111110111000110010010001010110 #
b1111111111111110111000110010010001010110 -
b1111111111111111111111011111110001010100 "
b1111111111111111111111011111110001010100 6
b11111100 )
b11110011011110 &
b11110011011110 3
b1101011100110100 %
b1101011100110100 *
b1100101100010001 '
b1100101100010001 <
b1100100 :
b1100100 8
b1100100 1
b1100100 /
b1100100 C
b1100100 A
b1100100 D
b1100100 2
b1111111111111111111111011111110001010100 5
b1100100 ;
b1111111111111110111000110010010001010110 ,
b1111111111110110100110111100010101001001 >
1$
#506
0$
#507
b1111111111111100011101100010101001111101 !
b1111111111111100011101100010101001111101 ?
b1111111111111111100011111110010101101111 #
b1111111111111111100011111110010101101111 -
b1111111111111111111111101100000101001100 "
b1111111111111111111111101100000101001100 6
b11111101 )
b10010110011110 &
b10010110011110 3
b1100000100100010 %
b1100000100100010 *
b1110100001110001 '
b1110100001110001 <
b1100100 :
b1100100 8
b1100100 1
b1100100 /
b1100100 C
b1100100 A
b1100100 D
b1100100 2
b1100100 ;
b1111111111111111111111101100000101001100 5
b1111111111111111100011111110010101101111 ,
b1111111111111100011101100010101001111101 >
1$
#508
0$
#509
b11100010011101010110000011 !
b11100010011101010110000011 ?
b11100000001101010010001 #
b11100000001101010010001 -
b10011111010110100 "
b10011111010110100 6
b11111110 )
b1101101001100010 &
b1101101001100010 3
b1100011111101011 %
b1100011111101011 *
b110111110110 '
b110111110110 <
b1100100 :
b1100100 8
b1100100 1
b1100100 /
b1100100 C
b1100100 A
b1100100 D
b1100100 2
b1100100 ;
b10011111010110100 5
b11100000001101010010001 ,
b11100010011101010110000011 >
1$
#510
0$
#511
b1001011001000011101010110111 !
b1001011001000011101010110111 ?
b1000111001101101110101010 #
b1000111001101101110101010 -
b100000001110101100 "
b100000001110101100 6
b11111111 )
b1100001100100010 &
b1100001100100010 3
b1110100001110001 %
b1110100001110001 *
b10111010100111 '
b10111010100111 <
b1100100 :
b1100100 8
b1100100 1
b1100100 /
b1100100 C
b1100100 A
b1100100 D
b1100100 2
b1100100 ;
b100000001110101100 5
b1000111001101101110101010 ,
b1001011001000011101010110111 >
1$
#512
0$
#513
b1011111111110010010111111010 !
b1011111111110010010111111010 ?
b1010001101101111000111111 #
b1010001101101111000111111 -
b0 "
b0 6
b100000000 )
b0 &
b0 3
b1001111000111 %
b1001111000111 *
b11111100110110 '
b11111100110110 <
b1100100 :
b1100100 8
b1100100 1
b1100100 /
b1100100 C
b1100100 A
b1100100 D
b1100100 2
b1100100 ;
b0 5
b1010001101101111000111111 ,
b1011111111110010010111111010 >
1$
#514
0$
#515
b1010011100111111000110100111 !
b1010011100111111000110100111 ?
b110110101101100111001011 #
b110110101101100111001011 -
b1111111111111111111111011111110001010100 "
b1111111111111111111111011111110001010100 6
b100000001 )
b11110011011110 &
b11110011011110 3
b11011000001001 %
b11011000001001 *
b11100111101001 '
b11100111101001 <
b1100100 :
b1100100 8
b1100100 1
b1100100 /
b1100100 C
b1100100 A
b1100100 D
b1100100 2
b1111111111111111111111011111110001010100 5
b1100100 ;
b110110101101100111001011 ,
b1010011100111111000110100111 >
1$
#516
0$
#517
b101010010110100101011100000 !
b101010010110100101011100000 ?
b10100110000110000010 #
b10100110000110000010 -
b1111111111111111111111101100000101001100 "
b1111111111111111111111101100000101001100 6
b100000010 )
b10010110011110 &
b10010110011110 3
b11111101111111 %
b11111101111111 *
b10000010010100 '
b10000010010100 <
b1100100 :
b1100100 8
b1100100 1
b1100100 /
b1100100 C
b1100100 A
b1100100 D
b1100100 2
b1100100 ;
b1111111111111111111111101100000101001100 5
b10100110000110000010 ,
b101010010110100101011100000 >
1$
#518
0$
#519
b1111111111111110010011011110110011101000 !
b1111111111111110010011011110110011101000 ?
b1111111111111111001101010010001101100010 #
b1111111111111111001101010010001101100010 -
b10011111010110100 "
b10011111010110100 6
b100000011 )
b1101101001100010 &
b1101101001100010 3
b10101111010000 %
b10101111010000 *
b1111101111111011 '
b1111101111111011 <
b1100100 :
b1100100 8
b1100100 1
b1100100 /
b1100100 C
b1100100 A
b1100100 D
b1100100 2
b1100100 ;
b10011111010110100 5
b1111111111111111001101010010001101100010 ,
b1111111111111110010011011110110011101000 >
1$
#520
0$
#521
b1111111111110111111001101010110010011000 !
b1111111111110111111001101010110010011000 ?
b1111111111111110101111001111111000100111 #
b1111111111111110101111001111111000100111 -
b100000001110101100 "
b100000001110101100 6
b100000100 )
b1100001100100010 &
b1100001100100010 3
b10000000101 %
b10000000101 *
b1101100011000110 '
b1101100011000110 <
b1100100 :
b1100100 8
b1100100 1
b1100100 /
b1100100 C
b1100100 A
b1100100 D
b1100100 2
b1100100 ;
b100000001110101100 5
b1111111111111110101111001111111000100111 ,
b1111111111110111111001101010110010011000 >
1$
#522
0$
#523
b1111111111110100010011000111010001001111 !
b1111111111110100010011000111010001001111 ?
b1111111111111110110110010001010111100110 #
b1111111111111110110110010001010111100110 -
b0 "
b0 6
b100000101 )
b0 &
b0 3
b1101101001100010 %
b1101101001100010 *
b1100001100100010 '
b1100001100100010 <
b1100100 :
b1100100 8
b1100100 1
b1100100 /
b1100100 C
b1100100 A
b1100100 D
b1100100 2
b1100100 ;
b0 5
b1111111111111110110110010001010111100110 ,
b1111111111110100010011000111010001001111 >
1$
#524
0$
#525
b1111111111110100101111100011010001000100 !
b1111111111110100101111100011010001000100 ?
b1111111111111111011111001000010100111010 #
b1111111111111111011111001000010100111010 -
b1111111111111111111111011111110001010100 "
b1111111111111111111111011111110001010100 6
b100000110 )
b11110011011110 &
b11110011011110 3
b1100001000000011 %
b1100001000000011 *
b1100001010001011 '
b1100001010001011 <
b1100100 :
b1100100 8
b1100100 1
b1100100 /
b1100100 C
b1100100 A
b1100100 D
b1100100 2
b1111111111111111111111011111110001010100 5
b1100100 ;
b1111111111111111011111001000010100111010 ,
b1111111111110100101111100011010001000100 >
1$
#526
0$
#527
b1111111111111001000101001001010101110010 !
b1111111111111001000101001001010101110010 ?
b10111000100100010100110 #
b10111000100100010100110 -
b1111111111111111111111101100000101001100 "
b1111111111111111111111101100000101001100 6
b100000111 )
b10010110011110 &
b10010110011110 3
b1100011000010111 %
b1100011000010111 *
b1101011100110100 '
b1101011100110100 <
b1100100 :
b1100100 8
b1100100 1
b1100100 /
b1100100 C
b1100100 A
b1100100 D
b1100100 2
b1100100 ;
b1111111111111111111111101100000101001100 5
b10111000100100010100110 ,
b1111111111111001000101001001010101110010 >
1$
#528
0$
#529
b1111111111111111110011111001010010010111 !
b1111111111111111110011111001010010010111 ?
b1000100011010110010000011 #
b1000100011010110010000011 -
b10011111010110100 "
b10011111010110100 6
b100001000 )
b1101101001100010 &
b1101101001100010 3
b1110010011000000 %
b1110010011000000 *
b1111100111111010 '
b1111100111111010 <
b1100100 :
b1100100 8
b1100100 1
b1100100 /
b1100100 C
b1100100 A
b1100100 D
b1100100 2
b1100100 ;
b10011111010110100 5
b1000100011010110010000011 ,
b1111111111111111110011111001010010010111 >
1$
#530
0$
#531
b110100110110101000010101011 !
b110100110110101000010101011 ?
b1010010010111000000110100 #
b1010010010111000000110100 -
b100000001110101100 "
b100000001110101100 6
b100001001 )
b1100001100100010 &
b1100001100100010 3
b111111101011 %
b111111101011 *
b1111011010101 '
b1111011010101 <
b1100100 :
b1100100 8
b1100100 1
b1100100 /
b1100100 C
b1100100 A
b1100100 D
b1100100 2
b1100100 ;
b100000001110101100 5
b1010010010111000000110100 ,
b110100110110101000010101011 >
1$
#532
0$
#533
b1011000111100001111011101011 !
b1011000111100001111011101011 ?
b111010011111110000001101 #
b111010011111110000001101 -
b0 "
b0 6
b100001010 )
b0 &
b0 3
b11001111000111 %
b11001111000111 *
b11100100000110 '
b11100100000110 <
b1100100 :
b1100100 8
b1100100 1
b1100100 /
b1100100 C
b1100100 A
b1100100 D
b1100100 2
b1100100 ;
b0 5
b111010011111110000001101 ,
b1011000111100001111011101011 >
1$
#534
0$
#535
b1011110010001001111100111010 !
b1011110010001001111100111010 ?
b111110010000001010001 #
b111110010000001010001 -
b1111111111111111111111011111110001010100 "
b1111111111111111111111011111110001010100 6
b100001011 )
b11110011011110 &
b11110011011110 3
b11111111100000 %
b11111111100000 *
b11111101111111 '
b11111101111111 <
b1100100 :
b1100100 8
b1100100 1
b1100100 /
b1100100 C
b1100100 A
b1100100 D
b1100100 2
b1111111111111111111111011111110001010100 5
b1100100 ;
b111110010000001010001 ,
b1011110010001001111100111010 >
1$
#536
0$
#537
b1000010111111101101010111101 !
b1000010111111101101010111101 ?
b1111111111111111010001011111100100011010 #
b1111111111111111010001011111100100011010 -
b1111111111111111111111101100000101001100 "
b1111111111111111111111101100000101001100 6
b100001100 )
b10010110011110 &
b10010110011110 3
b10111010100111 %
b10111010100111 *
b11000000000010 '
b11000000000010 <
b1100100 :
b1100100 8
b1100100 1
b1100100 /
b1100100 C
b1100100 A
b1100100 D
b1100100 2
b1100100 ;
b1111111111111111111111101100000101001100 5
b1111111111111111010001011111100100011010 ,
b1000010111111101101010111101 >
1$
#538
0$
#539
b10000100011010100000101100 !
b10000100011010100000101100 ?
b1111111111111110110000100011001000100101 #
b1111111111111110110000100011001000100101 -
b10011111010110100 "
b10011111010110100 6
b100001101 )
b1101101001100010 &
b1101101001100010 3
b100000000101 %
b100000000101 *
b111111101011 '
b111111101011 <
b1100100 :
b1100100 8
b1100100 1
b1100100 /
b1100100 C
b1100100 A
b1100100 D
b1100100 2
b1100100 ;
b10011111010110100 5
b1111111111111110110000100011001000100101 ,
b10000100011010100000101100 >
1$
#540
0$
#541
b1111111111111011000011000100100010010011 !
b1111111111111011000011000100100010010011 ?
b1111111111111110110100000100011110100100 #
b1111111111111110110100000100011110100100 -
b100000001110101100 "
b100000001110101100 6
b100001110 )
b1100001100100010 &
b1100001100100010 3
b1101110110110101 %
b1101110110110101 *
b1110101001010010 '
b1110101001010010 <
b1100100 :
b1100100 8
b1100100 1
b1100100 /
b1100100 C
b1100100 A
b1100100 D
b1100100 2
b1100100 ;
b100000001110101100 5
b1111111111111110110100000100011110100100 ,
b1111111111111011000011000100100010010011 >
1$
#542
0$
#543
b1111111111110101101111010101011001010111 !
b1111111111110101101111010101011001010111 ?
b1111111111111111011010011100001101010110 #
b1111111111111111011010011100001101010110 -
b0 "
b0 6
b100001111 )
b0 &
b0 3
b1100001100100010 %
b1100001100100010 *
b1100110000111001 '
b1100110000111001 <
b1100100 :
b1100100 8
b1100100 1
b1100100 /
b1100100 C
b1100100 A
b1100100 D
b1100100 2
b1100100 ;
b0 5
b1111111111111111011010011100001101010110 ,
b1111111111110101101111010101011001010111 >
1$
#544
0$
#545
b1111111111110011111110101100101110110110 !
b1111111111110011111110101100101110110110 ?
b10010000011001110111111 #
b10010000011001110111111 -
b1111111111111111111111011111110001010100 "
b1111111111111111111111011111110001010100 6
b100010000 )
b11110011011110 &
b11110011011110 3
b1100010001111111 %
b1100010001111111 *
b1100000000001000 '
b1100000000001000 <
b1100100 :
b1100100 8
b1100100 1
b1100100 /
b1100100 C
b1100100 A
b1100100 D
b1100100 2
b1111111111111111111111011111110001010100 5
b1100100 ;
b10010000011001110111111 ,
b1111111111110011111110101100101110110110 >
1$
#546
0$
#547
b1111111111110110011000000111100101011111 !
b1111111111110110011000000111100101011111 ?
b1000001011000000011111100 #
b1000001011000000011111100 -
b1111111111111111111111101100000101001100 "
b1111111111111111111111101100000101001100 6
b100010001 )
b10010110011110 &
b10010110011110 3
b1110000100101011 %
b1110000100101011 *
b1100100111110111 '
b1100100111110111 <
b1100100 :
b1100100 8
b1100100 1
b1100100 /
b1100100 C
b1100100 A
b1100100 D
b1100100 2
b1100100 ;
b1111111111111111111111101100000101001100 5
b1000001011000000011111100 ,
b1111111111110110011000000111100101011111 >
1$
#548
0$
#549
b1111111111111100000110100010001101100001 !
b1111111111111100000110100010001101100001 ?
b1010010101100100010000011 #
b1010010101100100010000011 -
b10011111010110100 "
b10011111010110100 6
b100010010 )
b1101101001100010 &
b1101101001100010 3
b101111111110 %
b101111111110 *
b1110011010010101 '
b1110011010010101 <
b1100100 :
b1100100 8
b1100100 1
b1100100 /
b1100100 C
b1100100 A
b1100100 D
b1100100 2
b1100100 ;
b10011111010110100 5
b1010010101100100010000011 ,
b1111111111111100000110100010001101100001 >
1$
#550
0$
#551
b11001011001110011101001001 !
b11001011001110011101001001 ?
b111110000011110111100111 #
b111110000011110111100111 -
b100000001110101100 "
b100000001110101100 6
b100010011 )
b1100001100100010 &
b1100001100100010 3
b11000101010000 %
b11000101010000 *
b101111111110 '
b101111111110 <
b1100100 :
b1100100 8
b1100100 1
b1100100 /
b1100100 C
b1100100 A
b1100100 D
b1100100 2
b1100100 ;
b100000001110101100 5
b111110000011110111100111 ,
b11001011001110011101001001 >
1$
#552
0$
#553
b1001001001101000100100010100 !
b1001001001101000100100010100 ?
b1100111100001100110010 #
b1100111100001100110010 -
b0 "
b0 6
b100010100 )
b0 &
b0 3
b100000000000000 %
b100000000000000 *
b10110101000001 '
b10110101000001 <
b1100100 :
b1100100 8
b1100100 1
b1100100 /
b1100100 C
b1100100 A
b1100100 D
b1100100 2
b1100100 ;
b0 5
b1100111100001100110010 ,
b1001001001101000100100010100 >
1$
#554
0$
#555
b1011111101100000011011000111 !
b1011111101100000011011000111 ?
b1111111111111111010101111000010111001101 #
b1111111111111111010101111000010111001101 -
b1111111111111111111111011111110001010100 "
b1111111111111111111111011111110001010100 6
b100010101 )
b11110011011110 &
b11110011011110 3
b11000101010000 %
b11000101010000 *
b11111011011110 '
b11111011011110 <
b1100100 :
b1100100 8
b1100100 1
b1100100 /
b1100100 C
b1100100 A
b1100100 D
b1100100 2
b1111111111111111111111011111110001010100 5
b1100100 ;
b1111111111111111010101111000010111001101 ,
b1011111101100000011011000111 >
1$
#556
0$
#557
b1010101000101000110000011001 !
b1010101000101000110000011001 ?
b1111111111111110110010001001101100000000 #
b1111111111111110110010001001101100000000 -
b1111111111111111111111101100000101001100 "
b1111111111111111111111101100000101001100 6
b100010110 )
b10010110011110 &
b10010110011110 3
b101111111110 %
b101111111110 *
b11101010111100 '
b11101010111100 <
b1100100 :
b1100100 8
b1100100 1
b1100100 /
b1100100 C
b1100100 A
b1100100 D
b1100100 2
b1100100 ;
b1111111111111111111111101100000101001100 5
b1111111111111110110010001001101100000000 ,
b1010101000101000110000011001 >
1$
#558
0$
#559
b101101000011000000010001100 !
b101101000011000000010001100 ?
b10011111010110100 "
b10011111010110100 6
b100010111 )
b1101101001100010 &
b1101101001100010 3
b1110000100101011 %
b1110000100101011 *
b10001001001011 '
b10001001001011 <
b1100100 :
b1100100 8
b1100100 1
b1100100 /
b1100100 C
b1100100 A
b1100100 D
b1100100 2
b1100100 ;
b10011111010110100 5
b1111111111111110110010001001101100000000 ,
b101101000011000000010001100 >
1$
#560
0$
#561
b1111111111111110101011011110110100100100 !
b1111111111111110101011011110110100100100 ?
b1111111111111111010101111000010111001101 #
b1111111111111111010101111000010111001101 -
b100000001110101100 "
b100000001110101100 6
b100011000 )
b1100001100100010 &
b1100001100100010 3
b1100010001111111 %
b1100010001111111 *
b1111110111111101 '
b1111110111111101 <
b1100100 :
b1100100 8
b1100100 1
b1100100 /
b1100100 C
b1100100 A
b1100100 D
b1100100 2
b1100100 ;
b100000001110101100 5
b1111111111111111010101111000010111001101 ,
b1111111111111110101011011110110100100100 >
1$
#562
0$
#563
b1111111111111000001011110100010001100110 !
b1111111111111000001011110100010001100110 ?
b1100111100001100110010 #
b1100111100001100110010 -
b0 "
b0 6
b100011001 )
b0 &
b0 3
b1100001100100010 %
b1100001100100010 *
b1101101001100010 '
b1101101001100010 <
b1100100 :
b1100100 8
b1100100 1
b1100100 /
b1100100 C
b1100100 A
b1100100 D
b1100100 2
b1100100 ;
b0 5
b1100111100001100110010 ,
b1111111111111000001011110100010001100110 >
1$
#564
0$
#565
b1111111111110100011001001000100111010111 !
b1111111111110100011001001000100111010111 ?
b111110000011110111100111 #
b111110000011110111100111 -
b1111111111111111111111011111110001010100 "
b1111111111111111111111011111110001010100 6
b100011010 )
b11110011011110 &
b11110011011110 3
b1101110110110101 %
b1101110110110101 *
b1100001111001001 '
b1100001111001001 <
b1100100 :
b1100100 8
b1100100 1
b1100100 /
b1100100 C
b1100100 A
b1100100 D
b1100100 2
b1111111111111111111111011111110001010100 5
b1100100 ;
b111110000011110111100111 ,
b1111111111110100011001001000100111010111 >
1$
#566
0$
#567
b1111111111110100100111010111010100110100 !
b1111111111110100100111010111010100110100 ?
b1010010101100100010000011 #
b1010010101100100010000011 -
b1111111111111111111111101100000101001100 "
b1111111111111111111111101100000101001100 6
b100011011 )
b10010110011110 &
b10010110011110 3
b100000000101 %
b100000000101 *
b1100001000000011 '
b1100001000000011 <
b1100100 :
b1100100 8
b1100100 1
b1100100 /
b1100100 C
b1100100 A
b1100100 D
b1100100 2
b1100100 ;
b1111111111111111111111101100000101001100 5
b1010010101100100010000011 ,
b1111111111110100100111010111010100110100 >
1$
#568
0$
#569
b1111111111111000110001100101011110101100 !
b1111111111111000110001100101011110101100 ?
b1000001011000000011111100 #
b1000001011000000011111100 -
b10011111010110100 "
b10011111010110100 6
b100011100 )
b1101101001100010 &
b1101101001100010 3
b10111010100111 %
b10111010100111 *
b1101010110101101 '
b1101010110101101 <
b1100100 :
b1100100 8
b1100100 1
b1100100 /
b1100100 C
b1100100 A
b1100100 D
b1100100 2
b1100100 ;
b10011111010110100 5
b1000001011000000011111100 ,
b1111111111111000110001100101011110101100 >
1$
#570
0$
#571
b1111111111111111011011101110101001100000 !
b1111111111111111011011101110101001100000 ?
b10010000011001110111111 #
b10010000011001110111111 -
b100000001110101100 "
b100000001110101100 6
b100011101 )
b1100001100100010 &
b1100001100100010 3
b11111111100000 %
b11111111100000 *
b1111011111111011 '
b1111011111111011 <
b1100100 :
b1100100 8
b1100100 1
b1100100 /
b1100100 C
b1100100 A
b1100100 D
b1100100 2
b1100100 ;
b100000001110101100 5
b10010000011001110111111 ,
b1111111111111111011011101110101001100000 >
1$
#572
0$
#573
b110010010011010101110011110 !
b110010010011010101110011110 ?
b1111111111111111011010011100001101010110 #
b1111111111111111011010011100001101010110 -
b0 "
b0 6
b100011110 )
b0 &
b0 3
b11001111000111 %
b11001111000111 *
b1110100001110 '
b1110100001110 <
b1100100 :
b1100100 8
b1100100 1
b1100100 /
b1100100 C
b1100100 A
b1100100 D
b1100100 2
b1100100 ;
b0 5
b1111111111111111011010011100001101010110 ,
b110010010011010101110011110 >
1$
#574
0$
#575
b1010111101111011111010100010 !
b1010111101111011111010100010 ?
b1111111111111110110100000100011110100100 #
b1111111111111110110100000100011110100100 -
b1111111111111111111111011111110001010100 "
b1111111111111111111111011111110001010100 6
b100011111 )
b11110011011110 &
b11110011011110 3
b111111101011 %
b111111101011 *
b11100000010101 '
b11100000010101 <
b1100100 :
b1100100 8
b1100100 1
b1100100 /
b1100100 C
b1100100 A
b1100100 D
b1100100 2
b1111111111111111111111011111110001010100 5
b1100100 ;
b1111111111111110110100000100011110100100 ,
b1010111101111011111010100010 >
1$
#576
0$
#577
b1011110110101100101111111100 !
b1011110110101100101111111100 ?
b1111111111111110110000100011001000100101 #
b1111111111111110110000100011001000100101 -
b1111111111111111111111101100000101001100 "
b1111111111111111111111101100000101001100 6
b100100000 )
b10010110011110 &
b10010110011110 3
b1110010011000000 %
b1110010011000000 *
b11111110110111 '
b11111110110111 <
b1100100 :
b1100100 8
b1100100 1
b1100100 /
b1100100 C
b1100100 A
b1100100 D
b1100100 2
b1100100 ;
b1111111111111111111111101100000101001100 5
b1111111111111110110000100011001000100101 ,
b1011110110101100101111111100 >
1$
#578
0$
#579
b1000101001000100110101000011 !
b1000101001000100110101000011 ?
b1111111111111111010001011111100100011010 #
b1111111111111111010001011111100100011010 -
b10011111010110100 "
b10011111010110100 6
b100100001 )
b1101101001100010 &
b1101101001100010 3
b1100011000010111 %
b1100011000010111 *
b11000101010000 '
b11000101010000 <
b1100100 :
b1100100 8
b1100100 1
b1100100 /
b1100100 C
b1100100 A
b1100100 D
b1100100 2
b1100100 ;
b10011111010110100 5
b1111111111111111010001011111100100011010 ,
b1000101001000100110101000011 >
1$
#580
0$
#581
b10011100001011010101010010 !
b10011100001011010101010010 ?
b111110010000001010001 #
b111110010000001010001 -
b100000001110101100 "
b100000001110101100 6
b100100010 )
b1100001100100010 &
b1100001100100010 3
b1100001000000011 %
b1100001000000011 *
b1000111011011 '
b1000111011011 <
b1100100 :
b1100100 8
b1100100 1
b1100100 /
b1100100 C
b1100100 A
b1100100 D
b1100100 2
b1100100 ;
b100000001110101100 5
b111110010000001010001 ,
b10011100001011010101010010 >
1$
#582
0$
#583
b1111111111111011011001010001000011001000 !
b1111111111111011011001010001000011001000 ?
b111010011111110000001101 #
b111010011111110000001101 -
b0 "
b0 6
b100100011 )
b0 &
b0 3
b1101101001100010 %
b1101101001100010 *
b1110110000111001 '
b1110110000111001 <
b1100100 :
b1100100 8
b1100100 1
b1100100 /
b1100100 C
b1100100 A
b1100100 D
b1100100 2
b1100100 ;
b0 5
b111010011111110000001101 ,
b1111111111111011011001010001000011001000 >
1$
#584
0$
#585
b1111111111110101111100010010010000101101 !
b1111111111110101111100010010010000101101 ?
b1010010010111000000110100 #
b1010010010111000000110100 -
b1111111111111111111111011111110001010100 "
b1111111111111111111111011111110001010100 6
b100100100 )
b11110011011110 &
b11110011011110 3
b10000000101 %
b10000000101 *
b1100110101101110 '
b1100110101101110 <
b1100100 :
b1100100 8
b1100100 1
b1100100 /
b1100100 C
b1100100 A
b1100100 D
b1100100 2
b1111111111111111111111011111110001010100 5
b1100100 ;
b1010010010111000000110100 ,
b1111111111110101111100010010010000101101 >
1$
#586
0$
#587
b1111111111110011111101111011001011100011 !
b1111111111110011111101111011001011100011 ?
b1000100011010110010000011 #
b1000100011010110010000011 -
b1111111111111111111111101100000101001100 "
b1111111111111111111111101100000101001100 6
b100100101 )
b10010110011110 &
b10010110011110 3
b10101111010000 %
b10101111010000 *
b1100000000100000 '
b1100000000100000 <
b1100100 :
b1100100 8
b1100100 1
b1100100 /
b1100100 C
b1100100 A
b1100100 D
b1100100 2
b1100100 ;
b1111111111111111111111101100000101001100 5
b1000100011010110010000011 ,
b1111111111110011111101111011001011100011 >
1$
#588
0$
#589
b1111111111110110001001111000100111100001 !
b1111111111110110001001111000100111100001 ?
b10111000100100010100110 #
b10111000100100010100110 -
b10011111010110100 "
b10011111010110100 6
b100100110 )
b1101101001100010 &
b1101101001100010 3
b11111101111111 %
b11111101111111 *
b1100100011101010 '
b1100100011101010 <
b1100100 :
b1100100 8
b1100100 1
b1100100 /
b1100100 C
b1100100 A
b1100100 D
b1100100 2
b1100100 ;
b10011111010110100 5
b10111000100100010100110 ,
b1111111111110110001001111000100111100001 >
1$
#590
0$
#591
b1111111111111011101111110000101110111111 !
b1111111111111011101111110000101110111111 ?
b1111111111111111011111001000010100111010 #
b1111111111111111011111001000010100111010 -
b100000001110101100 "
b100000001110101100 6
b100100111 )
b1100001100100010 &
b1100001100100010 3
b11011000001001 %
b11011000001001 *
b1110010011000000 '
b1110010011000000 <
b1100100 :
b1100100 8
b1100100 1
b1100100 /
b1100100 C
b1100100 A
b1100100 D
b1100100 2
b1100100 ;
b100000001110101100 5
b1111111111111111011111001000010100111010 ,
b1111111111111011101111110000101110111111 >
1$
#592
0$
#593
b10110011110010011001011010 !
b10110011110010011001011010 ?
b1111111111111110110110010001010111100110 #
b1111111111111110110110010001010111100110 -
b0 "
b0 6
b100101000 )
b0 &
b0 3
b1001111000111 %
b1001111000111 *
b101000000011 '
b101000000011 <
b1100100 :
b1100100 8
b1100100 1
b1100100 /
b1100100 C
b1100100 A
b1100100 D
b1100100 2
b1100100 ;
b0 5
b1111111111111110110110010001010111100110 ,
b10110011110010011001011010 >
1$
#594
0$
#595
b1000111001101000100110111110 !
b1000111001101000100110111110 ?
b1111111111111110101111001111111000100111 #
b1111111111111110101111001111111000100111 -
b1111111111111111111111011111110001010100 "
b1111111111111111111111011111110001010100 6
b100101001 )
b11110011011110 &
b11110011011110 3
b1110100001110001 %
b1110100001110001 *
b10101111010000 '
b10101111010000 <
b1100100 :
b1100100 8
b1100100 1
b1100100 /
b1100100 C
b1100100 A
b1100100 D
b1100100 2
b1111111111111111111111011111110001010100 5
b1100100 ;
b1111111111111110101111001111111000100111 ,
b1000111001101000100110111110 >
1$
#596
0$
#597
b1011111010011110101000000100 !
b1011111010011110101000000100 ?
b1111111111111111001101010010001101100010 #
b1111111111111111001101010010001101100010 -
b1111111111111111111111101100000101001100 "
b1111111111111111111111101100000101001100 6
b100101010 )
b10010110011110 &
b10010110011110 3
b1100011111101011 %
b1100011111101011 *
b11111001110101 '
b11111001110101 <
b1100100 :
b1100100 8
b1100100 1
b1100100 /
b1100100 C
b1100100 A
b1100100 D
b1100100 2
b1100100 ;
b1111111111111111111111101100000101001100 5
b1111111111111111001101010010001101100010 ,
b1011111010011110101000000100 >
1$
#598
0$
#599
b1010110011101000000110111000 !
b1010110011101000000110111000 ?
b10100110000110000010 #
b10100110000110000010 -
b10011111010110100 "
b10011111010110100 6
b100101011 )
b1101101001100010 &
b1101101001100010 3
b1100000100100010 %
b1100000100100010 *
b11101110000001 '
b11101110000001 <
b1100100 :
b1100100 8
b1100100 1
b1100100 /
b1100100 C
b1100100 A
b1100100 D
b1100100 2
b1100100 ;
b10011111010110100 5
b10100110000110000010 ,
b1010110011101000000110111000 >
1$
#600
0$
#601
b101111101100101010001100010 !
b101111101100101010001100010 ?
b110110101101100111001011 #
b110110101101100111001011 -
b100000001110101100 "
b100000001110101100 6
b100101100 )
b1100001100100010 &
b1100001100100010 3
b1101011100110100 %
b1101011100110100 *
b10001111111001 '
b10001111111001 <
b1100100 :
b1100100 8
b1100100 1
b1100100 /
b1100100 C
b1100100 A
b1100100 D
b1100100 2
b1100100 ;
b100000001110101100 5
b110110101101100111001011 ,
b101111101100101010001100010 >
1$
#602
0$
#603
b1111111111111111000011100100100011011111 !
b1111111111111111000011100100100011011111 ?
b1010001101101111000111111 #
b1010001101101111000111111 -
b0 "
b0 6
b100101101 )
b0 &
b0 3
b0 %
b0 *
b0 '
b0 <
b1100100 :
b1100100 8
b1100100 1
b1100100 /
b1100100 C
b1100100 A
b1100100 D
b1100100 2
b1100100 ;
b0 5
b1010001101101111000111111 ,
b1111111111111111000011100100100011011111 >
1$
#604
0$
#605
b1111111111111000011110011101010010101011 !
b1111111111111000011110011101010010101011 ?
b1000111001101101110101010 #
b1000111001101101110101010 -
b1111111111111111111111011111110001010100 "
b1111111111111111111111011111110001010100 6
b100101110 )
b11110011011110 &
b11110011011110 3
b10100011001100 %
b10100011001100 *
b1101110000000111 '
b1101110000000111 <
b1100100 :
b1100100 8
b1100100 1
b1100100 /
b1100100 C
b1100100 A
b1100100 D
b1100100 2
b1111111111111111111111011111110001010100 5
b1100100 ;
b1000111001101101110101010 ,
b1111111111111000011110011101010010101011 >
1$
#606
0$
#607
b1111111111110100011111111000010010000011 !
b1111111111110100011111111000010010000011 ?
b11100000001101010010001 #
b11100000001101010010001 -
b1111111111111111111111101100000101001100 "
b1111111111111111111111101100000101001100 6
b100101111 )
b10010110011110 &
b10010110011110 3
b11111011011110 %
b11111011011110 *
b1100010001111111 '
b1100010001111111 <
b1100100 :
b1100100 8
b1100100 1
b1100100 /
b1100100 C
b1100100 A
b1100100 D
b1100100 2
b1100100 ;
b1111111111111111111111101100000101001100 5
b11100000001101010010001 ,
b1111111111110100011111111000010010000011 >
1$
#608
0$
#609
b1111111111111111100011111110010101101111 #
b1111111111111111100011111110010101101111 -
b10011111010110100 "
b10011111010110100 6
b100110000 )
b1101101001100010 &
b1101101001100010 3
b11100000010101 %
b11100000010101 *
b1100000110001011 '
b1100000110001011 <
b1100100 :
b1100100 8
b1100100 1
b1100100 /
b1100100 C
b1100100 A
b1100100 D
b1100100 2
b1100100 ;
b10011111010110100 5
b1111111111111111100011111110010101101111 ,
b1111111111110100011111111000010010000011 >
1$
#610
0$
#611
b1111111111111000011110011101010010101011 !
b1111111111111000011110011101010010101011 ?
b1111111111111110111000110010010001010110 #
b1111111111111110111000110010010001010110 -
b100000001110101100 "
b100000001110101100 6
b100110001 )
b1100001100100010 &
b1100001100100010 3
b1011110001111 %
b1011110001111 *
b1101010000110000 '
b1101010000110000 <
b1100100 :
b1100100 8
b1100100 1
b1100100 /
b1100100 C
b1100100 A
b1100100 D
b1100100 2
b1100100 ;
b100000001110101100 5
b1111111111111110111000110010010001010110 ,
b1111111111111000011110011101010010101011 >
1$
#612
0$
#613
b1111111111111111000011100100100011011111 !
b1111111111111111000011100100100011011111 ?
b1111111111111110101110010010000111000001 #
b1111111111111110101110010010000111000001 -
b0 "
b0 6
b100110010 )
b0 &
b0 3
b1110110000111001 %
b1110110000111001 *
b1111010111111101 '
b1111010111111101 <
b1100100 :
b1100100 8
b1100100 1
b1100100 /
b1100100 C
b1100100 A
b1100100 D
b1100100 2
b1100100 ;
b0 5
b1111111111111110101110010010000111000001 ,
b1111111111111111000011100100100011011111 >
1$
#614
0$
#615
b101111101100101010001100010 !
b101111101100101010001100010 ?
b1111111111111111001001010010011000110101 #
b1111111111111111001001010010011000110101 -
b1111111111111111111111011111110001010100 "
b1111111111111111111111011111110001010100 6
b100110011 )
b11110011011110 &
b11110011011110 3
b1100100111110111 %
b1100100111110111 *
b1101101000000 '
b1101101000000 <
b1100100 :
b1100100 8
b1100100 1
b1100100 /
b1100100 C
b1100100 A
b1100100 D
b1100100 2
b1111111111111111111111011111110001010100 5
b1100100 ;
b1111111111111111001001010010011000110101 ,
b101111101100101010001100010 >
1$
#616
0$
#617
b1010110011101000000110111000 !
b1010110011101000000110111000 ?
b1111111111111111111101011001111001111110 #
b1111111111111111111101011001111001111110 -
b1111111111111111111111101100000101001100 "
b1111111111111111111111101100000101001100 6
b100110100 )
b10010110011110 &
b10010110011110 3
b1100000010000001 %
b1100000010000001 *
b11011100010110 '
b11011100010110 <
b1100100 :
b1100100 8
b1100100 1
b1100100 /
b1100100 C
b1100100 A
b1100100 D
b1100100 2
b1100100 ;
b1111111111111111111111101100000101001100 5
b1111111111111111111101011001111001111110 ,
b1010110011101000000110111000 >
1$
#618
0$
#619
b1011111010011110101000000100 !
b1011111010011110101000000100 ?
b110010101101110010011110 #
b110010101101110010011110 -
b10011111010110100 "
b10011111010110100 6
b100110101 )
b1101101001100010 &
b1101101001100010 3
b1101010000110000 %
b1101010000110000 *
b11111111100000 '
b11111111100000 <
b1100100 :
b1100100 8
b1100100 1
b1100100 /
b1100100 C
b1100100 A
b1100100 D
b1100100 2
b1100100 ;
b10011111010110100 5
b110010101101110010011110 ,
b1011111010011110101000000100 >
1$
#620
0$
#621
b1000111001101000100110111110 !
b1000111001101000100110111110 ?
b1010000110000000111011001 #
b1010000110000000111011001 -
b100000001110101100 "
b100000001110101100 6
b100110110 )
b1100001100100010 &
b1100001100100010 3
b1111101111111011 %
b1111101111111011 *
b11001010010010 '
b11001010010010 <
b1100100 :
b1100100 8
b1100100 1
b1100100 /
b1100100 C
b1100100 A
b1100100 D
b1100100 2
b1100100 ;
b100000001110101100 5
b1010000110000000111011001 ,
b1000111001101000100110111110 >
1$
#622
0$
#623
b10110011110010011001011010 !
b10110011110010011001011010 ?
b1001001101110101000011010 #
b1001001101110101000011010 -
b0 "
b0 6
b100110111 )
b0 &
b0 3
b10010110011110 %
b10010110011110 *
b1001111000111 '
b1001111000111 <
b1100100 :
b1100100 8
b1100100 1
b1100100 /
b1100100 C
b1100100 A
b1100100 D
b1100100 2
b1100100 ;
b0 5
b1001001101110101000011010 ,
b10110011110010011001011010 >
1$
#624
0$
#625
b1111111111111011101111110000101110111111 !
b1111111111111011101111110000101110111111 ?
b100000110111101011000110 #
b100000110111101011000110 -
b1111111111111111111111011111110001010100 "
b1111111111111111111111011111110001010100 6
b100111000 )
b11110011011110 &
b11110011011110 3
b11110111111101 %
b11110111111101 *
b1110111000100101 '
b1110111000100101 <
b1100100 :
b1100100 8
b1100100 1
b1100100 /
b1100100 C
b1100100 A
b1100100 D
b1100100 2
b1111111111111111111111011111110001010100 5
b1100100 ;
b100000110111101011000110 ,
b1111111111111011101111110000101110111111 >
1$
#626
0$
#627
b1111111111110110001001111000100111100001 !
b1111111111110110001001111000100111100001 ?
b1111111111111111101000111011011101011010 #
b1111111111111111101000111011011101011010 -
b1111111111111111111111101100000101001100 "
b1111111111111111111111101100000101001100 6
b100111001 )
b10010110011110 &
b10010110011110 3
b11100111101001 %
b11100111101001 *
b1100111010110000 '
b1100111010110000 <
b1100100 :
b1100100 8
b1100100 1
b1100100 /
b1100100 C
b1100100 A
b1100100 D
b1100100 2
b1100100 ;
b1111111111111111111111101100000101001100 5
b1111111111111111101000111011011101011010 ,
b1111111111110110001001111000100111100001 >
1$
#628
0$
#629
b1111111111110011111101111011001011100011 !
b1111111111110011111101111011001011100011 ?
b1111111111111110111011100101001101111101 #
b1111111111111110111011100101001101111101 -
b10011111010110100 "
b10011111010110100 6
b100111010 )
b1101101001100010 &
b1101101001100010 3
b1101101000000 %
b1101101000000 *
b1100000001001001 '
b1100000001001001 <
b1100100 :
b1100100 8
b1100100 1
b1100100 /
b1100100 C
b1100100 A
b1100100 D
b1100100 2
b1100100 ;
b10011111010110100 5
b1111111111111110111011100101001101111101 ,
b1111111111110011111101111011001011100011 >
1$
#630
0$
#631
b1111111111110101111100010010010000101101 !
b1111111111110101111100010010010000101101 ?
b1111111111111110101101101000111111001100 #
b1111111111111110101101101000111111001100 -
b100000001110101100 "
b100000001110101100 6
b100111011 )
b1100001100100010 &
b1100001100100010 3
b1111000000010101 %
b1111000000010101 *
b1100011111101011 '
b1100011111101011 <
b1100100 :
b1100100 8
b1100100 1
b1100100 /
b1100100 C
b1100100 A
b1100100 D
b1100100 2
b1100100 ;
b100000001110101100 5
b1111111111111110101101101000111111001100 ,
b1111111111110101111100010010010000101101 >
1$
#632
0$
#633
b1111111111111011011001010001000011001000 !
b1111111111111011011001010001000011001000 ?
b1111111111111111000101100000001111110011 #
b1111111111111111000101100000001111110011 -
b0 "
b0 6
b100111100 )
b0 &
b0 3
b1100110000111001 %
b1100110000111001 *
b1110001011110010 '
b1110001011110010 <
b1100100 :
b1100100 8
b1100100 1
b1100100 /
b1100100 C
b1100100 A
b1100100 D
b1100100 2
b1100100 ;
b0 5
b1111111111111111000101100000001111110011 ,
b1111111111111011011001010001000011001000 >
1$
#634
0$
#635
b10011100001011010101010010 !
b10011100001011010101010010 ?
b1111111111111111111000001101111110101111 #
b1111111111111111111000001101111110101111 -
b1111111111111111111111011111110001010100 "
b1111111111111111111111011111110001010100 6
b100111101 )
b11110011011110 &
b11110011011110 3
b1100000000100000 %
b1100000000100000 *
b100000000101 '
b100000000101 <
b1100100 :
b1100100 8
b1100100 1
b1100100 /
b1100100 C
b1100100 A
b1100100 D
b1100100 2
b1111111111111111111111011111110001010100 5
b1100100 ;
b1111111111111111111000001101111110101111 ,
b10011100001011010101010010 >
1$
#636
0$
#637
b1000101001000100110101000011 !
b1000101001000100110101000011 ?
b101110100000011011100110 #
b101110100000011011100110 -
b1111111111111111111111101100000101001100 "
b1111111111111111111111101100000101001100 6
b100111110 )
b10010110011110 &
b10010110011110 3
b1101000101011001 %
b1101000101011001 *
b10101001010011 '
b10101001010011 <
b1100100 :
b1100100 8
b1100100 1
b1100100 /
b1100100 C
b1100100 A
b1100100 D
b1100100 2
b1100100 ;
b1111111111111111111111101100000101001100 5
b101110100000011011100110 ,
b1000101001000100110101000011 >
1$
#638
0$
#639
b1011110110101100101111111100 !
b1011110110101100101111111100 ?
b1001111011100110111011011 #
b1001111011100110111011011 -
b10011111010110100 "
b10011111010110100 6
b100111111 )
b1101101001100010 &
b1101101001100010 3
b1111011111111011 %
b1111011111111011 *
b11110111111101 '
b11110111111101 <
b1100100 :
b1100100 8
b1100100 1
b1100100 /
b1100100 C
b1100100 A
b1100100 D
b1100100 2
b1100100 ;
b10011111010110100 5
b1001111011100110111011011 ,
b1011110110101100101111111100 >
1$
#640
0$
#641
b1010111101111011111010100010 !
b1010111101111011111010100010 ?
b1001011111011100001011100 #
b1001011111011100001011100 -
b100000001110101100 "
b100000001110101100 6
b101000000 )
b1100001100100010 &
b1100001100100010 3
b10001001001011 %
b10001001001011 *
b11110000110111 '
b11110000110111 <
b1100100 :
b1100100 8
b1100100 1
b1100100 /
b1100100 C
b1100100 A
b1100100 D
b1100100 2
b1100100 ;
b100000001110101100 5
b1001011111011100001011100 ,
b1010111101111011111010100010 >
1$
#642
0$
#643
b110010010011010101110011110 !
b110010010011010101110011110 ?
b100101100011110010101010 #
b100101100011110010101010 -
b0 "
b0 6
b101000001 )
b0 &
b0 3
b11110011011110 %
b11110011011110 *
b10010110011110 '
b10010110011110 <
b1100100 :
b1100100 8
b1100100 1
b1100100 /
b1100100 C
b1100100 A
b1100100 D
b1100100 2
b1100100 ;
b0 5
b100101100011110010101010 ,
b110010010011010101110011110 >
1$
#644
0$
#645
b1111111111111111011011101110101001100000 !
b1111111111111111011011101110101001100000 ?
b1111111111111111101101111100110001000001 #
b1111111111111111101101111100110001000001 -
b1111111111111111111111011111110001010100 "
b1111111111111111111111011111110001010100 6
b101000010 )
b11110011011110 &
b11110011011110 3
b11101110000001 %
b11101110000001 *
b1000000011 '
b1000000011 <
b1100100 :
b1100100 8
b1100100 1
b1100100 /
b1100100 C
b1100100 A
b1100100 D
b1100100 2
b1111111111111111111111011111110001010100 5
b1100100 ;
b1111111111111111101101111100110001000001 ,
b1111111111111111011011101110101001100000 >
1$
#646
0$
#647
b1111111111111000110001100101011110101100 !
b1111111111111000110001100101011110101100 ?
b1111111111111110111110100111111100000100 #
b1111111111111110111110100111111100000100 -
b1111111111111111111111101100000101001100 "
b1111111111111111111111101100000101001100 6
b101000011 )
b10010110011110 &
b10010110011110 3
b1111011010101 %
b1111011010101 *
b1101110110110101 '
b1101110110110101 <
b1100100 :
b1100100 8
b1100100 1
b1100100 /
b1100100 C
b1100100 A
b1100100 D
b1100100 2
b1100100 ;
b1111111111111111111111101100000101001100 5
b1111111111111110111110100111111100000100 ,
b1111111111111000110001100101011110101100 >
1$
#648
0$
#649
b1111111111110100100111010111010100110100 !
b1111111111110100100111010111010100110100 ?
b1111111111111110101101010011011101111101 #
b1111111111111110101101010011011101111101 -
b10011111010110100 "
b10011111010110100 6
b101000100 )
b1101101001100010 &
b1101101001100010 3
b1111010000000010 %
b1111010000000010 *
b1100010101000100 '
b1100010101000100 <
b1100100 :
b1100100 8
b1100100 1
b1100100 /
b1100100 C
b1100100 A
b1100100 D
b1100100 2
b1100100 ;
b10011111010110100 5
b1111111111111110101101010011011101111101 ,
b1111111111110100100111010111010100110100 >
1$
#650
0$
#651
b1111111111110100011001001000100111010111 !
b1111111111110100011001001000100111010111 ?
b1111111111111111000001111100001000011001 #
b1111111111111111000001111100001000011001 -
b100000001110101100 "
b100000001110101100 6
b101000101 )
b1100001100100010 &
b1100001100100010 3
b1100111010110000 %
b1100111010110000 *
b1100000100100010 '
b1100000100100010 <
b1100100 :
b1100100 8
b1100100 1
b1100100 /
b1100100 C
b1100100 A
b1100100 D
b1100100 2
b1100100 ;
b100000001110101100 5
b1111111111111111000001111100001000011001 ,
b1111111111110100011001001000100111010111 >
1$
#652
0$
#653
b1111111111111000001011110100010001100110 !
b1111111111111000001011110100010001100110 ?
b1111111111111111110011000011110011001110 #
b1111111111111111110011000011110011001110 -
b0 "
b0 6
b101000110 )
b0 &
b0 3
b1100000000000000 %
b1100000000000000 *
b1101001010111111 '
b1101001010111111 <
b1100100 :
b1100100 8
b1100100 1
b1100100 /
b1100100 C
b1100100 A
b1100100 D
b1100100 2
b1100100 ;
b0 5
b1111111111111111110011000011110011001110 ,
b1111111111111000001011110100010001100110 >
1$
#654
0$
#655
b1111111111111110101011011110110100100100 !
b1111111111111110101011011110110100100100 ?
b101010000111101000110011 #
b101010000111101000110011 -
b1111111111111111111111011111110001010100 "
b1111111111111111111111011111110001010100 6
b101000111 )
b11110011011110 &
b11110011011110 3
b1100111010110000 %
b1100111010110000 *
b1111010000000010 '
b1111010000000010 <
b1100100 :
b1100100 8
b1100100 1
b1100100 /
b1100100 C
b1100100 A
b1100100 D
b1100100 2
b1111111111111111111111011111110001010100 5
b1100100 ;
b101010000111101000110011 ,
b1111111111111110101011011110110100100100 >
1$
#656
0$
#657
b101101000011000000010001100 !
b101101000011000000010001100 ?
b1001101110110010100000000 #
b1001101110110010100000000 -
b1111111111111111111111101100000101001100 "
b1111111111111111111111101100000101001100 6
b101001000 )
b10010110011110 &
b10010110011110 3
b1111010000000010 %
b1111010000000010 *
b1100101101011 '
b1100101101011 <
b1100100 :
b1100100 8
b1100100 1
b1100100 /
b1100100 C
b1100100 A
b1100100 D
b1100100 2
b1100100 ;
b1111111111111111111111101100000101001100 5
b1001101110110010100000000 ,
b101101000011000000010001100 >
1$
#658
0$
#659
b1010101000101000110000011001 !
b1010101000101000110000011001 ?
b10011111010110100 "
b10011111010110100 6
b101001001 )
b1101101001100010 &
b1101101001100010 3
b1111011010101 %
b1111011010101 *
b11011000001001 '
b11011000001001 <
b1100100 :
b1100100 8
b1100100 1
b1100100 /
b1100100 C
b1100100 A
b1100100 D
b1100100 2
b1100100 ;
b10011111010110100 5
b1001101110110010100000000 ,
b1010101000101000110000011001 >
1$
#660
0$
#661
b1011111101100000011011000111 !
b1011111101100000011011000111 ?
b101010000111101000110011 #
b101010000111101000110011 -
b100000001110101100 "
b100000001110101100 6
b101001010 )
b1100001100100010 &
b1100001100100010 3
b11101110000001 %
b11101110000001 *
b11111111111000 '
b11111111111000 <
b1100100 :
b1100100 8
b1100100 1
b1100100 /
b1100100 C
b1100100 A
b1100100 D
b1100100 2
b1100100 ;
b100000001110101100 5
b101010000111101000110011 ,
b1011111101100000011011000111 >
1$
#662
0$
#663
b1001001001101000100100010100 !
b1001001001101000100100010100 ?
b1111111111111111110011000011110011001110 #
b1111111111111111110011000011110011001110 -
b0 "
b0 6
b101001011 )
b0 &
b0 3
b11110011011110 %
b11110011011110 *
b11001111000111 '
b11001111000111 <
b1100100 :
b1100100 8
b1100100 1
b1100100 /
b1100100 C
b1100100 A
b1100100 D
b1100100 2
b1100100 ;
b0 5
b1111111111111111110011000011110011001110 ,
b1001001001101000100100010100 >
1$
#664
0$
#665
b11001011001110011101001001 !
b11001011001110011101001001 ?
b1111111111111111000001111100001000011001 #
b1111111111111111000001111100001000011001 -
b1111111111111111111111011111110001010100 "
b1111111111111111111111011111110001010100 6
b101001100 )
b11110011011110 &
b11110011011110 3
b10001001001011 %
b10001001001011 *
b1010110101110 '
b1010110101110 <
b1100100 :
b1100100 8
b1100100 1
b1100100 /
b1100100 C
b1100100 A
b1100100 D
b1100100 2
b1111111111111111111111011111110001010100 5
b1100100 ;
b1111111111111111000001111100001000011001 ,
b11001011001110011101001001 >
1$
#666
0$
#667
b1111111111111100000110100010001101100001 !
b1111111111111100000110100010001101100001 ?
b1111111111111110101101010011011101111101 #
b1111111111111110101101010011011101111101 -
b1111111111111111111111101100000101001100 "
b1111111111111111111111101100000101001100 6
b101001101 )
b10010110011110 &
b10010110011110 3
b1111011111111011 %
b1111011111111011 *
b1111000000010101 '
b1111000000010101 <
b1100100 :
b1100100 8
b1100100 1
b1100100 /
b1100100 C
b1100100 A
b1100100 D
b1100100 2
b1100100 ;
b1111111111111111111111101100000101001100 5
b1111111111111110101101010011011101111101 ,
b1111111111111100000110100010001101100001 >
1$
#668
0$
#669
b1111111111110110011000000111100101011111 !
b1111111111110110011000000111100101011111 ?
b1111111111111110111110100111111100000100 #
b1111111111111110111110100111111100000100 -
b10011111010110100 "
b10011111010110100 6
b101001110 )
b1101101001100010 &
b1101101001100010 3
b1101000101011001 %
b1101000101011001 *
b1100111111111110 '
b1100111111111110 <
b1100100 :
b1100100 8
b1100100 1
b1100100 /
b1100100 C
b1100100 A
b1100100 D
b1100100 2
b1100100 ;
b10011111010110100 5
b1111111111111110111110100111111100000100 ,
b1111111111110110011000000111100101011111 >
1$
#670
0$
#671
b1111111111110011111110101100101110110110 !
b1111111111110011111110101100101110110110 ?
b1111111111111111101101111100110001000001 #
b1111111111111111101101111100110001000001 -
b100000001110101100 "
b100000001110101100 6
b101001111 )
b1100001100100010 &
b1100001100100010 3
b1100000000100000 %
b1100000000100000 *
b1100000010000001 '
b1100000010000001 <
b1100100 :
b1100100 8
b1100100 1
b1100100 /
b1100100 C
b1100100 A
b1100100 D
b1100100 2
b1100100 ;
b100000001110101100 5
b1111111111111111101101111100110001000001 ,
b1111111111110011111110101100101110110110 >
1$
#672
0$
#673
b1111111111110101101111010101011001010111 !
b1111111111110101101111010101011001010111 ?
b100101100011110010101010 #
b100101100011110010101010 -
b0 "
b0 6
b101010000 )
b0 &
b0 3
b1100110000111001 %
b1100110000111001 *
b1100011011111010 '
b1100011011111010 <
b1100100 :
b1100100 8
b1100100 1
b1100100 /
b1100100 C
b1100100 A
b1100100 D
b1100100 2
b1100100 ;
b0 5
b100101100011110010101010 ,
b1111111111110101101111010101011001010111 >
1$
#674
0$
#675
b1111111111111011000011000100100010010011 !
b1111111111111011000011000100100010010011 ?
b1001011111011100001011100 #
b1001011111011100001011100 -
b1111111111111111111111011111110001010100 "
b1111111111111111111111011111110001010100 6
b101010001 )
b11110011011110 &
b11110011011110 3
b1111000000010101 %
b1111000000010101 *
b1110000100101011 '
b1110000100101011 <
b1100100 :
b1100100 8
b1100100 1
b1100100 /
b1100100 C
b1100100 A
b1100100 D
b1100100 2
b1111111111111111111111011111110001010100 5
b1100100 ;
b1001011111011100001011100 ,
b1111111111111011000011000100100010010011 >
1$
#676
0$
#677
b10000100011010100000101100 !
b10000100011010100000101100 ?
b1001111011100110111011011 #
b1001111011100110111011011 -
b1111111111111111111111101100000101001100 "
b1111111111111111111111101100000101001100 6
b101010010 )
b10010110011110 &
b10010110011110 3
b1101101000000 %
b1101101000000 *
b11000000110 '
b11000000110 <
b1100100 :
b1100100 8
b1100100 1
b1100100 /
b1100100 C
b1100100 A
b1100100 D
b1100100 2
b1100100 ;
b1111111111111111111111101100000101001100 5
b1001111011100110111011011 ,
b10000100011010100000101100 >
1$
#678
0$
#679
b1000010111111101101010111101 !
b1000010111111101101010111101 ?
b101110100000011011100110 #
b101110100000011011100110 -
b10011111010110100 "
b10011111010110100 6
b101010011 )
b1101101001100010 &
b1101101001100010 3
b11100111101001 %
b11100111101001 *
b10100011001100 '
b10100011001100 <
b1100100 :
b1100100 8
b1100100 1
b1100100 /
b1100100 C
b1100100 A
b1100100 D
b1100100 2
b1100100 ;
b10011111010110100 5
b101110100000011011100110 ,
b1000010111111101101010111101 >
1$
#680
0$
#681
b1011110010001001111100111010 !
b1011110010001001111100111010 ?
b1111111111111111111000001101111110101111 #
b1111111111111111111000001101111110101111 -
b100000001110101100 "
b100000001110101100 6
b101010100 )
b1100001100100010 &
b1100001100100010 3
b11110111111101 %
b11110111111101 *
b11110101110101 '
b11110101110101 <
b1100100 :
b1100100 8
b1100100 1
b1100100 /
b1100100 C
b1100100 A
b1100100 D
b1100100 2
b1100100 ;
b100000001110101100 5
b1111111111111111111000001101111110101111 ,
b1011110010001001111100111010 >
1$
#682
0$
#683
b1011000111100001111011101011 !
b1011000111100001111011101011 ?
b1111111111111111000101100000001111110011 #
b1111111111111111000101100000001111110011 -
b0 "
b0 6
b101010101 )
b0 &
b0 3
b10010110011110 %
b10010110011110 *
b11110011011110 '
b11110011011110 <
b1100100 :
b1100100 8
b1100100 1
b1100100 /
b1100100 C
b1100100 A
b1100100 D
b1100100 2
b1100100 ;
b0 5
b1111111111111111000101100000001111110011 ,
b1011000111100001111011101011 >
1$
#684
0$
#685
b110100110110101000010101011 !
b110100110110101000010101011 ?
b1111111111111110101101101000111111001100 #
b1111111111111110101101101000111111001100 -
b1111111111111111111111011111110001010100 "
b1111111111111111111111011111110001010100 6
b101010110 )
b11110011011110 &
b11110011011110 3
b1111101111111011 %
b1111101111111011 *
b10011100111010 '
b10011100111010 <
b1100100 :
b1100100 8
b1100100 1
b1100100 /
b1100100 C
b1100100 A
b1100100 D
b1100100 2
b1111111111111111111111011111110001010100 5
b1100100 ;
b1111111111111110101101101000111111001100 ,
b110100110110101000010101011 >
1$
#686
0$
#687
b1111111111111111110011111001010010010111 !
b1111111111111111110011111001010010010111 ?
b1111111111111110111011100101001101111101 #
b1111111111111110111011100101001101111101 -
b1111111111111111111111101100000101001100 "
b1111111111111111111111101100000101001100 6
b101010111 )
b10010110011110 &
b10010110011110 3
b1101010000110000 %
b1101010000110000 *
b10000000101 '
b10000000101 <
b1100100 :
b1100100 8
b1100100 1
b1100100 /
b1100100 C
b1100100 A
b1100100 D
b1100100 2
b1100100 ;
b1111111111111111111111101100000101001100 5
b1111111111111110111011100101001101111101 ,
b1111111111111111110011111001010010010111 >
1$
#688
0$
#689
b1111111111111001000101001001010101110010 !
b1111111111111001000101001001010101110010 ?
b1111111111111111101000111011011101011010 #
b1111111111111111101000111011011101011010 -
b10011111010110100 "
b10011111010110100 6
b101011000 )
b1101101001100010 &
b1101101001100010 3
b1100000010000001 %
b1100000010000001 *
b1101111101101100 '
b1101111101101100 <
b1100100 :
b1100100 8
b1100100 1
b1100100 /
b1100100 C
b1100100 A
b1100100 D
b1100100 2
b1100100 ;
b10011111010110100 5
b1111111111111111101000111011011101011010 ,
b1111111111111001000101001001010101110010 >
1$
#690
0$
#691
b1111111111110100101111100011010001000100 !
b1111111111110100101111100011010001000100 ?
b100000110111101011000110 #
b100000110111101011000110 -
b100000001110101100 "
b100000001110101100 6
b101011001 )
b1100001100100010 &
b1100001100100010 3
b1100100111110111 %
b1100100111110111 *
b1100011000010111 '
b1100011000010111 <
b1100100 :
b1100100 8
b1100100 1
b1100100 /
b1100100 C
b1100100 A
b1100100 D
b1100100 2
b1100100 ;
b100000001110101100 5
b100000110111101011000110 ,
b1111111111110100101111100011010001000100 >
1$
#692
0$
#693
b1111111111110100010011000111010001001111 !
b1111111111110100010011000111010001001111 ?
b1001001101110101000011010 #
b1001001101110101000011010 -
b0 "
b0 6
b101011010 )
b0 &
b0 3
b1110110000111001 %
b1110110000111001 *
b1100000011001010 '
b1100000011001010 <
b1100100 :
b1100100 8
b1100100 1
b1100100 /
b1100100 C
b1100100 A
b1100100 D
b1100100 2
b1100100 ;
b0 5
b1001001101110101000011010 ,
b1111111111110100010011000111010001001111 >
1$
#694
0$
#695
b1111111111110111111001101010110010011000 !
b1111111111110111111001101010110010011000 ?
b1010000110000000111011001 #
b1010000110000000111011001 -
b1111111111111111111111011111110001010100 "
b1111111111111111111111011111110001010100 6
b101011011 )
b11110011011110 &
b11110011011110 3
b1011110001111 %
b1011110001111 *
b1101000101011001 '
b1101000101011001 <
b1100100 :
b1100100 8
b1100100 1
b1100100 /
b1100100 C
b1100100 A
b1100100 D
b1100100 2
b1111111111111111111111011111110001010100 5
b1100100 ;
b1010000110000000111011001 ,
b1111111111110111111001101010110010011000 >
1$
#696
0$
#697
b1111111111111110010011011110110011101000 !
b1111111111111110010011011110110011101000 ?
b110010101101110010011110 #
b110010101101110010011110 -
b1111111111111111111111101100000101001100 "
b1111111111111111111111101100000101001100 6
b101011100 )
b10010110011110 &
b10010110011110 3
b11100000010101 %
b11100000010101 *
b1111001000001010 '
b1111001000001010 <
b1100100 :
b1100100 8
b1100100 1
b1100100 /
b1100100 C
b1100100 A
b1100100 D
b1100100 2
b1100100 ;
b1111111111111111111111101100000101001100 5
b110010101101110010011110 ,
b1111111111111110010011011110110011101000 >
1$
#698
0$
#699
b101010010110100101011100000 !
b101010010110100101011100000 ?
b1111111111111111111101011001111001111110 #
b1111111111111111111101011001111001111110 -
b10011111010110100 "
b10011111010110100 6
b101011101 )
b1101101001100010 &
b1101101001100010 3
b11111011011110 %
b11111011011110 *
b1011110001111 '
b1011110001111 <
b1100100 :
b1100100 8
b1100100 1
b1100100 /
b1100100 C
b1100100 A
b1100100 D
b1100100 2
b1100100 ;
b10011111010110100 5
b1111111111111111111101011001111001111110 ,
b101010010110100101011100000 >
1$
#700
0$
#701
b1010011100111111000110100111 !
b1010011100111111000110100111 ?
b1111111111111111001001010010011000110101 #
b1111111111111111001001010010011000110101 -
b100000001110101100 "
b100000001110101100 6
b101011110 )
b1100001100100010 &
b1100001100100010 3
b10100011001100 %
b10100011001100 *
b11010011101111 '
b11010011101111 <
b1100100 :
b1100100 8
b1100100 1
b1100100 /
b1100100 C
b1100100 A
b1100100 D
b1100100 2
b1100100 ;
b100000001110101100 5
b1111111111111111001001010010011000110101 ,
b1010011100111111000110100111 >
1$
#702
0$
#703
b1011111111110010010111111010 !
b1011111111110010010111111010 ?
b1111111111111110101110010010000111000001 #
b1111111111111110101110010010000111000001 -
b0 "
b0 6
b101011111 )
b0 &
b0 3
b0 %
b0 *
b100000000000000 '
b100000000000000 <
b1100100 :
b1100100 8
b1100100 1
b1100100 /
b1100100 C
b1100100 A
b1100100 D
b1100100 2
b1100100 ;
b0 5
b1111111111111110101110010010000111000001 ,
b1011111111110010010111111010 >
1$
#704
0$
#705
b1001011001000011101010110111 !
b1001011001000011101010110111 ?
b1111111111111110111000110010010001010110 #
b1111111111111110111000110010010001010110 -
b1111111111111111111111011111110001010100 "
b1111111111111111111111011111110001010100 6
b101100000 )
b11110011011110 &
b11110011011110 3
b1101011100110100 %
b1101011100110100 *
b11010011101111 '
b11010011101111 <
b1100100 :
b1100100 8
b1100100 1
b1100100 /
b1100100 C
b1100100 A
b1100100 D
b1100100 2
b1111111111111111111111011111110001010100 5
b1100100 ;
b1111111111111110111000110010010001010110 ,
b1001011001000011101010110111 >
1$
#706
0$
#707
b11100010011101010110000011 !
b11100010011101010110000011 ?
b1111111111111111100011111110010101101111 #
b1111111111111111100011111110010101101111 -
b1111111111111111111111101100000101001100 "
b1111111111111111111111101100000101001100 6
b101100001 )
b10010110011110 &
b10010110011110 3
b1100000100100010 %
b1100000100100010 *
b1011110001111 '
b1011110001111 <
b1100100 :
b1100100 8
b1100100 1
b1100100 /
b1100100 C
b1100100 A
b1100100 D
b1100100 2
b1100100 ;
b1111111111111111111111101100000101001100 5
b1111111111111111100011111110010101101111 ,
b11100010011101010110000011 >
1$
#708
0$
#709
b1111111111111100011101100010101001111101 !
b1111111111111100011101100010101001111101 ?
b11100000001101010010001 #
b11100000001101010010001 -
b10011111010110100 "
b10011111010110100 6
b101100010 )
b1101101001100010 &
b1101101001100010 3
b1100011111101011 %
b1100011111101011 *
b1111001000001010 '
b1111001000001010 <
b1100100 :
b1100100 8
b1100100 1
b1100100 /
b1100100 C
b1100100 A
b1100100 D
b1100100 2
b1100100 ;
b10011111010110100 5
b11100000001101010010001 ,
b1111111111111100011101100010101001111101 >
1$
#710
0$
#711
b1111111111110110100110111100010101001001 !
b1111111111110110100110111100010101001001 ?
b1000111001101101110101010 #
b1000111001101101110101010 -
b100000001110101100 "
b100000001110101100 6
b101100011 )
b1100001100100010 &
b1100001100100010 3
b1110100001110001 %
b1110100001110001 *
b1101000101011001 '
b1101000101011001 <
b1100100 :
b1100100 8
b1100100 1
b1100100 /
b1100100 C
b1100100 A
b1100100 D
b1100100 2
b1100100 ;
b100000001110101100 5
b1000111001101101110101010 ,
b1111111111110110100110111100010101001001 >
1$
#712
0$
#713
b1111111111110100000000001101101000000110 !
b1111111111110100000000001101101000000110 ?
b1010001101101111000111111 #
b1010001101101111000111111 -
b0 "
b0 6
b101100100 )
b0 &
b0 3
b1001111000111 %
b1001111000111 *
b1100000011001010 '
b1100000011001010 <
b1100100 :
b1100100 8
b1100100 1
b1100100 /
b1100100 C
b1100100 A
b1100100 D
b1100100 2
b1100100 ;
b0 5
b1010001101101111000111111 ,
b1111111111110100000000001101101000000110 >
1$
#714
0$
#715
b1111111111110101100011000000111001011001 !
b1111111111110101100011000000111001011001 ?
b110110101101100111001011 #
b110110101101100111001011 -
b1111111111111111111111011111110001010100 "
b1111111111111111111111011111110001010100 6
b101100101 )
b11110011011110 &
b11110011011110 3
b11011000001001 %
b11011000001001 *
b1100011000010111 '
b1100011000010111 <
b1100100 :
b1100100 8
b1100100 1
b1100100 /
b1100100 C
b1100100 A
b1100100 D
b1100100 2
b1111111111111111111111011111110001010100 5
b1100100 ;
b110110101101100111001011 ,
b1111111111110101100011000000111001011001 >
1$
#716
0$
#717
b1111111111111010101101001011010100100000 !
b1111111111111010101101001011010100100000 ?
b10100110000110000010 #
b10100110000110000010 -
b1111111111111111111111101100000101001100 "
b1111111111111111111111101100000101001100 6
b101100110 )
b10010110011110 &
b10010110011110 3
b11111101111111 %
b11111101111111 *
b1101111101101100 '
b1101111101101100 <
b1100100 :
b1100100 8
b1100100 1
b1100100 /
b1100100 C
b1100100 A
b1100100 D
b1100100 2
b1100100 ;
b1111111111111111111111101100000101001100 5
b10100110000110000010 ,
b1111111111111010101101001011010100100000 >
1$
#718
0$
#719
b1101100100001001100011000 !
b1101100100001001100011000 ?
b1111111111111111001101010010001101100010 #
b1111111111111111001101010010001101100010 -
b10011111010110100 "
b10011111010110100 6
b101100111 )
b1101101001100010 &
b1101101001100010 3
b10101111010000 %
b10101111010000 *
b10000000101 '
b10000000101 <
b1100100 :
b1100100 8
b1100100 1
b1100100 /
b1100100 C
b1100100 A
b1100100 D
b1100100 2
b1100100 ;
b10011111010110100 5
b1111111111111111001101010010001101100010 ,
b1101100100001001100011000 >
1$
#720
0$
#721
b1000000110010101001101101000 !
b1000000110010101001101101000 ?
b1111111111111110101111001111111000100111 #
b1111111111111110101111001111111000100111 -
b100000001110101100 "
b100000001110101100 6
b101101000 )
b1100001100100010 &
b1100001100100010 3
b10000000101 %
b10000000101 *
b10011100111010 '
b10011100111010 <
b1100100 :
b1100100 8
b1100100 1
b1100100 /
b1100100 C
b1100100 A
b1100100 D
b1100100 2
b1100100 ;
b100000001110101100 5
b1111111111111110101111001111111000100111 ,
b1000000110010101001101101000 >
1$
#722
0$
#723
b1011101100111000101110110001 !
b1011101100111000101110110001 ?
b1111111111111110110110010001010111100110 #
b1111111111111110110110010001010111100110 -
b0 "
b0 6
b101101001 )
b0 &
b0 3
b1101101001100010 %
b1101101001100010 *
b11110011011110 '
b11110011011110 <
b1100100 :
b1100100 8
b1100100 1
b1100100 /
b1100100 C
b1100100 A
b1100100 D
b1100100 2
b1100100 ;
b0 5
b1111111111111110110110010001010111100110 ,
b1011101100111000101110110001 >
1$
#724
0$
#725
b1011010000011100101110111100 !
b1011010000011100101110111100 ?
b1111111111111111011111001000010100111010 #
b1111111111111111011111001000010100111010 -
b1111111111111111111111011111110001010100 "
b1111111111111111111111011111110001010100 6
b101101010 )
b11110011011110 &
b11110011011110 3
b1100001000000011 %
b1100001000000011 *
b11110101110101 '
b11110101110101 <
b1100100 :
b1100100 8
b1100100 1
b1100100 /
b1100100 C
b1100100 A
b1100100 D
b1100100 2
b1111111111111111111111011111110001010100 5
b1100100 ;
b1111111111111111011111001000010100111010 ,
b1011010000011100101110111100 >
1$
#726
0$
#727
b110111010110110101010001110 !
b110111010110110101010001110 ?
b10111000100100010100110 #
b10111000100100010100110 -
b1111111111111111111111101100000101001100 "
b1111111111111111111111101100000101001100 6
b101101011 )
b10010110011110 &
b10010110011110 3
b1100011000010111 %
b1100011000010111 *
b10100011001100 '
b10100011001100 <
b1100100 :
b1100100 8
b1100100 1
b1100100 /
b1100100 C
b1100100 A
b1100100 D
b1100100 2
b1100100 ;
b1111111111111111111111101100000101001100 5
b10111000100100010100110 ,
b110111010110110101010001110 >
1$
#728
0$
#729
b1100000110101101101001 !
b1100000110101101101001 ?
b1000100011010110010000011 #
b1000100011010110010000011 -
b10011111010110100 "
b10011111010110100 6
b101101100 )
b1101101001100010 &
b1101101001100010 3
b1110010011000000 %
b1110010011000000 *
b11000000110 '
b11000000110 <
b1100100 :
b1100100 8
b1100100 1
b1100100 /
b1100100 C
b1100100 A
b1100100 D
b1100100 2
b1100100 ;
b10011111010110100 5
b1000100011010110010000011 ,
b1100000110101101101001 >
1$
#730
0$
#731
b1111111111111001011001001010111101010101 !
b1111111111111001011001001010111101010101 ?
b1010010010111000000110100 #
b1010010010111000000110100 -
b100000001110101100 "
b100000001110101100 6
b101101101 )
b1100001100100010 &
b1100001100100010 3
b111111101011 %
b111111101011 *
b1110000100101011 '
b1110000100101011 <
b1100100 :
b1100100 8
b1100100 1
b1100100 /
b1100100 C
b1100100 A
b1100100 D
b1100100 2
b1100100 ;
b100000001110101100 5
b1010010010111000000110100 ,
b1111111111111001011001001010111101010101 >
1$
#732
0$
#733
b1111111111110100111000011110000100010101 !
b1111111111110100111000011110000100010101 ?
b111010011111110000001101 #
b111010011111110000001101 -
b0 "
b0 6
b101101110 )
b0 &
b0 3
b11001111000111 %
b11001111000111 *
b1100011011111010 '
b1100011011111010 <
b1100100 :
b1100100 8
b1100100 1
b1100100 /
b1100100 C
b1100100 A
b1100100 D
b1100100 2
b1100100 ;
b0 5
b111010011111110000001101 ,
b1111111111110100111000011110000100010101 >
1$
#734
0$
#735
b1111111111110100001101110110000011000110 !
b1111111111110100001101110110000011000110 ?
b111110010000001010001 #
b111110010000001010001 -
b1111111111111111111111011111110001010100 "
b1111111111111111111111011111110001010100 6
b101101111 )
b11110011011110 &
b11110011011110 3
b11111111100000 %
b11111111100000 *
b1100000010000001 '
b1100000010000001 <
b1100100 :
b1100100 8
b1100100 1
b1100100 /
b1100100 C
b1100100 A
b1100100 D
b1100100 2
b1111111111111111111111011111110001010100 5
b1100100 ;
b111110010000001010001 ,
b1111111111110100001101110110000011000110 >
1$
#736
0$
#737
b1111111111110111101000000010010101000011 !
b1111111111110111101000000010010101000011 ?
b1111111111111111010001011111100100011010 #
b1111111111111111010001011111100100011010 -
b1111111111111111111111101100000101001100 "
b1111111111111111111111101100000101001100 6
b101110000 )
b10010110011110 &
b10010110011110 3
b10111010100111 %
b10111010100111 *
b1100111111111110 '
b1100111111111110 <
b1100100 :
b1100100 8
b1100100 1
b1100100 /
b1100100 C
b1100100 A
b1100100 D
b1100100 2
b1100100 ;
b1111111111111111111111101100000101001100 5
b1111111111111111010001011111100100011010 ,
b1111111111110111101000000010010101000011 >
1$
#738
0$
#739
b1111111111111101111011100101011111010100 !
b1111111111111101111011100101011111010100 ?
b1111111111111110110000100011001000100101 #
b1111111111111110110000100011001000100101 -
b10011111010110100 "
b10011111010110100 6
b101110001 )
b1101101001100010 &
b1101101001100010 3
b100000000101 %
b100000000101 *
b1111000000010101 '
b1111000000010101 <
b1100100 :
b1100100 8
b1100100 1
b1100100 /
b1100100 C
b1100100 A
b1100100 D
b1100100 2
b1100100 ;
b10011111010110100 5
b1111111111111110110000100011001000100101 ,
b1111111111111101111011100101011111010100 >
1$
#740
0$
#741
b100111100111011011101101101 !
b100111100111011011101101101 ?
b1111111111111110110100000100011110100100 #
b1111111111111110110100000100011110100100 -
b100000001110101100 "
b100000001110101100 6
b101110010 )
b1100001100100010 &
b1100001100100010 3
b1101110110110101 %
b1101110110110101 *
b1010110101110 '
b1010110101110 <
b1100100 :
b1100100 8
b1100100 1
b1100100 /
b1100100 C
b1100100 A
b1100100 D
b1100100 2
b1100100 ;
b100000001110101100 5
b1111111111111110110100000100011110100100 ,
b100111100111011011101101101 >
1$
#742
0$
#743
b1010010000101010100110101001 !
b1010010000101010100110101001 ?
b1111111111111111011010011100001101010110 #
b1111111111111111011010011100001101010110 -
b0 "
b0 6
b101110011 )
b0 &
b0 3
b1100001100100010 %
b1100001100100010 *
b11001111000111 '
b11001111000111 <
b1100100 :
b1100100 8
b1100100 1
b1100100 /
b1100100 C
b1100100 A
b1100100 D
b1100100 2
b1100100 ;
b0 5
b1111111111111111011010011100001101010110 ,
b1010010000101010100110101001 >
1$
#744
0$
#745
b1100000001010011010001001010 !
b1100000001010011010001001010 ?
b10010000011001110111111 #
b10010000011001110111111 -
b1111111111111111111111011111110001010100 "
b1111111111111111111111011111110001010100 6
b101110100 )
b11110011011110 &
b11110011011110 3
b1100010001111111 %
b1100010001111111 *
b11111111111000 '
b11111111111000 <
b1100100 :
b1100100 8
b1100100 1
b1100100 /
b1100100 C
b1100100 A
b1100100 D
b1100100 2
b1111111111111111111111011111110001010100 5
b1100100 ;
b10010000011001110111111 ,
b1100000001010011010001001010 >
1$
#746
0$
#747
b1001100111111000011010100001 !
b1001100111111000011010100001 ?
b1000001011000000011111100 #
b1000001011000000011111100 -
b1111111111111111111111101100000101001100 "
b1111111111111111111111101100000101001100 6
b101110101 )
b10010110011110 &
b10010110011110 3
b1110000100101011 %
b1110000100101011 *
b11011000001001 '
b11011000001001 <
b1100100 :
b1100100 8
b1100100 1
b1100100 /
b1100100 C
b1100100 A
b1100100 D
b1100100 2
b1100100 ;
b1111111111111111111111101100000101001100 5
b1000001011000000011111100 ,
b1001100111111000011010100001 >
1$
#748
0$
#749
b11111001011101110010011111 !
b11111001011101110010011111 ?
b1010010101100100010000011 #
b1010010101100100010000011 -
b10011111010110100 "
b10011111010110100 6
b101110110 )
b1101101001100010 &
b1101101001100010 3
b101111111110 %
b101111111110 *
b1100101101011 '
b1100101101011 <
b1100100 :
b1100100 8
b1100100 1
b1100100 /
b1100100 C
b1100100 A
b1100100 D
b1100100 2
b1100100 ;
b10011111010110100 5
b1010010101100100010000011 ,
b11111001011101110010011111 >
1$
#750
0$
#751
b1111111111111100110100110001100010110111 !
b1111111111111100110100110001100010110111 ?
b111110000011110111100111 #
b111110000011110111100111 -
b100000001110101100 "
b100000001110101100 6
b101110111 )
b1100001100100010 &
b1100001100100010 3
b11000101010000 %
b11000101010000 *
b1111010000000010 '
b1111010000000010 <
b1100100 :
b1100100 8
b1100100 1
b1100100 /
b1100100 C
b1100100 A
b1100100 D
b1100100 2
b1100100 ;
b100000001110101100 5
b111110000011110111100111 ,
b1111111111111100110100110001100010110111 >
1$
#752
0$
#753
b1111111111110110110110010111011011101100 !
b1111111111110110110110010111011011101100 ?
b1100111100001100110010 #
b1100111100001100110010 -
b0 "
b0 6
b101111000 )
b0 &
b0 3
b100000000000000 %
b100000000000000 *
b1101001010111111 '
b1101001010111111 <
b1100100 :
b1100100 8
b1100100 1
b1100100 /
b1100100 C
b1100100 A
b1100100 D
b1100100 2
b1100100 ;
b0 5
b1100111100001100110010 ,
b1111111111110110110110010111011011101100 >
1$
#754
0$
#755
b1111111111110100000010011111100100111001 !
b1111111111110100000010011111100100111001 ?
b1111111111111111010101111000010111001101 #
b1111111111111111010101111000010111001101 -
b1111111111111111111111011111110001010100 "
b1111111111111111111111011111110001010100 6
b101111001 )
b11110011011110 &
b11110011011110 3
b11000101010000 %
b11000101010000 *
b1100000100100010 '
b1100000100100010 <
b1100100 :
b1100100 8
b1100100 1
b1100100 /
b1100100 C
b1100100 A
b1100100 D
b1100100 2
b1111111111111111111111011111110001010100 5
b1100100 ;
b1111111111111111010101111000010111001101 ,
b1111111111110100000010011111100100111001 >
1$
#756
0$
#757
b1111111111110101010111010111001111100111 !
b1111111111110101010111010111001111100111 ?
b1111111111111110110010001001101100000000 #
b1111111111111110110010001001101100000000 -
b1111111111111111111111101100000101001100 "
b1111111111111111111111101100000101001100 6
b101111010 )
b10010110011110 &
b10010110011110 3
b101111111110 %
b101111111110 *
b1100010101000100 '
b1100010101000100 <
b1100100 :
b1100100 8
b1100100 1
b1100100 /
b1100100 C
b1100100 A
b1100100 D
b1100100 2
b1100100 ;
b1111111111111111111111101100000101001100 5
b1111111111111110110010001001101100000000 ,
b1111111111110101010111010111001111100111 >
1$
#758
0$
#759
b1111111111111010010111100111111101110100 !
b1111111111111010010111100111111101110100 ?
b10011111010110100 "
b10011111010110100 6
b101111011 )
b1101101001100010 &
b1101101001100010 3
b1110000100101011 %
b1110000100101011 *
b1101110110110101 '
b1101110110110101 <
b1100100 :
b1100100 8
b1100100 1
b1100100 /
b1100100 C
b1100100 A
b1100100 D
b1100100 2
b1100100 ;
b10011111010110100 5
b1111111111111110110010001001101100000000 ,
b1111111111111010010111100111111101110100 >
1$
#760
0$
#761
b1010100100001001011011100 !
b1010100100001001011011100 ?
b1111111111111111010101111000010111001101 #
b1111111111111111010101111000010111001101 -
b100000001110101100 "
b100000001110101100 6
b101111100 )
b1100001100100010 &
b1100001100100010 3
b1100010001111111 %
b1100010001111111 *
b1000000011 '
b1000000011 <
b1100100 :
b1100100 8
b1100100 1
b1100100 /
b1100100 C
b1100100 A
b1100100 D
b1100100 2
b1100100 ;
b100000001110101100 5
b1111111111111111010101111000010111001101 ,
b1010100100001001011011100 >
1$
#762
0$
#763
b111110100001011101110011010 !
b111110100001011101110011010 ?
b1100111100001100110010 #
b1100111100001100110010 -
b0 "
b0 6
b101111101 )
b0 &
b0 3
b1100001100100010 %
b1100001100100010 *
b10010110011110 '
b10010110011110 <
b1100100 :
b1100100 8
b1100100 1
b1100100 /
b1100100 C
b1100100 A
b1100100 D
b1100100 2
b1100100 ;
b0 5
b1100111100001100110010 ,
b111110100001011101110011010 >
1$
#764
0$
#765
b1011100110110111011000101001 !
b1011100110110111011000101001 ?
b111110000011110111100111 #
b111110000011110111100111 -
b1111111111111111111111011111110001010100 "
b1111111111111111111111011111110001010100 6
b101111110 )
b11110011011110 &
b11110011011110 3
b1101110110110101 %
b1101110110110101 *
b11110000110111 '
b11110000110111 <
b1100100 :
b1100100 8
b1100100 1
b1100100 /
b1100100 C
b1100100 A
b1100100 D
b1100100 2
b1111111111111111111111011111110001010100 5
b1100100 ;
b111110000011110111100111 ,
b1011100110110111011000101001 >
1$
#766
0$
#767
b1011011000101000101011001100 !
b1011011000101000101011001100 ?
b1010010101100100010000011 #
b1010010101100100010000011 -
b1111111111111111111111101100000101001100 "
b1111111111111111111111101100000101001100 6
b101111111 )
b10010110011110 &
b10010110011110 3
b100000000101 %
b100000000101 *
b11110111111101 '
b11110111111101 <
b1100100 :
b1100100 8
b1100100 1
b1100100 /
b1100100 C
b1100100 A
b1100100 D
b1100100 2
b1100100 ;
b1111111111111111111111101100000101001100 5
b1010010101100100010000011 ,
b1011011000101000101011001100 >
1$
#768
0$
#769
b111001110011010100001010100 !
b111001110011010100001010100 ?
b1000001011000000011111100 #
b1000001011000000011111100 -
b10011111010110100 "
b10011111010110100 6
b110000000 )
b1101101001100010 &
b1101101001100010 3
b10111010100111 %
b10111010100111 *
b10101001010011 '
b10101001010011 <
b1100100 :
b1100100 8
b1100100 1
b1100100 /
b1100100 C
b1100100 A
b1100100 D
b1100100 2
b1100100 ;
b10011111010110100 5
b1000001011000000011111100 ,
b111001110011010100001010100 >
1$
#770
0$
#771
b100100010001010110100000 !
b100100010001010110100000 ?
b10010000011001110111111 #
b10010000011001110111111 -
b100000001110101100 "
b100000001110101100 6
b110000001 )
b1100001100100010 &
b1100001100100010 3
b11111111100000 %
b11111111100000 *
b100000000101 '
b100000000101 <
b1100100 :
b1100100 8
b1100100 1
b1100100 /
b1100100 C
b1100100 A
b1100100 D
b1100100 2
b1100100 ;
b100000001110101100 5
b10010000011001110111111 ,
b100100010001010110100000 >
1$
#772
0$
#773
b1111111111111001101101100101010001100010 !
b1111111111111001101101100101010001100010 ?
b1111111111111111011010011100001101010110 #
b1111111111111111011010011100001101010110 -
b0 "
b0 6
b110000010 )
b0 &
b0 3
b11001111000111 %
b11001111000111 *
b1110001011110010 '
b1110001011110010 <
b1100100 :
b1100100 8
b1100100 1
b1100100 /
b1100100 C
b1100100 A
b1100100 D
b1100100 2
b1100100 ;
b0 5
b1111111111111111011010011100001101010110 ,
b1111111111111001101101100101010001100010 >
1$
#774
0$
#775
b1111111111110101000010000100000101011110 !
b1111111111110101000010000100000101011110 ?
b1111111111111110110100000100011110100100 #
b1111111111111110110100000100011110100100 -
b1111111111111111111111011111110001010100 "
b1111111111111111111111011111110001010100 6
b110000011 )
b11110011011110 &
b11110011011110 3
b111111101011 %
b111111101011 *
b1100011111101011 '
b1100011111101011 <
b1100100 :
b1100100 8
b1100100 1
b1100100 /
b1100100 C
b1100100 A
b1100100 D
b1100100 2
b1111111111111111111111011111110001010100 5
b1100100 ;
b1111111111111110110100000100011110100100 ,
b1111111111110101000010000100000101011110 >
1$
#776
0$
#777
b1111111111110100001001010011010000000100 !
b1111111111110100001001010011010000000100 ?
b1111111111111110110000100011001000100101 #
b1111111111111110110000100011001000100101 -
b1111111111111111111111101100000101001100 "
b1111111111111111111111101100000101001100 6
b110000100 )
b10010110011110 &
b10010110011110 3
b1110010011000000 %
b1110010011000000 *
b1100000001001001 '
b1100000001001001 <
b1100100 :
b1100100 8
b1100100 1
b1100100 /
b1100100 C
b1100100 A
b1100100 D
b1100100 2
b1100100 ;
b1111111111111111111111101100000101001100 5
b1111111111111110110000100011001000100101 ,
b1111111111110100001001010011010000000100 >
1$
#778
0$
#779
b1111111111110111010110111011001010111101 !
b1111111111110111010110111011001010111101 ?
b1111111111111111010001011111100100011010 #
b1111111111111111010001011111100100011010 -
b10011111010110100 "
b10011111010110100 6
b110000101 )
b1101101001100010 &
b1101101001100010 3
b1100011000010111 %
b1100011000010111 *
b1100111010110000 '
b1100111010110000 <
b1100100 :
b1100100 8
b1100100 1
b1100100 /
b1100100 C
b1100100 A
b1100100 D
b1100100 2
b1100100 ;
b10011111010110100 5
b1111111111111111010001011111100100011010 ,
b1111111111110111010110111011001010111101 >
1$
#780
0$
#781
b1111111111111101100011110100101010101110 !
b1111111111111101100011110100101010101110 ?
b111110010000001010001 #
b111110010000001010001 -
b100000001110101100 "
b100000001110101100 6
b110000110 )
b1100001100100010 &
b1100001100100010 3
b1100001000000011 %
b1100001000000011 *
b1110111000100101 '
b1110111000100101 <
b1100100 :
b1100100 8
b1100100 1
b1100100 /
b1100100 C
b1100100 A
b1100100 D
b1100100 2
b1100100 ;
b100000001110101100 5
b111110010000001010001 ,
b1111111111111101100011110100101010101110 >
1$
#782
0$
#783
b100100110101110111100111000 !
b100100110101110111100111000 ?
b111010011111110000001101 #
b111010011111110000001101 -
b0 "
b0 6
b110000111 )
b0 &
b0 3
b1101101001100010 %
b1101101001100010 *
b1001111000111 '
b1001111000111 <
b1100100 :
b1100100 8
b1100100 1
b1100100 /
b1100100 C
b1100100 A
b1100100 D
b1100100 2
b1100100 ;
b0 5
b111010011111110000001101 ,
b100100110101110111100111000 >
1$
#784
0$
#785
b1010000011101101101111010011 !
b1010000011101101101111010011 ?
b1010010010111000000110100 #
b1010010010111000000110100 -
b1111111111111111111111011111110001010100 "
b1111111111111111111111011111110001010100 6
b110001000 )
b11110011011110 &
b11110011011110 3
b10000000101 %
b10000000101 *
b11001010010010 '
b11001010010010 <
b1100100 :
b1100100 8
b1100100 1
b1100100 /
b1100100 C
b1100100 A
b1100100 D
b1100100 2
b1111111111111111111111011111110001010100 5
b1100100 ;
b1010010010111000000110100 ,
b1010000011101101101111010011 >
1$
#786
0$
#787
b1100000010000100110100011101 !
b1100000010000100110100011101 ?
b1000100011010110010000011 #
b1000100011010110010000011 -
b1111111111111111111111101100000101001100 "
b1111111111111111111111101100000101001100 6
b110001001 )
b10010110011110 &
b10010110011110 3
b10101111010000 %
b10101111010000 *
b11111111100000 '
b11111111100000 <
b1100100 :
b1100100 8
b1100100 1
b1100100 /
b1100100 C
b1100100 A
b1100100 D
b1100100 2
b1100100 ;
b1111111111111111111111101100000101001100 5
b1000100011010110010000011 ,
b1100000010000100110100011101 >
1$
#788
0$
#789
b1001110110000111011000011111 !
b1001110110000111011000011111 ?
b10111000100100010100110 #
b10111000100100010100110 -
b10011111010110100 "
b10011111010110100 6
b110001010 )
b1101101001100010 &
b1101101001100010 3
b11111101111111 %
b11111101111111 *
b11011100010110 '
b11011100010110 <
b1100100 :
b1100100 8
b1100100 1
b1100100 /
b1100100 C
b1100100 A
b1100100 D
b1100100 2
b1100100 ;
b10011111010110100 5
b10111000100100010100110 ,
b1001110110000111011000011111 >
1$
#790
0$
#791
b100010000001111010001000001 !
b100010000001111010001000001 ?
b1111111111111111011111001000010100111010 #
b1111111111111111011111001000010100111010 -
b100000001110101100 "
b100000001110101100 6
b110001011 )
b1100001100100010 &
b1100001100100010 3
b11011000001001 %
b11011000001001 *
b1101101000000 '
b1101101000000 <
b1100100 :
b1100100 8
b1100100 1
b1100100 /
b1100100 C
b1100100 A
b1100100 D
b1100100 2
b1100100 ;
b100000001110101100 5
b1111111111111111011111001000010100111010 ,
b100010000001111010001000001 >
1$
#792
0$
#793
b1111111111111101001100001101100110100110 !
b1111111111111101001100001101100110100110 ?
b1111111111111110110110010001010111100110 #
b1111111111111110110110010001010111100110 -
b0 "
b0 6
b110001100 )
b0 &
b0 3
b1001111000111 %
b1001111000111 *
b1111010111111101 '
b1111010111111101 <
b1100100 :
b1100100 8
b1100100 1
b1100100 /
b1100100 C
b1100100 A
b1100100 D
b1100100 2
b1100100 ;
b0 5
b1111111111111110110110010001010111100110 ,
b1111111111111101001100001101100110100110 >
1$
#794
0$
#795
b1111111111110111000110010111011001000010 !
b1111111111110111000110010111011001000010 ?
b1111111111111110101111001111111000100111 #
b1111111111111110101111001111111000100111 -
b1111111111111111111111011111110001010100 "
b1111111111111111111111011111110001010100 6
b110001101 )
b11110011011110 &
b11110011011110 3
b1110100001110001 %
b1110100001110001 *
b1101010000110000 '
b1101010000110000 <
b1100100 :
b1100100 8
b1100100 1
b1100100 /
b1100100 C
b1100100 A
b1100100 D
b1100100 2
b1111111111111111111111011111110001010100 5
b1100100 ;
b1111111111111110101111001111111000100111 ,
b1111111111110111000110010111011001000010 >
1$
#796
0$
#797
b1111111111110100000101100001010111111100 !
b1111111111110100000101100001010111111100 ?
b1111111111111111001101010010001101100010 #
b1111111111111111001101010010001101100010 -
b1111111111111111111111101100000101001100 "
b1111111111111111111111101100000101001100 6
b110001110 )
b10010110011110 &
b10010110011110 3
b1100011111101011 %
b1100011111101011 *
b1100000110001011 '
b1100000110001011 <
b1100100 :
b1100100 8
b1100100 1
b1100100 /
b1100100 C
b1100100 A
b1100100 D
b1100100 2
b1100100 ;
b1111111111111111111111101100000101001100 5
b1111111111111111001101010010001101100010 ,
b1111111111110100000101100001010111111100 >
1$
#798
0$
#799
b1111111111110101001100010111111001001000 !
b1111111111110101001100010111111001001000 ?
b10100110000110000010 #
b10100110000110000010 -
b10011111010110100 "
b10011111010110100 6
b110001111 )
b1101101001100010 &
b1101101001100010 3
b1100000100100010 %
b1100000100100010 *
b1100010001111111 '
b1100010001111111 <
b1100100 :
b1100100 8
b1100100 1
b1100100 /
b1100100 C
b1100100 A
b1100100 D
b1100100 2
b1100100 ;
b10011111010110100 5
b10100110000110000010 ,
b1111111111110101001100010111111001001000 >
1$
#800
0$
#801
b1111111111111010000010011010101110011110 !
b1111111111111010000010011010101110011110 ?
b110110101101100111001011 #
b110110101101100111001011 -
b100000001110101100 "
b100000001110101100 6
b110010000 )
b1100001100100010 &
b1100001100100010 3
b1101011100110100 %
b1101011100110100 *
b1101110000000111 '
b1101110000000111 <
b1100100 :
b1100100 8
b1100100 1
b1100100 /
b1100100 C
b1100100 A
b1100100 D
b1100100 2
b1100100 ;
b100000001110101100 5
b110110101101100111001011 ,
b1111111111111010000010011010101110011110 >
1$
#802
0$
#803
b111100011011011100100001 !
b111100011011011100100001 ?
b1010001101101111000111111 #
b1010001101101111000111111 -
b0 "
b0 6
b110010001 )
b0 &
b0 3
b0 %
b0 *
b0 '
b0 <
b1100100 :
b1100100 8
b1100100 1
b1100100 /
b1100100 C
b1100100 A
b1100100 D
b1100100 2
b1100100 ;
b0 5
b1010001101101111000111111 ,
b111100011011011100100001 >
1$
#804
0$
#805
b111100001100010101101010101 !
b111100001100010101101010101 ?
b1000111001101101110101010 #
b1000111001101101110101010 -
b1111111111111111111111011111110001010100 "
b1111111111111111111111011111110001010100 6
b110010010 )
b11110011011110 &
b11110011011110 3
b10100011001100 %
b10100011001100 *
b10001111111001 '
b10001111111001 <
b1100100 :
b1100100 8
b1100100 1
b1100100 /
b1100100 C
b1100100 A
b1100100 D
b1100100 2
b1111111111111111111111011111110001010100 5
b1100100 ;
b1000111001101101110101010 ,
b111100001100010101101010101 >
1$
#806
0$
#807
b1011100000000111101101111101 !
b1011100000000111101101111101 ?
b11100000001101010010001 #
b11100000001101010010001 -
b1111111111111111111111101100000101001100 "
b1111111111111111111111101100000101001100 6
b110010011 )
b10010110011110 &
b10010110011110 3
b11111011011110 %
b11111011011110 *
b11101110000001 '
b11101110000001 <
b1100100 :
b1100100 8
b1100100 1
b1100100 /
b1100100 C
b1100100 A
b1100100 D
b1100100 2
b1100100 ;
b1111111111111111111111101100000101001100 5
b11100000001101010010001 ,
b1011100000000111101101111101 >
1$
#808
0$
#809
b1111111111111111100011111110010101101111 #
b1111111111111111100011111110010101101111 -
b10011111010110100 "
b10011111010110100 6
b110010100 )
b1101101001100010 &
b1101101001100010 3
b11100000010101 %
b11100000010101 *
b11111001110101 '
b11111001110101 <
b1100100 :
b1100100 8
b1100100 1
b1100100 /
b1100100 C
b1100100 A
b1100100 D
b1100100 2
b1100100 ;
b10011111010110100 5
b1111111111111111100011111110010101101111 ,
b1011100000000111101101111101 >
1$
#810
0$
#811
b111100001100010101101010101 !
b111100001100010101101010101 ?
b1111111111111110111000110010010001010110 #
b1111111111111110111000110010010001010110 -
b100000001110101100 "
b100000001110101100 6
b110010101 )
b1100001100100010 &
b1100001100100010 3
b1011110001111 %
b1011110001111 *
b10101111010000 '
b10101111010000 <
b1100100 :
b1100100 8
b1100100 1
b1100100 /
b1100100 C
b1100100 A
b1100100 D
b1100100 2
b1100100 ;
b100000001110101100 5
b1111111111111110111000110010010001010110 ,
b111100001100010101101010101 >
1$
#812
0$
#813
b111100011011011100100001 !
b111100011011011100100001 ?
b1111111111111110101110010010000111000001 #
b1111111111111110101110010010000111000001 -
b0 "
b0 6
b110010110 )
b0 &
b0 3
b1110110000111001 %
b1110110000111001 *
b101000000011 '
b101000000011 <
b1100100 :
b1100100 8
b1100100 1
b1100100 /
b1100100 C
b1100100 A
b1100100 D
b1100100 2
b1100100 ;
b0 5
b1111111111111110101110010010000111000001 ,
b111100011011011100100001 >
1$
#814
0$
#815
b1111111111111010000010011010101110011110 !
b1111111111111010000010011010101110011110 ?
b1111111111111111001001010010011000110101 #
b1111111111111111001001010010011000110101 -
b1111111111111111111111011111110001010100 "
b1111111111111111111111011111110001010100 6
b110010111 )
b11110011011110 &
b11110011011110 3
b1100100111110111 %
b1100100111110111 *
b1110010011000000 '
b1110010011000000 <
b1100100 :
b1100100 8
b1100100 1
b1100100 /
b1100100 C
b1100100 A
b1100100 D
b1100100 2
b1111111111111111111111011111110001010100 5
b1100100 ;
b1111111111111111001001010010011000110101 ,
b1111111111111010000010011010101110011110 >
1$
#816
0$
#817
b1111111111110101001100010111111001001000 !
b1111111111110101001100010111111001001000 ?
b1111111111111111111101011001111001111110 #
b1111111111111111111101011001111001111110 -
b1111111111111111111111101100000101001100 "
b1111111111111111111111101100000101001100 6
b110011000 )
b10010110011110 &
b10010110011110 3
b1100000010000001 %
b1100000010000001 *
b1100100011101010 '
b1100100011101010 <
b1100100 :
b1100100 8
b1100100 1
b1100100 /
b1100100 C
b1100100 A
b1100100 D
b1100100 2
b1100100 ;
b1111111111111111111111101100000101001100 5
b1111111111111111111101011001111001111110 ,
b1111111111110101001100010111111001001000 >
1$
#818
0$
#819
b1111111111110100000101100001010111111100 !
b1111111111110100000101100001010111111100 ?
b110010101101110010011110 #
b110010101101110010011110 -
b10011111010110100 "
b10011111010110100 6
b110011001 )
b1101101001100010 &
b1101101001100010 3
b1101010000110000 %
b1101010000110000 *
b1100000000100000 '
b1100000000100000 <
b1100100 :
b1100100 8
b1100100 1
b1100100 /
b1100100 C
b1100100 A
b1100100 D
b1100100 2
b1100100 ;
b10011111010110100 5
b110010101101110010011110 ,
b1111111111110100000101100001010111111100 >
1$
#820
0$
#821
b1111111111110111000110010111011001000010 !
b1111111111110111000110010111011001000010 ?
b1010000110000000111011001 #
b1010000110000000111011001 -
b100000001110101100 "
b100000001110101100 6
b110011010 )
b1100001100100010 &
b1100001100100010 3
b1111101111111011 %
b1111101111111011 *
b1100110101101110 '
b1100110101101110 <
b1100100 :
b1100100 8
b1100100 1
b1100100 /
b1100100 C
b1100100 A
b1100100 D
b1100100 2
b1100100 ;
b100000001110101100 5
b1010000110000000111011001 ,
b1111111111110111000110010111011001000010 >
1$
#822
0$
#823
b1111111111111101001100001101100110100110 !
b1111111111111101001100001101100110100110 ?
b1001001101110101000011010 #
b1001001101110101000011010 -
b0 "
b0 6
b110011011 )
b0 &
b0 3
b10010110011110 %
b10010110011110 *
b1110110000111001 '
b1110110000111001 <
b1100100 :
b1100100 8
b1100100 1
b1100100 /
b1100100 C
b1100100 A
b1100100 D
b1100100 2
b1100100 ;
b0 5
b1001001101110101000011010 ,
b1111111111111101001100001101100110100110 >
1$
#824
0$
#825
b100010000001111010001000001 !
b100010000001111010001000001 ?
b100000110111101011000110 #
b100000110111101011000110 -
b1111111111111111111111011111110001010100 "
b1111111111111111111111011111110001010100 6
b110011100 )
b11110011011110 &
b11110011011110 3
b11110111111101 %
b11110111111101 *
b1000111011011 '
b1000111011011 <
b1100100 :
b1100100 8
b1100100 1
b1100100 /
b1100100 C
b1100100 A
b1100100 D
b1100100 2
b1111111111111111111111011111110001010100 5
b1100100 ;
b100000110111101011000110 ,
b100010000001111010001000001 >
1$
#826
0$
#827
b1001110110000111011000011111 !
b1001110110000111011000011111 ?
b1111111111111111101000111011011101011010 #
b1111111111111111101000111011011101011010 -
b1111111111111111111111101100000101001100 "
b1111111111111111111111101100000101001100 6
b110011101 )
b10010110011110 &
b10010110011110 3
b11100111101001 %
b11100111101001 *
b11000101010000 '
b11000101010000 <
b1100100 :
b1100100 8
b1100100 1
b1100100 /
b1100100 C
b1100100 A
b1100100 D
b1100100 2
b1100100 ;
b1111111111111111111111101100000101001100 5
b1111111111111111101000111011011101011010 ,
b1001110110000111011000011111 >
1$
#828
0$
#829
b1100000010000100110100011101 !
b1100000010000100110100011101 ?
b1111111111111110111011100101001101111101 #
b1111111111111110111011100101001101111101 -
b10011111010110100 "
b10011111010110100 6
b110011110 )
b1101101001100010 &
b1101101001100010 3
b1101101000000 %
b1101101000000 *
b11111110110111 '
b11111110110111 <
b1100100 :
b1100100 8
b1100100 1
b1100100 /
b1100100 C
b1100100 A
b1100100 D
b1100100 2
b1100100 ;
b10011111010110100 5
b1111111111111110111011100101001101111101 ,
b1100000010000100110100011101 >
1$
#830
0$
#831
b1010000011101101101111010011 !
b1010000011101101101111010011 ?
b1111111111111110101101101000111111001100 #
b1111111111111110101101101000111111001100 -
b100000001110101100 "
b100000001110101100 6
b110011111 )
b1100001100100010 &
b1100001100100010 3
b1111000000010101 %
b1111000000010101 *
b11100000010101 '
b11100000010101 <
b1100100 :
b1100100 8
b1100100 1
b1100100 /
b1100100 C
b1100100 A
b1100100 D
b1100100 2
b1100100 ;
b100000001110101100 5
b1111111111111110101101101000111111001100 ,
b1010000011101101101111010011 >
1$
#832
0$
#833
b100100110101110111100111000 !
b100100110101110111100111000 ?
b1111111111111111000101100000001111110011 #
b1111111111111111000101100000001111110011 -
b0 "
b0 6
b110100000 )
b0 &
b0 3
b1100110000111001 %
b1100110000111001 *
b1110100001110 '
b1110100001110 <
b1100100 :
b1100100 8
b1100100 1
b1100100 /
b1100100 C
b1100100 A
b1100100 D
b1100100 2
b1100100 ;
b0 5
b1111111111111111000101100000001111110011 ,
b100100110101110111100111000 >
1$
#834
0$
#835
b1111111111111101100011110100101010101110 !
b1111111111111101100011110100101010101110 ?
b1111111111111111111000001101111110101111 #
b1111111111111111111000001101111110101111 -
b1111111111111111111111011111110001010100 "
b1111111111111111111111011111110001010100 6
b110100001 )
b11110011011110 &
b11110011011110 3
b1100000000100000 %
b1100000000100000 *
b1111011111111011 '
b1111011111111011 <
b1100100 :
b1100100 8
b1100100 1
b1100100 /
b1100100 C
b1100100 A
b1100100 D
b1100100 2
b1111111111111111111111011111110001010100 5
b1100100 ;
b1111111111111111111000001101111110101111 ,
b1111111111111101100011110100101010101110 >
1$
#836
0$
#837
b1111111111110111010110111011001010111101 !
b1111111111110111010110111011001010111101 ?
b101110100000011011100110 #
b101110100000011011100110 -
b1111111111111111111111101100000101001100 "
b1111111111111111111111101100000101001100 6
b110100010 )
b10010110011110 &
b10010110011110 3
b1101000101011001 %
b1101000101011001 *
b1101010110101101 '
b1101010110101101 <
b1100100 :
b1100100 8
b1100100 1
b1100100 /
b1100100 C
b1100100 A
b1100100 D
b1100100 2
b1100100 ;
b1111111111111111111111101100000101001100 5
b101110100000011011100110 ,
b1111111111110111010110111011001010111101 >
1$
#838
0$
#839
b1111111111110100001001010011010000000100 !
b1111111111110100001001010011010000000100 ?
b1001111011100110111011011 #
b1001111011100110111011011 -
b10011111010110100 "
b10011111010110100 6
b110100011 )
b1101101001100010 &
b1101101001100010 3
b1111011111111011 %
b1111011111111011 *
b1100001000000011 '
b1100001000000011 <
b1100100 :
b1100100 8
b1100100 1
b1100100 /
b1100100 C
b1100100 A
b1100100 D
b1100100 2
b1100100 ;
b10011111010110100 5
b1001111011100110111011011 ,
b1111111111110100001001010011010000000100 >
1$
#840
0$
#841
b1111111111110101000010000100000101011110 !
b1111111111110101000010000100000101011110 ?
b1001011111011100001011100 #
b1001011111011100001011100 -
b100000001110101100 "
b100000001110101100 6
b110100100 )
b1100001100100010 &
b1100001100100010 3
b10001001001011 %
b10001001001011 *
b1100001111001001 '
b1100001111001001 <
b1100100 :
b1100100 8
b1100100 1
b1100100 /
b1100100 C
b1100100 A
b1100100 D
b1100100 2
b1100100 ;
b100000001110101100 5
b1001011111011100001011100 ,
b1111111111110101000010000100000101011110 >
1$
#842
0$
#843
b1111111111111001101101100101010001100010 !
b1111111111111001101101100101010001100010 ?
b100101100011110010101010 #
b100101100011110010101010 -
b0 "
b0 6
b110100101 )
b0 &
b0 3
b11110011011110 %
b11110011011110 *
b1101101001100010 '
b1101101001100010 <
b1100100 :
b1100100 8
b1100100 1
b1100100 /
b1100100 C
b1100100 A
b1100100 D
b1100100 2
b1100100 ;
b0 5
b100101100011110010101010 ,
b1111111111111001101101100101010001100010 >
1$
#844
0$
#845
b100100010001010110100000 !
b100100010001010110100000 ?
b1111111111111111101101111100110001000001 #
b1111111111111111101101111100110001000001 -
b1111111111111111111111011111110001010100 "
b1111111111111111111111011111110001010100 6
b110100110 )
b11110011011110 &
b11110011011110 3
b11101110000001 %
b11101110000001 *
b1111110111111101 '
b1111110111111101 <
b1100100 :
b1100100 8
b1100100 1
b1100100 /
b1100100 C
b1100100 A
b1100100 D
b1100100 2
b1111111111111111111111011111110001010100 5
b1100100 ;
b1111111111111111101101111100110001000001 ,
b100100010001010110100000 >
1$
#846
0$
#847
b111001110011010100001010100 !
b111001110011010100001010100 ?
b1111111111111110111110100111111100000100 #
b1111111111111110111110100111111100000100 -
b1111111111111111111111101100000101001100 "
b1111111111111111111111101100000101001100 6
b110100111 )
b10010110011110 &
b10010110011110 3
b1111011010101 %
b1111011010101 *
b10001001001011 '
b10001001001011 <
b1100100 :
b1100100 8
b1100100 1
b1100100 /
b1100100 C
b1100100 A
b1100100 D
b1100100 2
b1100100 ;
b1111111111111111111111101100000101001100 5
b1111111111111110111110100111111100000100 ,
b111001110011010100001010100 >
1$
#848
0$
#849
b1011011000101000101011001100 !
b1011011000101000101011001100 ?
b1111111111111110101101010011011101111101 #
b1111111111111110101101010011011101111101 -
b10011111010110100 "
b10011111010110100 6
b110101000 )
b1101101001100010 &
b1101101001100010 3
b1111010000000010 %
b1111010000000010 *
b11101010111100 '
b11101010111100 <
b1100100 :
b1100100 8
b1100100 1
b1100100 /
b1100100 C
b1100100 A
b1100100 D
b1100100 2
b1100100 ;
b10011111010110100 5
b1111111111111110101101010011011101111101 ,
b1011011000101000101011001100 >
1$
#850
0$
#851
b1011100110110111011000101001 !
b1011100110110111011000101001 ?
b1111111111111111000001111100001000011001 #
b1111111111111111000001111100001000011001 -
b100000001110101100 "
b100000001110101100 6
b110101001 )
b1100001100100010 &
b1100001100100010 3
b1100111010110000 %
b1100111010110000 *
b11111011011110 '
b11111011011110 <
b1100100 :
b1100100 8
b1100100 1
b1100100 /
b1100100 C
b1100100 A
b1100100 D
b1100100 2
b1100100 ;
b100000001110101100 5
b1111111111111111000001111100001000011001 ,
b1011100110110111011000101001 >
1$
#852
0$
#853
b111110100001011101110011010 !
b111110100001011101110011010 ?
b1111111111111111110011000011110011001110 #
b1111111111111111110011000011110011001110 -
b0 "
b0 6
b110101010 )
b0 &
b0 3
b1100000000000000 %
b1100000000000000 *
b10110101000001 '
b10110101000001 <
b1100100 :
b1100100 8
b1100100 1
b1100100 /
b1100100 C
b1100100 A
b1100100 D
b1100100 2
b1100100 ;
b0 5
b1111111111111111110011000011110011001110 ,
b111110100001011101110011010 >
1$
#854
0$
#855
b1010100100001001011011100 !
b1010100100001001011011100 ?
b101010000111101000110011 #
b101010000111101000110011 -
b1111111111111111111111011111110001010100 "
b1111111111111111111111011111110001010100 6
b110101011 )
b11110011011110 &
b11110011011110 3
b1100111010110000 %
b1100111010110000 *
b101111111110 '
b101111111110 <
b1100100 :
b1100100 8
b1100100 1
b1100100 /
b1100100 C
b1100100 A
b1100100 D
b1100100 2
b1111111111111111111111011111110001010100 5
b1100100 ;
b101010000111101000110011 ,
b1010100100001001011011100 >
1$
#856
0$
#857
b1111111111111010010111100111111101110100 !
b1111111111111010010111100111111101110100 ?
b1001101110110010100000000 #
b1001101110110010100000000 -
b1111111111111111111111101100000101001100 "
b1111111111111111111111101100000101001100 6
b110101100 )
b10010110011110 &
b10010110011110 3
b1111010000000010 %
b1111010000000010 *
b1110011010010101 '
b1110011010010101 <
b1100100 :
b1100100 8
b1100100 1
b1100100 /
b1100100 C
b1100100 A
b1100100 D
b1100100 2
b1100100 ;
b1111111111111111111111101100000101001100 5
b1001101110110010100000000 ,
b1111111111111010010111100111111101110100 >
1$
#858
0$
#859
b1111111111110101010111010111001111100111 !
b1111111111110101010111010111001111100111 ?
b10011111010110100 "
b10011111010110100 6
b110101101 )
b1101101001100010 &
b1101101001100010 3
b1111011010101 %
b1111011010101 *
b1100100111110111 '
b1100100111110111 <
b1100100 :
b1100100 8
b1100100 1
b1100100 /
b1100100 C
b1100100 A
b1100100 D
b1100100 2
b1100100 ;
b10011111010110100 5
b1001101110110010100000000 ,
b1111111111110101010111010111001111100111 >
1$
#860
0$
#861
b1111111111110100000010011111100100111001 !
b1111111111110100000010011111100100111001 ?
b101010000111101000110011 #
b101010000111101000110011 -
b100000001110101100 "
b100000001110101100 6
b110101110 )
b1100001100100010 &
b1100001100100010 3
b11101110000001 %
b11101110000001 *
b1100000000001000 '
b1100000000001000 <
b1100100 :
b1100100 8
b1100100 1
b1100100 /
b1100100 C
b1100100 A
b1100100 D
b1100100 2
b1100100 ;
b100000001110101100 5
b101010000111101000110011 ,
b1111111111110100000010011111100100111001 >
1$
#862
0$
#863
b1111111111110110110110010111011011101100 !
b1111111111110110110110010111011011101100 ?
b1111111111111111110011000011110011001110 #
b1111111111111111110011000011110011001110 -
b0 "
b0 6
b110101111 )
b0 &
b0 3
b11110011011110 %
b11110011011110 *
b1100110000111001 '
b1100110000111001 <
b1100100 :
b1100100 8
b1100100 1
b1100100 /
b1100100 C
b1100100 A
b1100100 D
b1100100 2
b1100100 ;
b0 5
b1111111111111111110011000011110011001110 ,
b1111111111110110110110010111011011101100 >
1$
#864
0$
#865
b1111111111111100110100110001100010110111 !
b1111111111111100110100110001100010110111 ?
b1111111111111111000001111100001000011001 #
b1111111111111111000001111100001000011001 -
b1111111111111111111111011111110001010100 "
b1111111111111111111111011111110001010100 6
b110110000 )
b11110011011110 &
b11110011011110 3
b10001001001011 %
b10001001001011 *
b1110101001010010 '
b1110101001010010 <
b1100100 :
b1100100 8
b1100100 1
b1100100 /
b1100100 C
b1100100 A
b1100100 D
b1100100 2
b1111111111111111111111011111110001010100 5
b1100100 ;
b1111111111111111000001111100001000011001 ,
b1111111111111100110100110001100010110111 >
1$
#866
0$
#867
b11111001011101110010011111 !
b11111001011101110010011111 ?
b1111111111111110101101010011011101111101 #
b1111111111111110101101010011011101111101 -
b1111111111111111111111101100000101001100 "
b1111111111111111111111101100000101001100 6
b110110001 )
b10010110011110 &
b10010110011110 3
b1111011111111011 %
b1111011111111011 *
b111111101011 '
b111111101011 <
b1100100 :
b1100100 8
b1100100 1
b1100100 /
b1100100 C
b1100100 A
b1100100 D
b1100100 2
b1100100 ;
b1111111111111111111111101100000101001100 5
b1111111111111110101101010011011101111101 ,
b11111001011101110010011111 >
1$
#868
0$
#869
b1001100111111000011010100001 !
b1001100111111000011010100001 ?
b1111111111111110111110100111111100000100 #
b1111111111111110111110100111111100000100 -
b10011111010110100 "
b10011111010110100 6
b110110010 )
b1101101001100010 &
b1101101001100010 3
b1101000101011001 %
b1101000101011001 *
b11000000000010 '
b11000000000010 <
b1100100 :
b1100100 8
b1100100 1
b1100100 /
b1100100 C
b1100100 A
b1100100 D
b1100100 2
b1100100 ;
b10011111010110100 5
b1111111111111110111110100111111100000100 ,
b1001100111111000011010100001 >
1$
#870
0$
#871
b1100000001010011010001001010 !
b1100000001010011010001001010 ?
b1111111111111111101101111100110001000001 #
b1111111111111111101101111100110001000001 -
b100000001110101100 "
b100000001110101100 6
b110110011 )
b1100001100100010 &
b1100001100100010 3
b1100000000100000 %
b1100000000100000 *
b11111101111111 '
b11111101111111 <
b1100100 :
b1100100 8
b1100100 1
b1100100 /
b1100100 C
b1100100 A
b1100100 D
b1100100 2
b1100100 ;
b100000001110101100 5
b1111111111111111101101111100110001000001 ,
b1100000001010011010001001010 >
1$
#872
0$
#873
b1010010000101010100110101001 !
b1010010000101010100110101001 ?
b100101100011110010101010 #
b100101100011110010101010 -
b0 "
b0 6
b110110100 )
b0 &
b0 3
b1100110000111001 %
b1100110000111001 *
b11100100000110 '
b11100100000110 <
b1100100 :
b1100100 8
b1100100 1
b1100100 /
b1100100 C
b1100100 A
b1100100 D
b1100100 2
b1100100 ;
b0 5
b100101100011110010101010 ,
b1010010000101010100110101001 >
1$
#874
0$
#875
b100111100111011011101101101 !
b100111100111011011101101101 ?
b1001011111011100001011100 #
b1001011111011100001011100 -
b1111111111111111111111011111110001010100 "
b1111111111111111111111011111110001010100 6
b110110101 )
b11110011011110 &
b11110011011110 3
b1111000000010101 %
b1111000000010101 *
b1111011010101 '
b1111011010101 <
b1100100 :
b1100100 8
b1100100 1
b1100100 /
b1100100 C
b1100100 A
b1100100 D
b1100100 2
b1111111111111111111111011111110001010100 5
b1100100 ;
b1001011111011100001011100 ,
b100111100111011011101101101 >
1$
#876
0$
#877
b1111111111111101111011100101011111010100 !
b1111111111111101111011100101011111010100 ?
b1001111011100110111011011 #
b1001111011100110111011011 -
b1111111111111111111111101100000101001100 "
b1111111111111111111111101100000101001100 6
b110110110 )
b10010110011110 &
b10010110011110 3
b1101101000000 %
b1101101000000 *
b1111100111111010 '
b1111100111111010 <
b1100100 :
b1100100 8
b1100100 1
b1100100 /
b1100100 C
b1100100 A
b1100100 D
b1100100 2
b1100100 ;
b1111111111111111111111101100000101001100 5
b1001111011100110111011011 ,
b1111111111111101111011100101011111010100 >
1$
#878
0$
#879
b1111111111110111101000000010010101000011 !
b1111111111110111101000000010010101000011 ?
b101110100000011011100110 #
b101110100000011011100110 -
b10011111010110100 "
b10011111010110100 6
b110110111 )
b1101101001100010 &
b1101101001100010 3
b11100111101001 %
b11100111101001 *
b1101011100110100 '
b1101011100110100 <
b1100100 :
b1100100 8
b1100100 1
b1100100 /
b1100100 C
b1100100 A
b1100100 D
b1100100 2
b1100100 ;
b10011111010110100 5
b101110100000011011100110 ,
b1111111111110111101000000010010101000011 >
1$
#880
0$
#881
b1111111111110100001101110110000011000110 !
b1111111111110100001101110110000011000110 ?
b1111111111111111111000001101111110101111 #
b1111111111111111111000001101111110101111 -
b100000001110101100 "
b100000001110101100 6
b110111000 )
b1100001100100010 &
b1100001100100010 3
b11110111111101 %
b11110111111101 *
b1100001010001011 '
b1100001010001011 <
b1100100 :
b1100100 8
b1100100 1
b1100100 /
b1100100 C
b1100100 A
b1100100 D
b1100100 2
b1100100 ;
b100000001110101100 5
b1111111111111111111000001101111110101111 ,
b1111111111110100001101110110000011000110 >
1$
#882
0$
#883
b1111111111110100111000011110000100010101 !
b1111111111110100111000011110000100010101 ?
b1111111111111111000101100000001111110011 #
b1111111111111111000101100000001111110011 -
b0 "
b0 6
b110111001 )
b0 &
b0 3
b10010110011110 %
b10010110011110 *
b1100001100100010 '
b1100001100100010 <
b1100100 :
b1100100 8
b1100100 1
b1100100 /
b1100100 C
b1100100 A
b1100100 D
b1100100 2
b1100100 ;
b0 5
b1111111111111111000101100000001111110011 ,
b1111111111110100111000011110000100010101 >
1$
#884
0$
#885
b1111111111111001011001001010111101010101 !
b1111111111111001011001001010111101010101 ?
b1111111111111110101101101000111111001100 #
b1111111111111110101101101000111111001100 -
b1111111111111111111111011111110001010100 "
b1111111111111111111111011111110001010100 6
b110111010 )
b11110011011110 &
b11110011011110 3
b1111101111111011 %
b1111101111111011 *
b1101100011000110 '
b1101100011000110 <
b1100100 :
b1100100 8
b1100100 1
b1100100 /
b1100100 C
b1100100 A
b1100100 D
b1100100 2
b1111111111111111111111011111110001010100 5
b1100100 ;
b1111111111111110101101101000111111001100 ,
b1111111111111001011001001010111101010101 >
1$
#886
0$
#887
b1100000110101101101001 !
b1100000110101101101001 ?
b1111111111111110111011100101001101111101 #
b1111111111111110111011100101001101111101 -
b1111111111111111111111101100000101001100 "
b1111111111111111111111101100000101001100 6
b110111011 )
b10010110011110 &
b10010110011110 3
b1101010000110000 %
b1101010000110000 *
b1111101111111011 '
b1111101111111011 <
b1100100 :
b1100100 8
b1100100 1
b1100100 /
b1100100 C
b1100100 A
b1100100 D
b1100100 2
b1100100 ;
b1111111111111111111111101100000101001100 5
b1111111111111110111011100101001101111101 ,
b1100000110101101101001 >
1$
#888
0$
#889
b110111010110110101010001110 !
b110111010110110101010001110 ?
b1111111111111111101000111011011101011010 #
b1111111111111111101000111011011101011010 -
b10011111010110100 "
b10011111010110100 6
b110111100 )
b1101101001100010 &
b1101101001100010 3
b1100000010000001 %
b1100000010000001 *
b10000010010100 '
b10000010010100 <
b1100100 :
b1100100 8
b1100100 1
b1100100 /
b1100100 C
b1100100 A
b1100100 D
b1100100 2
b1100100 ;
b10011111010110100 5
b1111111111111111101000111011011101011010 ,
b110111010110110101010001110 >
1$
#890
0$
#891
b1011010000011100101110111100 !
b1011010000011100101110111100 ?
b100000110111101011000110 #
b100000110111101011000110 -
b100000001110101100 "
b100000001110101100 6
b110111101 )
b1100001100100010 &
b1100001100100010 3
b1100100111110111 %
b1100100111110111 *
b11100111101001 '
b11100111101001 <
b1100100 :
b1100100 8
b1100100 1
b1100100 /
b1100100 C
b1100100 A
b1100100 D
b1100100 2
b1100100 ;
b100000001110101100 5
b100000110111101011000110 ,
b1011010000011100101110111100 >
1$
#892
0$
#893
b1011101100111000101110110001 !
b1011101100111000101110110001 ?
b1001001101110101000011010 #
b1001001101110101000011010 -
b0 "
b0 6
b110111110 )
b0 &
b0 3
b1110110000111001 %
b1110110000111001 *
b11111100110110 '
b11111100110110 <
b1100100 :
b1100100 8
b1100100 1
b1100100 /
b1100100 C
b1100100 A
b1100100 D
b1100100 2
b1100100 ;
b0 5
b1001001101110101000011010 ,
b1011101100111000101110110001 >
1$
#894
0$
#895
b1000000110010101001101101000 !
b1000000110010101001101101000 ?
b1010000110000000111011001 #
b1010000110000000111011001 -
b1111111111111111111111011111110001010100 "
b1111111111111111111111011111110001010100 6
b110111111 )
b11110011011110 &
b11110011011110 3
b1011110001111 %
b1011110001111 *
b10111010100111 '
b10111010100111 <
b1100100 :
b1100100 8
b1100100 1
b1100100 /
b1100100 C
b1100100 A
b1100100 D
b1100100 2
b1111111111111111111111011111110001010100 5
b1100100 ;
b1010000110000000111011001 ,
b1000000110010101001101101000 >
1$
#896
0$
#897
b1101100100001001100011000 !
b1101100100001001100011000 ?
b110010101101110010011110 #
b110010101101110010011110 -
b1111111111111111111111101100000101001100 "
b1111111111111111111111101100000101001100 6
b111000000 )
b10010110011110 &
b10010110011110 3
b11100000010101 %
b11100000010101 *
b110111110110 '
b110111110110 <
b1100100 :
b1100100 8
b1100100 1
b1100100 /
b1100100 C
b1100100 A
b1100100 D
b1100100 2
b1100100 ;
b1111111111111111111111101100000101001100 5
b110010101101110010011110 ,
b1101100100001001100011000 >
1$
#898
0$
#899
b1111111111111010101101001011010100100000 !
b1111111111111010101101001011010100100000 ?
b1111111111111111111101011001111001111110 #
b1111111111111111111101011001111001111110 -
b10011111010110100 "
b10011111010110100 6
b111000001 )
b1101101001100010 &
b1101101001100010 3
b11111011011110 %
b11111011011110 *
b1110100001110001 '
b1110100001110001 <
b1100100 :
b1100100 8
b1100100 1
b1100100 /
b1100100 C
b1100100 A
b1100100 D
b1100100 2
b1100100 ;
b10011111010110100 5
b1111111111111111111101011001111001111110 ,
b1111111111111010101101001011010100100000 >
1$
#900
0$
#901
b1111111111110101100011000000111001011001 !
b1111111111110101100011000000111001011001 ?
b1111111111111111001001010010011000110101 #
b1111111111111111001001010010011000110101 -
b100000001110101100 "
b100000001110101100 6
b111000010 )
b1100001100100010 &
b1100001100100010 3
b10100011001100 %
b10100011001100 *
b1100101100010001 '
b1100101100010001 <
b1100100 :
b1100100 8
b1100100 1
b1100100 /
b1100100 C
b1100100 A
b1100100 D
b1100100 2
b1100100 ;
b100000001110101100 5
b1111111111111111001001010010011000110101 ,
b1111111111110101100011000000111001011001 >
1$
#902
0$
#903
b1111111111110100000000001101101000000110 !
b1111111111110100000000001101101000000110 ?
b1111111111111110101110010010000111000001 #
b1111111111111110101110010010000111000001 -
b0 "
b0 6
b111000011 )
b0 &
b0 3
b0 %
b0 *
b1100000000000000 '
b1100000000000000 <
b1100100 :
b1100100 8
b1100100 1
b1100100 /
b1100100 C
b1100100 A
b1100100 D
b1100100 2
b1100100 ;
b0 5
b1111111111111110101110010010000111000001 ,
b1111111111110100000000001101101000000110 >
1$
#904
0$
#905
b1111111111110110100110111100010101001001 !
b1111111111110110100110111100010101001001 ?
b1111111111111110111000110010010001010110 #
b1111111111111110111000110010010001010110 -
b1111111111111111111111011111110001010100 "
b1111111111111111111111011111110001010100 6
b111000100 )
b11110011011110 &
b11110011011110 3
b1101011100110100 %
b1101011100110100 *
b1100101100010001 '
b1100101100010001 <
b1100100 :
b1100100 8
b1100100 1
b1100100 /
b1100100 C
b1100100 A
b1100100 D
b1100100 2
b1111111111111111111111011111110001010100 5
b1100100 ;
b1111111111111110111000110010010001010110 ,
b1111111111110110100110111100010101001001 >
1$
#906
0$
#907
b1111111111111100011101100010101001111101 !
b1111111111111100011101100010101001111101 ?
b1111111111111111100011111110010101101111 #
b1111111111111111100011111110010101101111 -
b1111111111111111111111101100000101001100 "
b1111111111111111111111101100000101001100 6
b111000101 )
b10010110011110 &
b10010110011110 3
b1100000100100010 %
b1100000100100010 *
b1110100001110001 '
b1110100001110001 <
b1100100 :
b1100100 8
b1100100 1
b1100100 /
b1100100 C
b1100100 A
b1100100 D
b1100100 2
b1100100 ;
b1111111111111111111111101100000101001100 5
b1111111111111111100011111110010101101111 ,
b1111111111111100011101100010101001111101 >
1$
#908
0$
#909
b11100010011101010110000011 !
b11100010011101010110000011 ?
b11100000001101010010001 #
b11100000001101010010001 -
b10011111010110100 "
b10011111010110100 6
b111000110 )
b1101101001100010 &
b1101101001100010 3
b1100011111101011 %
b1100011111101011 *
b110111110110 '
b110111110110 <
b1100100 :
b1100100 8
b1100100 1
b1100100 /
b1100100 C
b1100100 A
b1100100 D
b1100100 2
b1100100 ;
b10011111010110100 5
b11100000001101010010001 ,
b11100010011101010110000011 >
1$
#910
0$
#911
b1001011001000011101010110111 !
b1001011001000011101010110111 ?
b1000111001101101110101010 #
b1000111001101101110101010 -
b100000001110101100 "
b100000001110101100 6
b111000111 )
b1100001100100010 &
b1100001100100010 3
b1110100001110001 %
b1110100001110001 *
b10111010100111 '
b10111010100111 <
b1100100 :
b1100100 8
b1100100 1
b1100100 /
b1100100 C
b1100100 A
b1100100 D
b1100100 2
b1100100 ;
b100000001110101100 5
b1000111001101101110101010 ,
b1001011001000011101010110111 >
1$
#912
0$
#913
b1011111111110010010111111010 !
b1011111111110010010111111010 ?
b1010001101101111000111111 #
b1010001101101111000111111 -
b0 "
b0 6
b111001000 )
b0 &
b0 3
b1001111000111 %
b1001111000111 *
b11111100110110 '
b11111100110110 <
b1100100 :
b1100100 8
b1100100 1
b1100100 /
b1100100 C
b1100100 A
b1100100 D
b1100100 2
b1100100 ;
b0 5
b1010001101101111000111111 ,
b1011111111110010010111111010 >
1$
#914
0$
#915
b1010011100111111000110100111 !
b1010011100111111000110100111 ?
b110110101101100111001011 #
b110110101101100111001011 -
b1111111111111111111111011111110001010100 "
b1111111111111111111111011111110001010100 6
b111001001 )
b11110011011110 &
b11110011011110 3
b11011000001001 %
b11011000001001 *
b11100111101001 '
b11100111101001 <
b1100100 :
b1100100 8
b1100100 1
b1100100 /
b1100100 C
b1100100 A
b1100100 D
b1100100 2
b1111111111111111111111011111110001010100 5
b1100100 ;
b110110101101100111001011 ,
b1010011100111111000110100111 >
1$
#916
0$
#917
b101010010110100101011100000 !
b101010010110100101011100000 ?
b10100110000110000010 #
b10100110000110000010 -
b1111111111111111111111101100000101001100 "
b1111111111111111111111101100000101001100 6
b111001010 )
b10010110011110 &
b10010110011110 3
b11111101111111 %
b11111101111111 *
b10000010010100 '
b10000010010100 <
b1100100 :
b1100100 8
b1100100 1
b1100100 /
b1100100 C
b1100100 A
b1100100 D
b1100100 2
b1100100 ;
b1111111111111111111111101100000101001100 5
b10100110000110000010 ,
b101010010110100101011100000 >
1$
#918
0$
#919
b1111111111111110010011011110110011101000 !
b1111111111111110010011011110110011101000 ?
b1111111111111111001101010010001101100010 #
b1111111111111111001101010010001101100010 -
b10011111010110100 "
b10011111010110100 6
b111001011 )
b1101101001100010 &
b1101101001100010 3
b10101111010000 %
b10101111010000 *
b1111101111111011 '
b1111101111111011 <
b1100100 :
b1100100 8
b1100100 1
b1100100 /
b1100100 C
b1100100 A
b1100100 D
b1100100 2
b1100100 ;
b10011111010110100 5
b1111111111111111001101010010001101100010 ,
b1111111111111110010011011110110011101000 >
1$
#920
0$
#921
b1111111111110111111001101010110010011000 !
b1111111111110111111001101010110010011000 ?
b1111111111111110101111001111111000100111 #
b1111111111111110101111001111111000100111 -
b100000001110101100 "
b100000001110101100 6
b111001100 )
b1100001100100010 &
b1100001100100010 3
b10000000101 %
b10000000101 *
b1101100011000110 '
b1101100011000110 <
b1100100 :
b1100100 8
b1100100 1
b1100100 /
b1100100 C
b1100100 A
b1100100 D
b1100100 2
b1100100 ;
b100000001110101100 5
b1111111111111110101111001111111000100111 ,
b1111111111110111111001101010110010011000 >
1$
#922
0$
#923
b1111111111110100010011000111010001001111 !
b1111111111110100010011000111010001001111 ?
b1111111111111110110110010001010111100110 #
b1111111111111110110110010001010111100110 -
b0 "
b0 6
b111001101 )
b0 &
b0 3
b1101101001100010 %
b1101101001100010 *
b1100001100100010 '
b1100001100100010 <
b1100100 :
b1100100 8
b1100100 1
b1100100 /
b1100100 C
b1100100 A
b1100100 D
b1100100 2
b1100100 ;
b0 5
b1111111111111110110110010001010111100110 ,
b1111111111110100010011000111010001001111 >
1$
#924
0$
#925
b1111111111110100101111100011010001000100 !
b1111111111110100101111100011010001000100 ?
b1111111111111111011111001000010100111010 #
b1111111111111111011111001000010100111010 -
b1111111111111111111111011111110001010100 "
b1111111111111111111111011111110001010100 6
b111001110 )
b11110011011110 &
b11110011011110 3
b1100001000000011 %
b1100001000000011 *
b1100001010001011 '
b1100001010001011 <
b1100100 :
b1100100 8
b1100100 1
b1100100 /
b1100100 C
b1100100 A
b1100100 D
b1100100 2
b1111111111111111111111011111110001010100 5
b1100100 ;
b1111111111111111011111001000010100111010 ,
b1111111111110100101111100011010001000100 >
1$
#926
0$
#927
b1111111111111001000101001001010101110010 !
b1111111111111001000101001001010101110010 ?
b10111000100100010100110 #
b10111000100100010100110 -
b1111111111111111111111101100000101001100 "
b1111111111111111111111101100000101001100 6
b111001111 )
b10010110011110 &
b10010110011110 3
b1100011000010111 %
b1100011000010111 *
b1101011100110100 '
b1101011100110100 <
b1100100 :
b1100100 8
b1100100 1
b1100100 /
b1100100 C
b1100100 A
b1100100 D
b1100100 2
b1100100 ;
b1111111111111111111111101100000101001100 5
b10111000100100010100110 ,
b1111111111111001000101001001010101110010 >
1$
#928
0$
#929
b1111111111111111110011111001010010010111 !
b1111111111111111110011111001010010010111 ?
b1000100011010110010000011 #
b1000100011010110010000011 -
b10011111010110100 "
b10011111010110100 6
b111010000 )
b1101101001100010 &
b1101101001100010 3
b1110010011000000 %
b1110010011000000 *
b1111100111111010 '
b1111100111111010 <
b1100100 :
b1100100 8
b1100100 1
b1100100 /
b1100100 C
b1100100 A
b1100100 D
b1100100 2
b1100100 ;
b10011111010110100 5
b1000100011010110010000011 ,
b1111111111111111110011111001010010010111 >
1$
#930
0$
#931
b110100110110101000010101011 !
b110100110110101000010101011 ?
b1010010010111000000110100 #
b1010010010111000000110100 -
b100000001110101100 "
b100000001110101100 6
b111010001 )
b1100001100100010 &
b1100001100100010 3
b111111101011 %
b111111101011 *
b1111011010101 '
b1111011010101 <
b1100100 :
b1100100 8
b1100100 1
b1100100 /
b1100100 C
b1100100 A
b1100100 D
b1100100 2
b1100100 ;
b100000001110101100 5
b1010010010111000000110100 ,
b110100110110101000010101011 >
1$
#932
0$
#933
b1011000111100001111011101011 !
b1011000111100001111011101011 ?
b111010011111110000001101 #
b111010011111110000001101 -
b0 "
b0 6
b111010010 )
b0 &
b0 3
b11001111000111 %
b11001111000111 *
b11100100000110 '
b11100100000110 <
b1100100 :
b1100100 8
b1100100 1
b1100100 /
b1100100 C
b1100100 A
b1100100 D
b1100100 2
b1100100 ;
b0 5
b111010011111110000001101 ,
b1011000111100001111011101011 >
1$
#934
0$
#935
b1011110010001001111100111010 !
b1011110010001001111100111010 ?
b111110010000001010001 #
b111110010000001010001 -
b1111111111111111111111011111110001010100 "
b1111111111111111111111011111110001010100 6
b111010011 )
b11110011011110 &
b11110011011110 3
b11111111100000 %
b11111111100000 *
b11111101111111 '
b11111101111111 <
b1100100 :
b1100100 8
b1100100 1
b1100100 /
b1100100 C
b1100100 A
b1100100 D
b1100100 2
b1111111111111111111111011111110001010100 5
b1100100 ;
b111110010000001010001 ,
b1011110010001001111100111010 >
1$
#936
0$
#937
b1000010111111101101010111101 !
b1000010111111101101010111101 ?
b1111111111111111010001011111100100011010 #
b1111111111111111010001011111100100011010 -
b1111111111111111111111101100000101001100 "
b1111111111111111111111101100000101001100 6
b111010100 )
b10010110011110 &
b10010110011110 3
b10111010100111 %
b10111010100111 *
b11000000000010 '
b11000000000010 <
b1100100 :
b1100100 8
b1100100 1
b1100100 /
b1100100 C
b1100100 A
b1100100 D
b1100100 2
b1100100 ;
b1111111111111111111111101100000101001100 5
b1111111111111111010001011111100100011010 ,
b1000010111111101101010111101 >
1$
#938
0$
#939
b10000100011010100000101100 !
b10000100011010100000101100 ?
b1111111111111110110000100011001000100101 #
b1111111111111110110000100011001000100101 -
b10011111010110100 "
b10011111010110100 6
b111010101 )
b1101101001100010 &
b1101101001100010 3
b100000000101 %
b100000000101 *
b111111101011 '
b111111101011 <
b1100100 :
b1100100 8
b1100100 1
b1100100 /
b1100100 C
b1100100 A
b1100100 D
b1100100 2
b1100100 ;
b10011111010110100 5
b1111111111111110110000100011001000100101 ,
b10000100011010100000101100 >
1$
#940
0$
#941
b1111111111111011000011000100100010010011 !
b1111111111111011000011000100100010010011 ?
b1111111111111110110100000100011110100100 #
b1111111111111110110100000100011110100100 -
b100000001110101100 "
b100000001110101100 6
b111010110 )
b1100001100100010 &
b1100001100100010 3
b1101110110110101 %
b1101110110110101 *
b1110101001010010 '
b1110101001010010 <
b1100100 :
b1100100 8
b1100100 1
b1100100 /
b1100100 C
b1100100 A
b1100100 D
b1100100 2
b1100100 ;
b100000001110101100 5
b1111111111111110110100000100011110100100 ,
b1111111111111011000011000100100010010011 >
1$
#942
0$
#943
b1111111111110101101111010101011001010111 !
b1111111111110101101111010101011001010111 ?
b1111111111111111011010011100001101010110 #
b1111111111111111011010011100001101010110 -
b0 "
b0 6
b111010111 )
b0 &
b0 3
b1100001100100010 %
b1100001100100010 *
b1100110000111001 '
b1100110000111001 <
b1100100 :
b1100100 8
b1100100 1
b1100100 /
b1100100 C
b1100100 A
b1100100 D
b1100100 2
b1100100 ;
b0 5
b1111111111111111011010011100001101010110 ,
b1111111111110101101111010101011001010111 >
1$
#944
0$
#945
b1111111111110011111110101100101110110110 !
b1111111111110011111110101100101110110110 ?
b10010000011001110111111 #
b10010000011001110111111 -
b1111111111111111111111011111110001010100 "
b1111111111111111111111011111110001010100 6
b111011000 )
b11110011011110 &
b11110011011110 3
b1100010001111111 %
b1100010001111111 *
b1100000000001000 '
b1100000000001000 <
b1100100 :
b1100100 8
b1100100 1
b1100100 /
b1100100 C
b1100100 A
b1100100 D
b1100100 2
b1111111111111111111111011111110001010100 5
b1100100 ;
b10010000011001110111111 ,
b1111111111110011111110101100101110110110 >
1$
#946
0$
#947
b1111111111110110011000000111100101011111 !
b1111111111110110011000000111100101011111 ?
b1000001011000000011111100 #
b1000001011000000011111100 -
b1111111111111111111111101100000101001100 "
b1111111111111111111111101100000101001100 6
b111011001 )
b10010110011110 &
b10010110011110 3
b1110000100101011 %
b1110000100101011 *
b1100100111110111 '
b1100100111110111 <
b1100100 :
b1100100 8
b1100100 1
b1100100 /
b1100100 C
b1100100 A
b1100100 D
b1100100 2
b1100100 ;
b1111111111111111111111101100000101001100 5
b1000001011000000011111100 ,
b1111111111110110011000000111100101011111 >
1$
#948
0$
#949
b1111111111111100000110100010001101100001 !
b1111111111111100000110100010001101100001 ?
b1010010101100100010000011 #
b1010010101100100010000011 -
b10011111010110100 "
b10011111010110100 6
b111011010 )
b1101101001100010 &
b1101101001100010 3
b101111111110 %
b101111111110 *
b1110011010010101 '
b1110011010010101 <
b1100100 :
b1100100 8
b1100100 1
b1100100 /
b1100100 C
b1100100 A
b1100100 D
b1100100 2
b1100100 ;
b10011111010110100 5
b1010010101100100010000011 ,
b1111111111111100000110100010001101100001 >
1$
#950
0$
#951
b11001011001110011101001001 !
b11001011001110011101001001 ?
b111110000011110111100111 #
b111110000011110111100111 -
b100000001110101100 "
b100000001110101100 6
b111011011 )
b1100001100100010 &
b1100001100100010 3
b11000101010000 %
b11000101010000 *
b101111111110 '
b101111111110 <
b1100100 :
b1100100 8
b1100100 1
b1100100 /
b1100100 C
b1100100 A
b1100100 D
b1100100 2
b1100100 ;
b100000001110101100 5
b111110000011110111100111 ,
b11001011001110011101001001 >
1$
#952
0$
#953
b1001001001101000100100010100 !
b1001001001101000100100010100 ?
b1100111100001100110010 #
b1100111100001100110010 -
b0 "
b0 6
b111011100 )
b0 &
b0 3
b100000000000000 %
b100000000000000 *
b10110101000001 '
b10110101000001 <
b1100100 :
b1100100 8
b1100100 1
b1100100 /
b1100100 C
b1100100 A
b1100100 D
b1100100 2
b1100100 ;
b0 5
b1100111100001100110010 ,
b1001001001101000100100010100 >
1$
#954
0$
#955
b1011111101100000011011000111 !
b1011111101100000011011000111 ?
b1111111111111111010101111000010111001101 #
b1111111111111111010101111000010111001101 -
b1111111111111111111111011111110001010100 "
b1111111111111111111111011111110001010100 6
b111011101 )
b11110011011110 &
b11110011011110 3
b11000101010000 %
b11000101010000 *
b11111011011110 '
b11111011011110 <
b1100100 :
b1100100 8
b1100100 1
b1100100 /
b1100100 C
b1100100 A
b1100100 D
b1100100 2
b1111111111111111111111011111110001010100 5
b1100100 ;
b1111111111111111010101111000010111001101 ,
b1011111101100000011011000111 >
1$
#956
0$
#957
b1010101000101000110000011001 !
b1010101000101000110000011001 ?
b1111111111111110110010001001101100000000 #
b1111111111111110110010001001101100000000 -
b1111111111111111111111101100000101001100 "
b1111111111111111111111101100000101001100 6
b111011110 )
b10010110011110 &
b10010110011110 3
b101111111110 %
b101111111110 *
b11101010111100 '
b11101010111100 <
b1100100 :
b1100100 8
b1100100 1
b1100100 /
b1100100 C
b1100100 A
b1100100 D
b1100100 2
b1100100 ;
b1111111111111111111111101100000101001100 5
b1111111111111110110010001001101100000000 ,
b1010101000101000110000011001 >
1$
#958
0$
#959
b101101000011000000010001100 !
b101101000011000000010001100 ?
b10011111010110100 "
b10011111010110100 6
b111011111 )
b1101101001100010 &
b1101101001100010 3
b1110000100101011 %
b1110000100101011 *
b10001001001011 '
b10001001001011 <
b1100100 :
b1100100 8
b1100100 1
b1100100 /
b1100100 C
b1100100 A
b1100100 D
b1100100 2
b1100100 ;
b10011111010110100 5
b1111111111111110110010001001101100000000 ,
b101101000011000000010001100 >
1$
#960
0$
#961
b1111111111111110101011011110110100100100 !
b1111111111111110101011011110110100100100 ?
b1111111111111111010101111000010111001101 #
b1111111111111111010101111000010111001101 -
b100000001110101100 "
b100000001110101100 6
b111100000 )
b1100001100100010 &
b1100001100100010 3
b1100010001111111 %
b1100010001111111 *
b1111110111111101 '
b1111110111111101 <
b1100100 :
b1100100 8
b1100100 1
b1100100 /
b1100100 C
b1100100 A
b1100100 D
b1100100 2
b1100100 ;
b100000001110101100 5
b1111111111111111010101111000010111001101 ,
b1111111111111110101011011110110100100100 >
1$
#962
0$
#963
b1111111111111000001011110100010001100110 !
b1111111111111000001011110100010001100110 ?
b1100111100001100110010 #
b1100111100001100110010 -
b0 "
b0 6
b111100001 )
b0 &
b0 3
b1100001100100010 %
b1100001100100010 *
b1101101001100010 '
b1101101001100010 <
b1100100 :
b1100100 8
b1100100 1
b1100100 /
b1100100 C
b1100100 A
b1100100 D
b1100100 2
b1100100 ;
b0 5
b1100111100001100110010 ,
b1111111111111000001011110100010001100110 >
1$
#964
0$
#965
b1111111111110100011001001000100111010111 !
b1111111111110100011001001000100111010111 ?
b111110000011110111100111 #
b111110000011110111100111 -
b1111111111111111111111011111110001010100 "
b1111111111111111111111011111110001010100 6
b111100010 )
b11110011011110 &
b11110011011110 3
b1101110110110101 %
b1101110110110101 *
b1100001111001001 '
b1100001111001001 <
b1100100 :
b1100100 8
b1100100 1
b1100100 /
b1100100 C
b1100100 A
b1100100 D
b1100100 2
b1111111111111111111111011111110001010100 5
b1100100 ;
b111110000011110111100111 ,
b1111111111110100011001001000100111010111 >
1$
#966
0$
#967
b1111111111110100100111010111010100110100 !
b1111111111110100100111010111010100110100 ?
b1010010101100100010000011 #
b1010010101100100010000011 -
b1111111111111111111111101100000101001100 "
b1111111111111111111111101100000101001100 6
b111100011 )
b10010110011110 &
b10010110011110 3
b100000000101 %
b100000000101 *
b1100001000000011 '
b1100001000000011 <
b1100100 :
b1100100 8
b1100100 1
b1100100 /
b1100100 C
b1100100 A
b1100100 D
b1100100 2
b1100100 ;
b1111111111111111111111101100000101001100 5
b1010010101100100010000011 ,
b1111111111110100100111010111010100110100 >
1$
#968
0$
#969
b1111111111111000110001100101011110101100 !
b1111111111111000110001100101011110101100 ?
b1000001011000000011111100 #
b1000001011000000011111100 -
b10011111010110100 "
b10011111010110100 6
b111100100 )
b1101101001100010 &
b1101101001100010 3
b10111010100111 %
b10111010100111 *
b1101010110101101 '
b1101010110101101 <
b1100100 :
b1100100 8
b1100100 1
b1100100 /
b1100100 C
b1100100 A
b1100100 D
b1100100 2
b1100100 ;
b10011111010110100 5
b1000001011000000011111100 ,
b1111111111111000110001100101011110101100 >
1$
#970
0$
#971
b1111111111111111011011101110101001100000 !
b1111111111111111011011101110101001100000 ?
b10010000011001110111111 #
b10010000011001110111111 -
b100000001110101100 "
b100000001110101100 6
b111100101 )
b1100001100100010 &
b1100001100100010 3
b11111111100000 %
b11111111100000 *
b1111011111111011 '
b1111011111111011 <
b1100100 :
b1100100 8
b1100100 1
b1100100 /
b1100100 C
b1100100 A
b1100100 D
b1100100 2
b1100100 ;
b100000001110101100 5
b10010000011001110111111 ,
b1111111111111111011011101110101001100000 >
1$
#972
0$
#973
b110010010011010101110011110 !
b110010010011010101110011110 ?
b1111111111111111011010011100001101010110 #
b1111111111111111011010011100001101010110 -
b0 "
b0 6
b111100110 )
b0 &
b0 3
b11001111000111 %
b11001111000111 *
b1110100001110 '
b1110100001110 <
b1100100 :
b1100100 8
b1100100 1
b1100100 /
b1100100 C
b1100100 A
b1100100 D
b1100100 2
b1100100 ;
b0 5
b1111111111111111011010011100001101010110 ,
b110010010011010101110011110 >
1$
#974
0$
#975
b1010111101111011111010100010 !
b1010111101111011111010100010 ?
b1111111111111110110100000100011110100100 #
b1111111111111110110100000100011110100100 -
b1111111111111111111111011111110001010100 "
b1111111111111111111111011111110001010100 6
b111100111 )
b11110011011110 &
b11110011011110 3
b111111101011 %
b111111101011 *
b11100000010101 '
b11100000010101 <
b1100100 :
b1100100 8
b1100100 1
b1100100 /
b1100100 C
b1100100 A
b1100100 D
b1100100 2
b1111111111111111111111011111110001010100 5
b1100100 ;
b1111111111111110110100000100011110100100 ,
b1010111101111011111010100010 >
1$
#976
0$
#977
b1011110110101100101111111100 !
b1011110110101100101111111100 ?
b1111111111111110110000100011001000100101 #
b1111111111111110110000100011001000100101 -
b1111111111111111111111101100000101001100 "
b1111111111111111111111101100000101001100 6
b111101000 )
b10010110011110 &
b10010110011110 3
b1110010011000000 %
b1110010011000000 *
b11111110110111 '
b11111110110111 <
b1100100 :
b1100100 8
b1100100 1
b1100100 /
b1100100 C
b1100100 A
b1100100 D
b1100100 2
b1100100 ;
b1111111111111111111111101100000101001100 5
b1111111111111110110000100011001000100101 ,
b1011110110101100101111111100 >
1$
#978
0$
#979
b1000101001000100110101000011 !
b1000101001000100110101000011 ?
b1111111111111111010001011111100100011010 #
b1111111111111111010001011111100100011010 -
b10011111010110100 "
b10011111010110100 6
b111101001 )
b1101101001100010 &
b1101101001100010 3
b1100011000010111 %
b1100011000010111 *
b11000101010000 '
b11000101010000 <
b1100100 :
b1100100 8
b1100100 1
b1100100 /
b1100100 C
b1100100 A
b1100100 D
b1100100 2
b1100100 ;
b10011111010110100 5
b1111111111111111010001011111100100011010 ,
b1000101001000100110101000011 >
1$
#980
0$
#981
b10011100001011010101010010 !
b10011100001011010101010010 ?
b111110010000001010001 #
b111110010000001010001 -
b100000001110101100 "
b100000001110101100 6
b111101010 )
b1100001100100010 &
b1100001100100010 3
b1100001000000011 %
b1100001000000011 *
b1000111011011 '
b1000111011011 <
b1100100 :
b1100100 8
b1100100 1
b1100100 /
b1100100 C
b1100100 A
b1100100 D
b1100100 2
b1100100 ;
b100000001110101100 5
b111110010000001010001 ,
b10011100001011010101010010 >
1$
#982
0$
#983
b1111111111111011011001010001000011001000 !
b1111111111111011011001010001000011001000 ?
b111010011111110000001101 #
b111010011111110000001101 -
b0 "
b0 6
b111101011 )
b0 &
b0 3
b1101101001100010 %
b1101101001100010 *
b1110110000111001 '
b1110110000111001 <
b1100100 :
b1100100 8
b1100100 1
b1100100 /
b1100100 C
b1100100 A
b1100100 D
b1100100 2
b1100100 ;
b0 5
b111010011111110000001101 ,
b1111111111111011011001010001000011001000 >
1$
#984
0$
#985
b1111111111110101111100010010010000101101 !
b1111111111110101111100010010010000101101 ?
b1010010010111000000110100 #
b1010010010111000000110100 -
b1111111111111111111111011111110001010100 "
b1111111111111111111111011111110001010100 6
b111101100 )
b11110011011110 &
b11110011011110 3
b10000000101 %
b10000000101 *
b1100110101101110 '
b1100110101101110 <
b1100100 :
b1100100 8
b1100100 1
b1100100 /
b1100100 C
b1100100 A
b1100100 D
b1100100 2
b1111111111111111111111011111110001010100 5
b1100100 ;
b1010010010111000000110100 ,
b1111111111110101111100010010010000101101 >
1$
#986
0$
#987
b1111111111110011111101111011001011100011 !
b1111111111110011111101111011001011100011 ?
b1000100011010110010000011 #
b1000100011010110010000011 -
b1111111111111111111111101100000101001100 "
b1111111111111111111111101100000101001100 6
b111101101 )
b10010110011110 &
b10010110011110 3
b10101111010000 %
b10101111010000 *
b1100000000100000 '
b1100000000100000 <
b1100100 :
b1100100 8
b1100100 1
b1100100 /
b1100100 C
b1100100 A
b1100100 D
b1100100 2
b1100100 ;
b1111111111111111111111101100000101001100 5
b1000100011010110010000011 ,
b1111111111110011111101111011001011100011 >
1$
#988
0$
#989
b1111111111110110001001111000100111100001 !
b1111111111110110001001111000100111100001 ?
b10111000100100010100110 #
b10111000100100010100110 -
b10011111010110100 "
b10011111010110100 6
b111101110 )
b1101101001100010 &
b1101101001100010 3
b11111101111111 %
b11111101111111 *
b1100100011101010 '
b1100100011101010 <
b1100100 :
b1100100 8
b1100100 1
b1100100 /
b1100100 C
b1100100 A
b1100100 D
b1100100 2
b1100100 ;
b10011111010110100 5
b10111000100100010100110 ,
b1111111111110110001001111000100111100001 >
1$
#990
0$
#991
b1111111111111011101111110000101110111111 !
b1111111111111011101111110000101110111111 ?
b1111111111111111011111001000010100111010 #
b1111111111111111011111001000010100111010 -
b100000001110101100 "
b100000001110101100 6
b111101111 )
b1100001100100010 &
b1100001100100010 3
b11011000001001 %
b11011000001001 *
b1110010011000000 '
b1110010011000000 <
b1100100 :
b1100100 8
b1100100 1
b1100100 /
b1100100 C
b1100100 A
b1100100 D
b1100100 2
b1100100 ;
b100000001110101100 5
b1111111111111111011111001000010100111010 ,
b1111111111111011101111110000101110111111 >
1$
#992
0$
#993
b10110011110010011001011010 !
b10110011110010011001011010 ?
b1111111111111110110110010001010111100110 #
b1111111111111110110110010001010111100110 -
b0 "
b0 6
b111110000 )
b0 &
b0 3
b1001111000111 %
b1001111000111 *
b101000000011 '
b101000000011 <
b1100100 :
b1100100 8
b1100100 1
b1100100 /
b1100100 C
b1100100 A
b1100100 D
b1100100 2
b1100100 ;
b0 5
b1111111111111110110110010001010111100110 ,
b10110011110010011001011010 >
1$
#994
0$
#995
b1000111001101000100110111110 !
b1000111001101000100110111110 ?
b1111111111111110101111001111111000100111 #
b1111111111111110101111001111111000100111 -
b1111111111111111111111011111110001010100 "
b1111111111111111111111011111110001010100 6
b111110001 )
b11110011011110 &
b11110011011110 3
b1110100001110001 %
b1110100001110001 *
b10101111010000 '
b10101111010000 <
b1100100 :
b1100100 8
b1100100 1
b1100100 /
b1100100 C
b1100100 A
b1100100 D
b1100100 2
b1111111111111111111111011111110001010100 5
b1100100 ;
b1111111111111110101111001111111000100111 ,
b1000111001101000100110111110 >
1$
#996
0$
#997
b1011111010011110101000000100 !
b1011111010011110101000000100 ?
b1111111111111111001101010010001101100010 #
b1111111111111111001101010010001101100010 -
b1111111111111111111111101100000101001100 "
b1111111111111111111111101100000101001100 6
b111110010 )
b10010110011110 &
b10010110011110 3
b1100011111101011 %
b1100011111101011 *
b11111001110101 '
b11111001110101 <
b1100100 :
b1100100 8
b1100100 1
b1100100 /
b1100100 C
b1100100 A
b1100100 D
b1100100 2
b1100100 ;
b1111111111111111111111101100000101001100 5
b1111111111111111001101010010001101100010 ,
b1011111010011110101000000100 >
1$
#998
0$
#999
b1010110011101000000110111000 !
b1010110011101000000110111000 ?
b10100110000110000010 #
b10100110000110000010 -
b10011111010110100 "
b10011111010110100 6
b111110011 )
b1101101001100010 &
b1101101001100010 3
b1100000100100010 %
b1100000100100010 *
b11101110000001 '
b11101110000001 <
b1100100 :
b1100100 8
b1100100 1
b1100100 /
b1100100 C
b1100100 A
b1100100 D
b1100100 2
b1100100 ;
b10011111010110100 5
b10100110000110000010 ,
b1010110011101000000110111000 >
1$
#1000
0$
#1001
b101111101100101010001100010 !
b101111101100101010001100010 ?
b110110101101100111001011 #
b110110101101100111001011 -
b100000001110101100 "
b100000001110101100 6
b111110100 )
b1100001100100010 &
b1100001100100010 3
b1101011100110100 %
b1101011100110100 *
b10001111111001 '
b10001111111001 <
b1100100 :
b1100100 8
b1100100 1
b1100100 /
b1100100 C
b1100100 A
b1100100 D
b1100100 2
b1100100 ;
b100000001110101100 5
b110110101101100111001011 ,
b101111101100101010001100010 >
1$
#1002
0$
#1003
b1111111111111111000011100100100011011111 !
b1111111111111111000011100100100011011111 ?
b1010001101101111000111111 #
b1010001101101111000111111 -
b0 "
b0 6
b111110101 )
b0 &
b0 3
b0 %
b0 *
b0 '
b0 <
b1100100 :
b1100100 8
b1100100 1
b1100100 /
b1100100 C
b1100100 A
b1100100 D
b1100100 2
b1100100 ;
b0 5
b1010001101101111000111111 ,
b1111111111111111000011100100100011011111 >
1$
#1004
0$
#1005
b1111111111111000011110011101010010101011 !
b1111111111111000011110011101010010101011 ?
b1000111001101101110101010 #
b1000111001101101110101010 -
b1111111111111111111111011111110001010100 "
b1111111111111111111111011111110001010100 6
b111110110 )
b10100011001100 %
b10100011001100 *
b1101110000000111 '
b1101110000000111 <
b1100100 :
b1100100 8
b1100100 1
b1100100 /
b1100100 C
b1100100 A
b1100100 D
b1100100 2
b1111111111111111111111011111110001010100 5
b1100100 ;
b1000111001101101110101010 ,
b1111111111111000011110011101010010101011 >
1$
#1006
0$
#1007
b1111111111110100011111111000010010000011 !
b1111111111110100011111111000010010000011 ?
b11100000001101010010001 #
b11100000001101010010001 -
b1111111111111111111111101100000101001100 "
b1111111111111111111111101100000101001100 6
b111110111 )
b11111011011110 %
b11111011011110 *
b1100010001111111 '
b1100010001111111 <
b1100100 :
b1100100 8
b1100100 1
b1100100 /
b1100100 C
b1100100 A
b1100100 D
b1100100 2
b1100100 ;
b1111111111111111111111101100000101001100 5
b11100000001101010010001 ,
b1111111111110100011111111000010010000011 >
1$
#1008
0$
#1009
b1111111111111111100011111110010101101111 #
b1111111111111111100011111110010101101111 -
b10011111010110100 "
b10011111010110100 6
b111111000 )
b11100000010101 %
b11100000010101 *
b1100000110001011 '
b1100000110001011 <
b1100100 :
b1100100 8
b1100100 1
b1100100 /
b1100100 C
b1100100 A
b1100100 D
b1100100 2
b1100100 ;
b10011111010110100 5
b1111111111111111100011111110010101101111 ,
b1111111111110100011111111000010010000011 >
1$
#1010
0$
#1011
b1111111111111000011110011101010010101011 !
b1111111111111000011110011101010010101011 ?
b1111111111111110111000110010010001010110 #
b1111111111111110111000110010010001010110 -
b101011101001000110 "
b101011101001000110 6
b111111001 )
b1011110001111 %
b1011110001111 *
b1101010000110000 '
b1101010000110000 <
b1100100 :
b1100100 8
b1100100 1
b1100100 /
b1100100 C
b1100100 A
b1100100 D
b1100100 2
b1100100 ;
b101011101001000110 5
b1111111111111110111000110010010001010110 ,
b1111111111111000011110011101010010101011 >
1$
#1012
0$
#1013
b1111111111111111000011100100100011011111 !
b1111111111111111000011100100100011011111 ?
b1111111111111110101110010010000111000001 #
b1111111111111110101110010010000111000001 -
b100001101011101100 "
b100001101011101100 6
b111111010 )
b1110110000111001 %
b1110110000111001 *
b1111010111111101 '
b1111010111111101 <
b1100100 :
b1100100 8
b1100100 1
b1100100 /
b1100100 C
b1100100 A
b1100100 D
b1100100 2
b1100100 ;
b100001101011101100 5
b1111111111111110101110010010000111000001 ,
b1111111111111111000011100100100011011111 >
1$
#1014
0$
#1015
b101111101100101010001100010 !
b101111101100101010001100010 ?
b1111111111111111001001010010011000110101 #
b1111111111111111001001010010011000110101 -
b1011011010011010 "
b1011011010011010 6
b111111011 )
b1100100111110111 %
b1100100111110111 *
b1101101000000 '
b1101101000000 <
b1100100 :
b1100100 8
b1100100 1
b1100100 /
b1100100 C
b1100100 A
b1100100 D
b1100100 2
b1100100 ;
b1011011010011010 5
b1111111111111111001001010010011000110101 ,
b101111101100101010001100010 >
1$
#1016
0$
#1017
b1010110011101000000110111000 !
b1010110011101000000110111000 ?
b1111111111111111111101011001111001111110 #
b1111111111111111111101011001111001111110 -
b11110011011110 "
b11110011011110 6
b111111100 )
b1100000010000001 %
b1100000010000001 *
b11011100010110 '
b11011100010110 <
b1100100 :
b1100100 8
b1100100 1
b1100100 /
b1100100 C
b1100100 A
b1100100 D
b1100100 2
b1100100 ;
b11110011011110 5
b1111111111111111111101011001111001111110 ,
b1010110011101000000110111000 >
1$
#1018
0$
#1019
b1011111010011110101000000100 !
b1011111010011110101000000100 ?
b110010101101110010011110 #
b110010101101110010011110 -
b10010110011110 "
b10010110011110 6
b111111101 )
b1101010000110000 %
b1101010000110000 *
b11111111100000 '
b11111111100000 <
b1100100 :
b1100100 8
b1100100 1
b1100100 /
b1100100 C
b1100100 A
b1100100 D
b1100100 2
b1100100 ;
b10010110011110 5
b110010101101110010011110 ,
b1011111010011110101000000100 >
1$
#1020
0$
#1021
b1000111001101000100110111110 !
b1000111001101000100110111110 ?
b1010000110000000111011001 #
b1010000110000000111011001 -
b1111111111111111111111101110011011101010 "
b1111111111111111111111101110011011101010 6
b111111110 )
b1111101111111011 %
b1111101111111011 *
b11001010010010 '
b11001010010010 <
b1100100 :
b1100100 8
b1100100 1
b1100100 /
b1100100 C
b1100100 A
b1100100 D
b1100100 2
b1100100 ;
b1111111111111111111111101110011011101010 5
b1010000110000000111011001 ,
b1000111001101000100110111110 >
1$
#1022
0$
#1023
b10110011110010011001011010 !
b10110011110010011001011010 ?
b1001001101110101000011010 #
b1001001101110101000011010 -
b1111111111111111111111001000111100100000 "
b1111111111111111111111001000111100100000 6
b111111111 )
b10010110011110 %
b10010110011110 *
b1001111000111 '
b1001111000111 <
b1100100 :
b1100100 8
b1100100 1
b1100100 /
b1100100 C
b1100100 A
b1100100 D
b1100100 2
b1100100 ;
b1111111111111111111111001000111100100000 5
b1001001101110101000011010 ,
b10110011110010011001011010 >
1$
#1024
0$
#1025
b1111111111111011101111110000101110111111 !
b1111111111111011101111110000101110111111 ?
b100000110111101011000110 #
b100000110111101011000110 -
b1111111111111111111110110110011110101100 "
b1111111111111111111110110110011110101100 6
b1000000000 )
b11110111111101 %
b11110111111101 *
b1110111000100101 '
b1110111000100101 <
b1100100 :
b1100100 8
b1100100 1
b1100100 /
b1100100 C
b1100100 A
b1100100 D
b1100100 2
b1100100 ;
b1111111111111111111110110110011110101100 5
b100000110111101011000110 ,
b1111111111111011101111110000101110111111 >
1$
#1026
0$
#1027
b1111111111110110001001111000100111100001 !
b1111111111110110001001111000100111100001 ?
b1111111111111111101000111011011101011010 #
b1111111111111111101000111011011101011010 -
b1111111111111111111111010100010110111010 "
b1111111111111111111111010100010110111010 6
b1000000001 )
b11100111101001 %
b11100111101001 *
b1100111010110000 '
b1100111010110000 <
b1100100 :
b1100100 8
b1100100 1
b1100100 /
b1100100 C
b1100100 A
b1100100 D
b1100100 2
b1100100 ;
b1111111111111111111111010100010110111010 5
b1111111111111111101000111011011101011010 ,
b1111111111110110001001111000100111100001 >
1$
#1028
0$
#1029
b1111111111110011111101111011001011100011 !
b1111111111110011111101111011001011100011 ?
b1111111111111110111011100101001101111101 #
b1111111111111110111011100101001101111101 -
b10111101110010010 "
b10111101110010010 6
b1000000010 )
b1101101000000 %
b1101101000000 *
b1100000001001001 '
b1100000001001001 <
b1100100 :
b1100100 8
b1100100 1
b1100100 /
b1100100 C
b1100100 A
b1100100 D
b1100100 2
b1100100 ;
b10111101110010010 5
b1111111111111110111011100101001101111101 ,
b1111111111110011111101111011001011100011 >
1$
#1030
0$
#1031
b1111111111110101111100010010010000101101 !
b1111111111110101111100010010010000101101 ?
b1111111111111110101101101000111111001100 #
b1111111111111110101101101000111111001100 -
b1010100111011101110 "
b1010100111011101110 6
b1000000011 )
b1111000000010101 %
b1111000000010101 *
b1100011111101011 '
b1100011111101011 <
b1100100 :
b1100100 8
b1100100 1
b1100100 /
b1100100 C
b1100100 A
b1100100 D
b1100100 2
b1100100 ;
b1010100111011101110 5
b1111111111111110101101101000111111001100 ,
b1111111111110101111100010010010000101101 >
1$
#1032
0$
#1033
b1111111111111011011001010001000011001000 !
b1111111111111011011001010001000011001000 ?
b1111111111111111000101100000001111110011 #
b1111111111111111000101100000001111110011 -
b1101100101010000000 "
b1101100101010000000 6
b1000000100 )
b1100110000111001 %
b1100110000111001 *
b1110001011110010 '
b1110001011110010 <
b1100100 :
b1100100 8
b1100100 1
b1100100 /
b1100100 C
b1100100 A
b1100100 D
b1100100 2
b1100100 ;
b1101100101010000000 5
b1111111111111111000101100000001111110011 ,
b1111111111111011011001010001000011001000 >
1$
#1034
0$
#1035
b10011100001011010101010010 !
b10011100001011010101010010 ?
b1111111111111111111000001101111110101111 #
b1111111111111111111000001101111110101111 -
b1011100100010101010 "
b1011100100010101010 6
b1000000101 )
b1100000000100000 %
b1100000000100000 *
b100000000101 '
b100000000101 <
b1100100 :
b1100100 8
b1100100 1
b1100100 /
b1100100 C
b1100100 A
b1100100 D
b1100100 2
b1100100 ;
b1011100100010101010 5
b1111111111111111111000001101111110101111 ,
b10011100001011010101010010 >
1$
#1036
0$
#1037
b1000101001000100110101000011 !
b1000101001000100110101000011 ?
b101110100000011011100110 #
b101110100000011011100110 -
b101111011100100100 "
b101111011100100100 6
b1000000110 )
b1101000101011001 %
b1101000101011001 *
b10101001010011 '
b10101001010011 <
b1100100 :
b1100100 8
b1100100 1
b1100100 /
b1100100 C
b1100100 A
b1100100 D
b1100100 2
b1100100 ;
b101111011100100100 5
b101110100000011011100110 ,
b1000101001000100110101000011 >
1$
#1038
0$
#1039
b1011110110101100101111111100 !
b1011110110101100101111111100 ?
b1001111011100110111011011 #
b1001111011100110111011011 -
b1111111111111111111111101010101000001100 "
b1111111111111111111111101010101000001100 6
b1000000111 )
b1111011111111011 %
b1111011111111011 *
b11110111111101 '
b11110111111101 <
b1100100 :
b1100100 8
b1100100 1
b1100100 /
b1100100 C
b1100100 A
b1100100 D
b1100100 2
b1100100 ;
b1111111111111111111111101010101000001100 5
b1001111011100110111011011 ,
b1011110110101100101111111100 >
1$
#1040
0$
#1041
b1010111101111011111010100010 !
b1010111101111011111010100010 ?
b1001011111011100001011100 #
b1001011111011100001011100 -
b1111111111111111111110010001111001000000 "
b1111111111111111111110010001111001000000 6
b1000001000 )
b10001001001011 %
b10001001001011 *
b11110000110111 '
b11110000110111 <
b1100100 :
b1100100 8
b1100100 1
b1100100 /
b1100100 C
b1100100 A
b1100100 D
b1100100 2
b1100100 ;
b1111111111111111111110010001111001000000 5
b1001011111011100001011100 ,
b1010111101111011111010100010 >
1$
#1042
0$
#1043
b110010010011010101110011110 !
b110010010011010101110011110 ?
b100101100011110010101010 #
b100101100011110010101010 -
b1111111111111111111101000000110000110000 "
b1111111111111111111101000000110000110000 6
b1000001001 )
b11110011011110 %
b11110011011110 *
b10010110011110 '
b10010110011110 <
b1100100 :
b1100100 8
b1100100 1
b1100100 /
b1100100 C
b1100100 A
b1100100 D
b1100100 2
b1100100 ;
b1111111111111111111101000000110000110000 5
b100101100011110010101010 ,
b110010010011010101110011110 >
1$
#1044
0$
#1045
b1111111111111111011011101110101001100000 !
b1111111111111111011011101110101001100000 ?
b1111111111111111101101111100110001000001 #
b1111111111111111101101111100110001000001 -
b1111111111111111111100110010000110011010 "
b1111111111111111111100110010000110011010 6
b1000001010 )
b11101110000001 %
b11101110000001 *
b1000000011 '
b1000000011 <
b1100100 :
b1100100 8
b1100100 1
b1100100 /
b1100100 C
b1100100 A
b1100100 D
b1100100 2
b1100100 ;
b1111111111111111111100110010000110011010 5
b1111111111111111101101111100110001000001 ,
b1111111111111111011011101110101001100000 >
1$
#1046
0$
#1047
b1111111111111000110001100101011110101100 !
b1111111111111000110001100101011110101100 ?
b1111111111111110111110100111111100000100 #
b1111111111111110111110100111111100000100 -
b1111111111111111111110001101001100000100 "
b1111111111111111111110001101001100000100 6
b1000001011 )
b1111011010101 %
b1111011010101 *
b1101110110110101 '
b1101110110110101 <
b1100100 :
b1100100 8
b1100100 1
b1100100 /
b1100100 C
b1100100 A
b1100100 D
b1100100 2
b1100100 ;
b1111111111111111111110001101001100000100 5
b1111111111111110111110100111111100000100 ,
b1111111111111000110001100101011110101100 >
1$
#1048
0$
#1049
b1111111111110100100111010111010100110100 !
b1111111111110100100111010111010100110100 ?
b1111111111111110101101010011011101111101 #
b1111111111111110101101010011011101111101 -
b111010110110111110 "
b111010110110111110 6
b1000001100 )
b1111010000000010 %
b1111010000000010 *
b1100010101000100 '
b1100010101000100 <
b1100100 :
b1100100 8
b1100100 1
b1100100 /
b1100100 C
b1100100 A
b1100100 D
b1100100 2
b1100100 ;
b111010110110111110 5
b1111111111111110101101010011011101111101 ,
b1111111111110100100111010111010100110100 >
1$
#1050
0$
#1051
b1111111111110100011001001000100111010111 !
b1111111111110100011001001000100111010111 ?
b1111111111111111000001111100001000011001 #
b1111111111111111000001111100001000011001 -
b11101010111000010110 "
b11101010111000010110 6
b1000001101 )
b1100111010110000 %
b1100111010110000 *
b1100000100100010 '
b1100000100100010 <
b1100100 :
b1100100 8
b1100100 1
b1100100 /
b1100100 C
b1100100 A
b1100100 D
b1100100 2
b1100100 ;
b11101010111000010110 5
b1111111111111111000001111100001000011001 ,
b1111111111110100011001001000100111010111 >
1$
#1052
0$
#1053
b1111111111111000001011110100010001100110 !
b1111111111111000001011110100010001100110 ?
b1111111111111111110011000011110011001110 #
b1111111111111111110011000011110011001110 -
b101001001110001011110 "
b101001001110001011110 6
b1000001110 )
b1100000000000000 %
b1100000000000000 *
b1101001010111111 '
b1101001010111111 <
b1100100 :
b1100100 8
b1100100 1
b1100100 /
b1100100 C
b1100100 A
b1100100 D
b1100100 2
b1100100 ;
b101001001110001011110 5
b1111111111111111110011000011110011001110 ,
b1111111111111000001011110100010001100110 >
1$
#1054
0$
#1055
b1111111111111110101011011110110100100100 !
b1111111111111110101011011110110100100100 ?
b101010000111101000110011 #
b101010000111101000110011 -
b100101011111001010000 "
b100101011111001010000 6
b1000001111 )
b1100111010110000 %
b1100111010110000 *
b1111010000000010 '
b1111010000000010 <
b1100100 :
b1100100 8
b1100100 1
b1100100 /
b1100100 C
b1100100 A
b1100100 D
b1100100 2
b1100100 ;
b100101011111001010000 5
b101010000111101000110011 ,
b1111111111111110101011011110110100100100 >
1$
#1056
0$
#1057
b101101000011000000010001100 !
b101101000011000000010001100 ?
b1001101110110010100000000 #
b1001101110110010100000000 -
b10011000010011000110 "
b10011000010011000110 6
b1000010000 )
b1111010000000010 %
b1111010000000010 *
b1100101101011 '
b1100101101011 <
b1100100 :
b1100100 8
b1100100 1
b1100100 /
b1100100 C
b1100100 A
b1100100 D
b1100100 2
b1100100 ;
b10011000010011000110 5
b1001101110110010100000000 ,
b101101000011000000010001100 >
1$
#1058
0$
#1059
b1010101000101000110000011001 !
b1010101000101000110000011001 ?
b1111111111111111111110101111110001001110 "
b1111111111111111111110101111110001001110 6
b1000010001 )
b1111011010101 %
b1111011010101 *
b11011000001001 '
b11011000001001 <
b1100100 :
b1100100 8
b1100100 1
b1100100 /
b1100100 C
b1100100 A
b1100100 D
b1100100 2
b1100100 ;
b1111111111111111111110101111110001001110 5
b1001101110110010100000000 ,
b1010101000101000110000011001 >
1$
#1060
0$
#1061
b1011111101100000011011000111 !
b1011111101100000011011000111 ?
b101010000111101000110011 #
b101010000111101000110011 -
b1111111111111111111010101101001010100110 "
b1111111111111111111010101101001010100110 6
b1000010010 )
b11101110000001 %
b11101110000001 *
b11111111111000 '
b11111111111000 <
b1100100 :
b1100100 8
b1100100 1
b1100100 /
b1100100 C
b1100100 A
b1100100 D
b1100100 2
b1100100 ;
b1111111111111111111010101101001010100110 5
b101010000111101000110011 ,
b1011111101100000011011000111 >
1$
#1062
0$
#1063
b1001001001101000100100010100 !
b1001001001101000100100010100 ?
b1111111111111111110011000011110011001110 #
b1111111111111111110011000011110011001110 -
b1111111111111111110111110011001011110100 "
b1111111111111111110111110011001011110100 6
b1000010011 )
b11110011011110 %
b11110011011110 *
b11001111000111 '
b11001111000111 <
b1100100 :
b1100100 8
b1100100 1
b1100100 /
b1100100 C
b1100100 A
b1100100 D
b1100100 2
b1100100 ;
b1111111111111111110111110011001011110100 5
b1111111111111111110011000011110011001110 ,
b1001001001101000100100010100 >
1$
#1064
0$
#1065
b11001011001110011101001001 !
b11001011001110011101001001 ?
b1111111111111111000001111100001000011001 #
b1111111111111111000001111100001000011001 -
b1111111111111111110111110110000101110100 "
b1111111111111111110111110110000101110100 6
b1000010100 )
b10001001001011 %
b10001001001011 *
b1010110101110 '
b1010110101110 <
b1100100 :
b1100100 8
b1100100 1
b1100100 /
b1100100 C
b1100100 A
b1100100 D
b1100100 2
b1100100 ;
b1111111111111111110111110110000101110100 5
b1111111111111111000001111100001000011001 ,
b11001011001110011101001001 >
1$
#1066
0$
#1067
b1111111111111100000110100010001101100001 !
b1111111111111100000110100010001101100001 ?
b1111111111111110101101010011011101111101 #
b1111111111111110101101010011011101111101 -
b1111111111111111111011101110101111000010 "
b1111111111111111111011101110101111000010 6
b1000010101 )
b1111011111111011 %
b1111011111111011 *
b1111000000010101 '
b1111000000010101 <
b1100100 :
b1100100 8
b1100100 1
b1100100 /
b1100100 C
b1100100 A
b1100100 D
b1100100 2
b1100100 ;
b1111111111111111111011101110101111000010 5
b1111111111111110101101010011011101111101 ,
b1111111111111100000110100010001101100001 >
1$
#1068
0$
#1069
b1111111111110110011000000111100101011111 !
b1111111111110110011000000111100101011111 ?
b1111111111111110111110100111111100000100 #
b1111111111111110111110100111111100000100 -
b10011011001101000110 "
b10011011001101000110 6
b1000010110 )
b1101000101011001 %
b1101000101011001 *
b1100111111111110 '
b1100111111111110 <
b1100100 :
b1100100 8
b1100100 1
b1100100 /
b1100100 C
b1100100 A
b1100100 D
b1100100 2
b1100100 ;
b10011011001101000110 5
b1111111111111110111110100111111100000100 ,
b1111111111110110011000000111100101011111 >
1$
#1070
0$
#1071
b1111111111110011111110101100101110110110 !
b1111111111110011111110101100101110110110 ?
b1111111111111111101101111100110001000001 #
b1111111111111111101101111100110001000001 -
b1001001010000001101000 "
b1001001010000001101000 6
b1000010111 )
b1100000000100000 %
b1100000000100000 *
b1100000010000001 '
b1100000010000001 <
b1100100 :
b1100100 8
b1100100 1
b1100100 /
b1100100 C
b1100100 A
b1100100 D
b1100100 2
b1100100 ;
b1001001010000001101000 5
b1111111111111111101101111100110001000001 ,
b1111111111110011111110101100101110110110 >
1$
#1072
0$
#1073
b1111111111110101101111010101011001010111 !
b1111111111110101101111010101011001010111 ?
b100101100011110010101010 #
b100101100011110010101010 -
b1100111110110111011000 "
b1100111110110111011000 6
b1000011000 )
b1100110000111001 %
b1100110000111001 *
b1100011011111010 '
b1100011011111010 <
b1100100 :
b1100100 8
b1100100 1
b1100100 /
b1100100 C
b1100100 A
b1100100 D
b1100100 2
b1100100 ;
b1100111110110111011000 5
b100101100011110010101010 ,
b1111111111110101101111010101011001010111 >
1$
#1074
0$
#1075
b1111111111111011000011000100100010010011 !
b1111111111111011000011000100100010010011 ?
b1001011111011100001011100 #
b1001011111011100001011100 -
b1100000100000000011010 "
b1100000100000000011010 6
b1000011001 )
b1111000000010101 %
b1111000000010101 *
b1110000100101011 '
b1110000100101011 <
b1100100 :
b1100100 8
b1100100 1
b1100100 /
b1100100 C
b1100100 A
b1100100 D
b1100100 2
b1100100 ;
b1100000100000000011010 5
b1001011111011100001011100 ,
b1111111111111011000011000100100010010011 >
1$
#1076
0$
#1077
b10000100011010100000101100 !
b10000100011010100000101100 ?
b1001111011100110111011011 #
b1001111011100110111011011 -
b110001011101011110110 "
b110001011101011110110 6
b1000011010 )
b1101101000000 %
b1101101000000 *
b11000000110 '
b11000000110 <
b1100100 :
b1100100 8
b1100100 1
b1100100 /
b1100100 C
b1100100 A
b1100100 D
b1100100 2
b1100100 ;
b110001011101011110110 5
b1001111011100110111011011 ,
b10000100011010100000101100 >
1$
#1078
0$
#1079
b1000010111111101101010111101 !
b1000010111111101101010111101 ?
b101110100000011011100110 #
b101110100000011011100110 -
b1111111111111111111100101100010010011010 "
b1111111111111111111100101100010010011010 6
b1000011011 )
b11100111101001 %
b11100111101001 *
b10100011001100 '
b10100011001100 <
b1100100 :
b1100100 8
b1100100 1
b1100100 /
b1100100 C
b1100100 A
b1100100 D
b1100100 2
b1100100 ;
b1111111111111111111100101100010010011010 5
b101110100000011011100110 ,
b1000010111111101101010111101 >
1$
#1080
0$
#1081
b1011110010001001111100111010 !
b1011110010001001111100111010 ?
b1111111111111111111000001101111110101111 #
b1111111111111111111000001101111110101111 -
b1111111111111111110010010111010010011110 "
b1111111111111111110010010111010010011110 6
b1000011100 )
b11110111111101 %
b11110111111101 *
b11110101110101 '
b11110101110101 <
b1100100 :
b1100100 8
b1100100 1
b1100100 /
b1100100 C
b1100100 A
b1100100 D
b1100100 2
b1100100 ;
b1111111111111111110010010111010010011110 5
b1111111111111111111000001101111110101111 ,
b1011110010001001111100111010 >
1$
#1082
0$
#1083
b1011000111100001111011101011 !
b1011000111100001111011101011 ?
b1111111111111111000101100000001111110011 #
b1111111111111111000101100000001111110011 -
b1111111111111111101011001111110110001100 "
b1111111111111111101011001111110110001100 6
b1000011101 )
b10010110011110 %
b10010110011110 *
b11110011011110 '
b11110011011110 <
b1100100 :
b1100100 8
b1100100 1
b1100100 /
b1100100 C
b1100100 A
b1100100 D
b1100100 2
b1100100 ;
b1111111111111111101011001111110110001100 5
b1111111111111111000101100000001111110011 ,
b1011000111100001111011101011 >
1$
#1084
0$
#1085
b110100110110101000010101011 !
b110100110110101000010101011 ?
b1111111111111110101101101000111111001100 #
b1111111111111110101101101000111111001100 -
b1111111111111111101011011010010111001000 "
b1111111111111111101011011010010111001000 6
b1000011110 )
b1111101111111011 %
b1111101111111011 *
b10011100111010 '
b10011100111010 <
b1100100 :
b1100100 8
b1100100 1
b1100100 /
b1100100 C
b1100100 A
b1100100 D
b1100100 2
b1100100 ;
b1111111111111111101011011010010111001000 5
b1111111111111110101101101000111111001100 ,
b110100110110101000010101011 >
1$
#1086
0$
#1087
b1111111111111111110011111001010010010111 !
b1111111111111111110011111001010010010111 ?
b1111111111111110111011100101001101111101 #
b1111111111111110111011100101001101111101 -
b1111111111111111110100110001010000001010 "
b1111111111111111110100110001010000001010 6
b1000011111 )
b1101010000110000 %
b1101010000110000 *
b10000000101 '
b10000000101 <
b1100100 :
b1100100 8
b1100100 1
b1100100 /
b1100100 C
b1100100 A
b1100100 D
b1100100 2
b1100100 ;
b1111111111111111110100110001010000001010 5
b1111111111111110111011100101001101111101 ,
b1111111111111111110011111001010010010111 >
1$
#1088
0$
#1089
b1111111111111001000101001001010101110010 !
b1111111111111001000101001001010101110010 ?
b1111111111111111101000111011011101011010 #
b1111111111111111101000111011011101011010 -
b101011000101001011010 "
b101011000101001011010 6
b1000100000 )
b1100000010000001 %
b1100000010000001 *
b1101111101101100 '
b1101111101101100 <
b1100100 :
b1100100 8
b1100100 1
b1100100 /
b1100100 C
b1100100 A
b1100100 D
b1100100 2
b1100100 ;
b101011000101001011010 5
b1111111111111111101000111011011101011010 ,
b1111111111111001000101001001010101110010 >
1$
#1090
0$
#1091
b1111111111110100101111100011010001000100 !
b1111111111110100101111100011010001000100 ?
b100000110111101011000110 #
b100000110111101011000110 -
b10111110101001101000100 "
b10111110101001101000100 6
b1000100001 )
b1100100111110111 %
b1100100111110111 *
b1100011000010111 '
b1100011000010111 <
b1100100 :
b1100100 8
b1100100 1
b1100100 /
b1100100 C
b1100100 A
b1100100 D
b1100100 2
b1100100 ;
b10111110101001101000100 5
b100000110111101011000110 ,
b1111111111110100101111100011010001000100 >
1$
#1092
0$
#1093
b1111111111110100010011000111010001001111 !
b1111111111110100010011000111010001001111 ?
b1001001101110101000011010 #
b1001001101110101000011010 -
b100100111110111011010100 "
b100100111110111011010100 6
b1000100010 )
b1110110000111001 %
b1110110000111001 *
b1100000011001010 '
b1100000011001010 <
b1100100 :
b1100100 8
b1100100 1
b1100100 /
b1100100 C
b1100100 A
b1100100 D
b1100100 2
b1100100 ;
b100100111110111011010100 5
b1001001101110101000011010 ,
b1111111111110100010011000111010001001111 >
1$
#1094
0$
#1095
b1111111111110111111001101010110010011000 !
b1111111111110111111001101010110010011000 ?
b1010000110000000111011001 #
b1010000110000000111011001 -
b100110010100001100111110 "
b100110010100001100111110 6
b1000100011 )
b1011110001111 %
b1011110001111 *
b1101000101011001 '
b1101000101011001 <
b1100100 :
b1100100 8
b1100100 1
b1100100 /
b1100100 C
b1100100 A
b1100100 D
b1100100 2
b1100100 ;
b100110010100001100111110 5
b1010000110000000111011001 ,
b1111111111110111111001101010110010011000 >
1$
#1096
0$
#1097
b1111111111111110010011011110110011101000 !
b1111111111111110010011011110110011101000 ?
b110010101101110010011110 #
b110010101101110010011110 -
b10111110110001110111000 "
b10111110110001110111000 6
b1000100100 )
b11100000010101 %
b11100000010101 *
b1111001000001010 '
b1111001000001010 <
b1100100 :
b1100100 8
b1100100 1
b1100100 /
b1100100 C
b1100100 A
b1100100 D
b1100100 2
b1100100 ;
b10111110110001110111000 5
b110010101101110010011110 ,
b1111111111111110010011011110110011101000 >
1$
#1098
0$
#1099
b101010010110100101011100000 !
b101010010110100101011100000 ?
b1111111111111111111101011001111001111110 #
b1111111111111111111101011001111001111110 -
b1111111111111111111001010111010000001010 "
b1111111111111111111001010111010000001010 6
b1000100101 )
b11111011011110 %
b11111011011110 *
b1011110001111 '
b1011110001111 <
b1100100 :
b1100100 8
b1100100 1
b1100100 /
b1100100 C
b1100100 A
b1100100 D
b1100100 2
b1100100 ;
b1111111111111111111001010111010000001010 5
b1111111111111111111101011001111001111110 ,
b101010010110100101011100000 >
1$
#1100
0$
#1101
b1010011100111111000110100111 !
b1010011100111111000110100111 ?
b1111111111111111001001010010011000110101 #
b1111111111111111001001010010011000110101 -
b1111111111111111001111001000001011110110 "
b1111111111111111001111001000001011110110 6
b1000100110 )
b10100011001100 %
b10100011001100 *
b11010011101111 '
b11010011101111 <
b1100100 :
b1100100 8
b1100100 1
b1100100 /
b1100100 C
b1100100 A
b1100100 D
b1100100 2
b1100100 ;
b1111111111111111001111001000001011110110 5
b1111111111111111001001010010011000110101 ,
b1010011100111111000110100111 >
1$
#1102
0$
#1103
b1011111111110010010111111010 !
b1011111111110010010111111010 ?
b1111111111111110101110010010000111000001 #
b1111111111111110101110010010000111000001 -
b1111111111111110100001011101011101000100 "
b1111111111111110100001011101011101000100 6
b1000100111 )
b0 %
b0 *
b100000000000000 '
b100000000000000 <
b1100100 :
b1100100 8
b1100100 1
b1100100 /
b1100100 C
b1100100 A
b1100100 D
b1100100 2
b1100100 ;
b1111111111111110100001011101011101000100 5
b1111111111111110101110010010000111000001 ,
b1011111111110010010111111010 >
1$
#1104
0$
#1105
b1001011001000011101010110111 !
b1001011001000011101010110111 ?
b1111111111111110111000110010010001010110 #
b1111111111111110111000110010010001010110 -
b1111111111111101111010111111000101000110 "
b1111111111111101111010111111000101000110 6
b1000101000 )
b1101011100110100 %
b1101011100110100 *
b11010011101111 '
b11010011101111 <
b1100100 :
b1100100 8
b1100100 1
b1100100 /
b1100100 C
b1100100 A
b1100100 D
b1100100 2
b1100100 ;
b1111111111111101111010111111000101000110 5
b1111111111111110111000110010010001010110 ,
b1001011001000011101010110111 >
1$
#1106
0$
#1107
b11100010011101010110000011 !
b11100010011101010110000011 ?
b1111111111111111100011111110010101101111 #
b1111111111111111100011111110010101101111 -
b1111111111111101100101001111101101010100 "
b1111111111111101100101001111101101010100 6
b1000101001 )
b1100000100100010 %
b1100000100100010 *
b1011110001111 '
b1011110001111 <
b1100100 :
b1100100 8
b1100100 1
b1100100 /
b1100100 C
b1100100 A
b1100100 D
b1100100 2
b1100100 ;
b1111111111111101100101001111101101010100 5
b1111111111111111100011111110010101101111 ,
b11100010011101010110000011 >
1$
#1108
0$
#1109
b1111111111111100011101100010101001111101 !
b1111111111111100011101100010101001111101 ?
b11100000001101010010001 #
b11100000001101010010001 -
b1111111111111101100101100011101000001000 "
b1111111111111101100101100011101000001000 6
b1000101010 )
b1100011111101011 %
b1100011111101011 *
b1111001000001010 '
b1111001000001010 <
b1100100 :
b1100100 8
b1100100 1
b1100100 /
b1100100 C
b1100100 A
b1100100 D
b1100100 2
b1100100 ;
b1111111111111101100101100011101000001000 5
b11100000001101010010001 ,
b1111111111111100011101100010101001111101 >
1$
#1110
0$
#1111
b1111111111110110100110111100010101001001 !
b1111111111110110100110111100010101001001 ?
b1000111001101101110101010 #
b1000111001101101110101010 -
b1111111111111101111011011111010011110010 "
b1111111111111101111011011111010011110010 6
b1000101011 )
b1110100001110001 %
b1110100001110001 *
b1101000101011001 '
b1101000101011001 <
b1100100 :
b1100100 8
b1100100 1
b1100100 /
b1100100 C
b1100100 A
b1100100 D
b1100100 2
b1100100 ;
b1111111111111101111011011111010011110010 5
b1000111001101101110101010 ,
b1111111111110110100110111100010101001001 >
1$
#1112
0$
#1113
b1111111111110100000000001101101000000110 !
b1111111111110100000000001101101000000110 ?
b1010001101101111000111111 #
b1010001101101111000111111 -
b1111111111111110100001011101011101000100 "
b1111111111111110100001011101011101000100 6
b1000101100 )
b1001111000111 %
b1001111000111 *
b1100000011001010 '
b1100000011001010 <
b1100100 :
b1100100 8
b1100100 1
b1100100 /
b1100100 C
b1100100 A
b1100100 D
b1100100 2
b1100100 ;
b1111111111111110100001011101011101000100 5
b1010001101101111000111111 ,
b1111111111110100000000001101101000000110 >
1$
#1114
0$
#1115
b1111111111110101100011000000111001011001 !
b1111111111110101100011000000111001011001 ?
b110110101101100111001011 #
b110110101101100111001011 -
b1111111111111111001110100111111101001010 "
b1111111111111111001110100111111101001010 6
b1000101101 )
b11011000001001 %
b11011000001001 *
b1100011000010111 '
b1100011000010111 <
b1100100 :
b1100100 8
b1100100 1
b1100100 /
b1100100 C
b1100100 A
b1100100 D
b1100100 2
b1100100 ;
b1111111111111111001110100111111101001010 5
b110110101101100111001011 ,
b1111111111110101100011000000111001011001 >
1$
#1116
0$
#1117
b1111111111111010101101001011010100100000 !
b1111111111111010101101001011010100100000 ?
b10100110000110000010 #
b10100110000110000010 -
b1111111111111111111001000011010101010110 "
b1111111111111111111001000011010101010110 6
b1000101110 )
b11111101111111 %
b11111101111111 *
b1101111101101100 '
b1101111101101100 <
b1100100 :
b1100100 8
b1100100 1
b1100100 /
b1100100 C
b1100100 A
b1100100 D
b1100100 2
b1100100 ;
b1111111111111111111001000011010101010110 5
b10100110000110000010 ,
b1111111111111010101101001011010100100000 >
1$
#1118
0$
#1119
b1101100100001001100011000 !
b1101100100001001100011000 ?
b1111111111111111001101010010001101100010 #
b1111111111111111001101010010001101100010 -
b11000001010001001101100 "
b11000001010001001101100 6
b1000101111 )
b10101111010000 %
b10101111010000 *
b10000000101 '
b10000000101 <
b1100100 :
b1100100 8
b1100100 1
b1100100 /
b1100100 C
b1100100 A
b1100100 D
b1100100 2
b1100100 ;
b11000001010001001101100 5
b1111111111111111001101010010001101100010 ,
b1101100100001001100011000 >
1$
#1120
0$
#1121
b1000000110010101001101101000 !
b1000000110010101001101101000 ?
b1111111111111110101111001111111000100111 #
b1111111111111110101111001111111000100111 -
b100110110100011011101010 "
b100110110100011011101010 6
b1000110000 )
b10000000101 %
b10000000101 *
b10011100111010 '
b10011100111010 <
b1100100 :
b1100100 8
b1100100 1
b1100100 /
b1100100 C
b1100100 A
b1100100 D
b1100100 2
b1100100 ;
b100110110100011011101010 5
b1111111111111110101111001111111000100111 ,
b1000000110010101001101101000 >
1$
#1122
0$
#1123
b1011101100111000101110110001 !
b1011101100111000101110110001 ?
b1111111111111110110110010001010111100110 #
b1111111111111110110110010001010111100110 -
b100100111110111011010100 "
b100100111110111011010100 6
b1000110001 )
b1101101001100010 %
b1101101001100010 *
b11110011011110 '
b11110011011110 <
b1100100 :
b1100100 8
b1100100 1
b1100100 /
b1100100 C
b1100100 A
b1100100 D
b1100100 2
b1100100 ;
b100100111110111011010100 5
b1111111111111110110110010001010111100110 ,
b1011101100111000101110110001 >
1$
#1124
0$
#1125
b1011010000011100101110111100 !
b1011010000011100101110111100 ?
b1111111111111111011111001000010100111010 #
b1111111111111111011111001000010100111010 -
b10111010100111110011000 "
b10111010100111110011000 6
b1000110010 )
b1100001000000011 %
b1100001000000011 *
b11110101110101 '
b11110101110101 <
b1100100 :
b1100100 8
b1100100 1
b1100100 /
b1100100 C
b1100100 A
b1100100 D
b1100100 2
b1100100 ;
b10111010100111110011000 5
b1111111111111111011111001000010100111010 ,
b1011010000011100101110111100 >
1$
#1126
0$
#1127
b110111010110110101010001110 !
b110111010110110101010001110 ?
b10111000100100010100110 #
b10111000100100010100110 -
b101000100101110100110 "
b101000100101110100110 6
b1000110011 )
b1100011000010111 %
b1100011000010111 *
b10100011001100 '
b10100011001100 <
b1100100 :
b1100100 8
b1100100 1
b1100100 /
b1100100 C
b1100100 A
b1100100 D
b1100100 2
b1100100 ;
b101000100101110100110 5
b10111000100100010100110 ,
b110111010110110101010001110 >
1$
#1128
0$
#1129
b1100000110101101101001 !
b1100000110101101101001 ?
b1000100011010110010000011 #
b1000100011010110010000011 -
b1111111111111111110101000101001010111110 "
b1111111111111111110101000101001010111110 6
b1000110100 )
b1110010011000000 %
b1110010011000000 *
b11000000110 '
b11000000110 <
b1100100 :
b1100100 8
b1100100 1
b1100100 /
b1100100 C
b1100100 A
b1100100 D
b1100100 2
b1100100 ;
b1111111111111111110101000101001010111110 5
b1000100011010110010000011 ,
b1100000110101101101001 >
1$
#1130
0$
#1131
b1111111111111001011001001010111101010101 !
b1111111111111001011001001010111101010101 ?
b1010010010111000000110100 #
b1010010010111000000110100 -
b1111111111111111101011111010100101110100 "
b1111111111111111101011111010100101110100 6
b1000110101 )
b111111101011 %
b111111101011 *
b1110000100101011 '
b1110000100101011 <
b1100100 :
b1100100 8
b1100100 1
b1100100 /
b1100100 C
b1100100 A
b1100100 D
b1100100 2
b1100100 ;
b1111111111111111101011111010100101110100 5
b1010010010111000000110100 ,
b1111111111111001011001001010111101010101 >
1$
#1132
0$
#1133
b1111111111110100111000011110000100010101 !
b1111111111110100111000011110000100010101 ?
b111010011111110000001101 #
b111010011111110000001101 -
b1111111111111111101011001111110110001100 "
b1111111111111111101011001111110110001100 6
b1000110110 )
b11001111000111 %
b11001111000111 *
b1100011011111010 '
b1100011011111010 <
b1100100 :
b1100100 8
b1100100 1
b1100100 /
b1100100 C
b1100100 A
b1100100 D
b1100100 2
b1100100 ;
b1111111111111111101011001111110110001100 5
b111010011111110000001101 ,
b1111111111110100111000011110000100010101 >
1$
#1134
0$
#1135
b1111111111110100001101110110000011000110 !
b1111111111110100001101110110000011000110 ?
b111110010000001010001 #
b111110010000001010001 -
b1111111111111111110001110111000011110010 "
b1111111111111111110001110111000011110010 6
b1000110111 )
b11111111100000 %
b11111111100000 *
b1100000010000001 '
b1100000010000001 <
b1100100 :
b1100100 8
b1100100 1
b1100100 /
b1100100 C
b1100100 A
b1100100 D
b1100100 2
b1100100 ;
b1111111111111111110001110111000011110010 5
b111110010000001010001 ,
b1111111111110100001101110110000011000110 >
1$
#1136
0$
#1137
b1111111111110111101000000010010101000011 !
b1111111111110111101000000010010101000011 ?
b1111111111111111010001011111100100011010 #
b1111111111111111010001011111100100011010 -
b1111111111111111111100011000010111100110 "
b1111111111111111111100011000010111100110 6
b1000111000 )
b10111010100111 %
b10111010100111 *
b1100111111111110 '
b1100111111111110 <
b1100100 :
b1100100 8
b1100100 1
b1100100 /
b1100100 C
b1100100 A
b1100100 D
b1100100 2
b1100100 ;
b1111111111111111111100011000010111100110 5
b1111111111111111010001011111100100011010 ,
b1111111111110111101000000010010101000011 >
1$
#1138
0$
#1139
b1111111111111101111011100101011111010100 !
b1111111111111101111011100101011111010100 ?
b1111111111111110110000100011001000100101 #
b1111111111111110110000100011001000100101 -
b110011111100110101010 "
b110011111100110101010 6
b1000111001 )
b100000000101 %
b100000000101 *
b1111000000010101 '
b1111000000010101 <
b1100100 :
b1100100 8
b1100100 1
b1100100 /
b1100100 C
b1100100 A
b1100100 D
b1100100 2
b1100100 ;
b110011111100110101010 5
b1111111111111110110000100011001000100101 ,
b1111111111111101111011100101011111010100 >
1$
#1140
0$
#1141
b100111100111011011101101101 !
b100111100111011011101101101 ?
b1111111111111110110100000100011110100100 #
b1111111111111110110100000100011110100100 -
b1100100100001111000110 "
b1100100100001111000110 6
b1000111010 )
b1101110110110101 %
b1101110110110101 *
b1010110101110 '
b1010110101110 <
b1100100 :
b1100100 8
b1100100 1
b1100100 /
b1100100 C
b1100100 A
b1100100 D
b1100100 2
b1100100 ;
b1100100100001111000110 5
b1111111111111110110100000100011110100100 ,
b100111100111011011101101101 >
1$
#1142
0$
#1143
b1010010000101010100110101001 !
b1010010000101010100110101001 ?
b1111111111111111011010011100001101010110 #
b1111111111111111011010011100001101010110 -
b1100111110110111011000 "
b1100111110110111011000 6
b1000111011 )
b1100001100100010 %
b1100001100100010 *
b11001111000111 '
b11001111000111 <
b1100100 :
b1100100 8
b1100100 1
b1100100 /
b1100100 C
b1100100 A
b1100100 D
b1100100 2
b1100100 ;
b1100111110110111011000 5
b1111111111111111011010011100001101010110 ,
b1010010000101010100110101001 >
1$
#1144
0$
#1145
b1100000001010011010001001010 !
b1100000001010011010001001010 ?
b10010000011001110111111 #
b10010000011001110111111 -
b1000101001110010111100 "
b1000101001110010111100 6
b1000111100 )
b1100010001111111 %
b1100010001111111 *
b11111111111000 '
b11111111111000 <
b1100100 :
b1100100 8
b1100100 1
b1100100 /
b1100100 C
b1100100 A
b1100100 D
b1100100 2
b1100100 ;
b1000101001110010111100 5
b10010000011001110111111 ,
b1100000001010011010001001010 >
1$
#1146
0$
#1147
b1001100111111000011010100001 !
b1001100111111000011010100001 ?
b1000001011000000011111100 #
b1000001011000000011111100 -
b10000111010010010010 "
b10000111010010010010 6
b1000111101 )
b1110000100101011 %
b1110000100101011 *
b11011000001001 '
b11011000001001 <
b1100100 :
b1100100 8
b1100100 1
b1100100 /
b1100100 C
b1100100 A
b1100100 D
b1100100 2
b1100100 ;
b10000111010010010010 5
b1000001011000000011111100 ,
b1001100111111000011010100001 >
1$
#1148
0$
#1149
b11111001011101110010011111 !
b11111001011101110010011111 ?
b1010010101100100010000011 #
b1010010101100100010000011 -
b1111111111111111111100000010101001110110 "
b1111111111111111111100000010101001110110 6
b1000111110 )
b101111111110 %
b101111111110 *
b1100101101011 '
b1100101101011 <
b1100100 :
b1100100 8
b1100100 1
b1100100 /
b1100100 C
b1100100 A
b1100100 D
b1100100 2
b1100100 ;
b1111111111111111111100000010101001110110 5
b1010010101100100010000011 ,
b11111001011101110010011111 >
1$
#1150
0$
#1151
b1111111111111100110100110001100010110111 !
b1111111111111100110100110001100010110111 ?
b111110000011110111100111 #
b111110000011110111100111 -
b1111111111111111111000010110010100100000 "
b1111111111111111111000010110010100100000 6
b1000111111 )
b11000101010000 %
b11000101010000 *
b1111010000000010 '
b1111010000000010 <
b1100100 :
b1100100 8
b1100100 1
b1100100 /
b1100100 C
b1100100 A
b1100100 D
b1100100 2
b1100100 ;
b1111111111111111111000010110010100100000 5
b111110000011110111100111 ,
b1111111111111100110100110001100010110111 >
1$
#1152
0$
#1153
b1111111111110110110110010111011011101100 !
b1111111111110110110110010111011011101100 ?
b1100111100001100110010 #
b1100111100001100110010 -
b1111111111111111110111110011001011110100 "
b1111111111111111110111110011001011110100 6
b1001000000 )
b100000000000000 %
b100000000000000 *
b1101001010111111 '
b1101001010111111 <
b1100100 :
b1100100 8
b1100100 1
b1100100 /
b1100100 C
b1100100 A
b1100100 D
b1100100 2
b1100100 ;
b1111111111111111110111110011001011110100 5
b1100111100001100110010 ,
b1111111111110110110110010111011011101100 >
1$
#1154
0$
#1155
b1111111111110100000010011111100100111001 !
b1111111111110100000010011111100100111001 ?
b1111111111111111010101111000010111001101 #
b1111111111111111010101111000010111001101 -
b1111111111111111111010001100111011111010 "
b1111111111111111111010001100111011111010 6
b1001000001 )
b11000101010000 %
b11000101010000 *
b1100000100100010 '
b1100000100100010 <
b1100100 :
b1100100 8
b1100100 1
b1100100 /
b1100100 C
b1100100 A
b1100100 D
b1100100 2
b1100100 ;
b1111111111111111111010001100111011111010 5
b1111111111111111010101111000010111001101 ,
b1111111111110100000010011111100100111001 >
1$
#1156
0$
#1157
b1111111111110101010111010111001111100111 !
b1111111111110101010111010111001111100111 ?
b1111111111111110110010001001101100000000 #
b1111111111111110110010001001101100000000 -
b1111111111111111111110011011110110011010 "
b1111111111111111111110011011110110011010 6
b1001000010 )
b101111111110 %
b101111111110 *
b1100010101000100 '
b1100010101000100 <
b1100100 :
b1100100 8
b1100100 1
b1100100 /
b1100100 C
b1100100 A
b1100100 D
b1100100 2
b1100100 ;
b1111111111111111111110011011110110011010 5
b1111111111111110110010001001101100000000 ,
b1111111111110101010111010111001111100111 >
1$
#1158
0$
#1159
b1111111111111010010111100111111101110100 !
b1111111111111010010111100111111101110100 ?
b10101100001101111010 "
b10101100001101111010 6
b1001000011 )
b1110000100101011 %
b1110000100101011 *
b1101110110110101 '
b1101110110110101 <
b1100100 :
b1100100 8
b1100100 1
b1100100 /
b1100100 C
b1100100 A
b1100100 D
b1100100 2
b1100100 ;
b10101100001101111010 5
b1111111111111110110010001001101100000000 ,
b1111111111111010010111100111111101110100 >
1$
#1160
0$
#1161
b1010100100001001011011100 !
b1010100100001001011011100 ?
b1111111111111111010101111000010111001101 #
b1111111111111111010101111000010111001101 -
b101001100000111111100 "
b101001100000111111100 6
b1001000100 )
b1100010001111111 %
b1100010001111111 *
b1000000011 '
b1000000011 <
b1100100 :
b1100100 8
b1100100 1
b1100100 /
b1100100 C
b1100100 A
b1100100 D
b1100100 2
b1100100 ;
b101001100000111111100 5
b1111111111111111010101111000010111001101 ,
b1010100100001001011011100 >
1$
#1162
0$
#1163
b111110100001011101110011010 !
b111110100001011101110011010 ?
b1100111100001100110010 #
b1100111100001100110010 -
b101001001110001011110 "
b101001001110001011110 6
b1001000101 )
b1100001100100010 %
b1100001100100010 *
b10010110011110 '
b10010110011110 <
b1100100 :
b1100100 8
b1100100 1
b1100100 /
b1100100 C
b1100100 A
b1100100 D
b1100100 2
b1100100 ;
b101001001110001011110 5
b1100111100001100110010 ,
b111110100001011101110011010 >
1$
#1164
0$
#1165
b1011100110110111011000101001 !
b1011100110110111011000101001 ?
b111110000011110111100111 #
b111110000011110111100111 -
b11001010101001101010 "
b11001010101001101010 6
b1001000110 )
b1101110110110101 %
b1101110110110101 *
b11110000110111 '
b11110000110111 <
b1100100 :
b1100100 8
b1100100 1
b1100100 /
b1100100 C
b1100100 A
b1100100 D
b1100100 2
b1100100 ;
b11001010101001101010 5
b111110000011110111100111 ,
b1011100110110111011000101001 >
1$
#1166
0$
#1167
b1011011000101000101011001100 !
b1011011000101000101011001100 ?
b1010010101100100010000011 #
b1010010101100100010000011 -
b100110111100001010 "
b100110111100001010 6
b1001000111 )
b100000000101 %
b100000000101 *
b11110111111101 '
b11110111111101 <
b1100100 :
b1100100 8
b1100100 1
b1100100 /
b1100100 C
b1100100 A
b1100100 D
b1100100 2
b1100100 ;
b100110111100001010 5
b1010010101100100010000011 ,
b1011011000101000101011001100 >
1$
#1168
0$
#1169
b111001110011010100001010100 !
b111001110011010100001010100 ?
b1000001011000000011111100 #
b1000001011000000011111100 -
b1111111111111111111110100001000110111000 "
b1111111111111111111110100001000110111000 6
b1001001000 )
b10111010100111 %
b10111010100111 *
b10101001010011 '
b10101001010011 <
b1100100 :
b1100100 8
b1100100 1
b1100100 /
b1100100 C
b1100100 A
b1100100 D
b1100100 2
b1100100 ;
b1111111111111111111110100001000110111000 5
b1000001011000000011111100 ,
b111001110011010100001010100 >
1$
#1170
0$
#1171
b100100010001010110100000 !
b100100010001010110100000 ?
b10010000011001110111111 #
b10010000011001110111111 -
b1111111111111111111101010010010101000110 "
b1111111111111111111101010010010101000110 6
b1001001001 )
b11111111100000 %
b11111111100000 *
b100000000101 '
b100000000101 <
b1100100 :
b1100100 8
b1100100 1
b1100100 /
b1100100 C
b1100100 A
b1100100 D
b1100100 2
b1100100 ;
b1111111111111111111101010010010101000110 5
b10010000011001110111111 ,
b100100010001010110100000 >
1$
#1172
0$
#1173
b1111111111111001101101100101010001100010 !
b1111111111111001101101100101010001100010 ?
b1111111111111111011010011100001101010110 #
b1111111111111111011010011100001101010110 -
b1111111111111111111101000000110000110000 "
b1111111111111111111101000000110000110000 6
b1001001010 )
b11001111000111 %
b11001111000111 *
b1110001011110010 '
b1110001011110010 <
b1100100 :
b1100100 8
b1100100 1
b1100100 /
b1100100 C
b1100100 A
b1100100 D
b1100100 2
b1100100 ;
b1111111111111111111101000000110000110000 5
b1111111111111111011010011100001101010110 ,
b1111111111111001101101100101010001100010 >
1$
#1174
0$
#1175
b1111111111110101000010000100000101011110 !
b1111111111110101000010000100000101011110 ?
b1111111111111110110100000100011110100100 #
b1111111111111110110100000100011110100100 -
b1111111111111111111101110001101010010100 "
b1111111111111111111101110001101010010100 6
b1001001011 )
b111111101011 %
b111111101011 *
b1100011111101011 '
b1100011111101011 <
b1100100 :
b1100100 8
b1100100 1
b1100100 /
b1100100 C
b1100100 A
b1100100 D
b1100100 2
b1100100 ;
b1111111111111111111101110001101010010100 5
b1111111111111110110100000100011110100100 ,
b1111111111110101000010000100000101011110 >
1$
#1176
0$
#1177
b1111111111110100001001010011010000000100 !
b1111111111110100001001010011010000000100 ?
b1111111111111110110000100011001000100101 #
b1111111111111110110000100011001000100101 -
b1111111111111111111111010110101101011000 "
b1111111111111111111111010110101101011000 6
b1001001100 )
b1110010011000000 %
b1110010011000000 *
b1100000001001001 '
b1100000001001001 <
b1100100 :
b1100100 8
b1100100 1
b1100100 /
b1100100 C
b1100100 A
b1100100 D
b1100100 2
b1100100 ;
b1111111111111111111111010110101101011000 5
b1111111111111110110000100011001000100101 ,
b1111111111110100001001010011010000000100 >
1$
#1178
0$
#1179
b1111111111110111010110111011001010111101 !
b1111111111110111010110111011001010111101 ?
b1111111111111111010001011111100100011010 #
b1111111111111111010001011111100100011010 -
b1000011010111011000 "
b1000011010111011000 6
b1001001101 )
b1100011000010111 %
b1100011000010111 *
b1100111010110000 '
b1100111010110000 <
b1100100 :
b1100100 8
b1100100 1
b1100100 /
b1100100 C
b1100100 A
b1100100 D
b1100100 2
b1100100 ;
b1000011010111011000 5
b1111111111111111010001011111100100011010 ,
b1111111111110111010110111011001010111101 >
1$
#1180
0$
#1181
b1111111111111101100011110100101010101110 !
b1111111111111101100011110100101010101110 ?
b111110010000001010001 #
b111110010000001010001 -
b1111100110001010110 "
b1111100110001010110 6
b1001001110 )
b1100001000000011 %
b1100001000000011 *
b1110111000100101 '
b1110111000100101 <
b1100100 :
b1100100 8
b1100100 1
b1100100 /
b1100100 C
b1100100 A
b1100100 D
b1100100 2
b1100100 ;
b1111100110001010110 5
b111110010000001010001 ,
b1111111111111101100011110100101010101110 >
1$
#1182
0$
#1183
b100100110101110111100111000 !
b100100110101110111100111000 ?
b111010011111110000001101 #
b111010011111110000001101 -
b1101100101010000000 "
b1101100101010000000 6
b1001001111 )
b1101101001100010 %
b1101101001100010 *
b1001111000111 '
b1001111000111 <
b1100100 :
b1100100 8
b1100100 1
b1100100 /
b1100100 C
b1100100 A
b1100100 D
b1100100 2
b1100100 ;
b1101100101010000000 5
b111010011111110000001101 ,
b100100110101110111100111000 >
1$
#1184
0$
#1185
b1010000011101101101111010011 !
b1010000011101101101111010011 ?
b1010010010111000000110100 #
b1010010010111000000110100 -
b110100101101000010 "
b110100101101000010 6
b1001010000 )
b10000000101 %
b10000000101 *
b11001010010010 '
b11001010010010 <
b1100100 :
b1100100 8
b1100100 1
b1100100 /
b1100100 C
b1100100 A
b1100100 D
b1100100 2
b1100100 ;
b110100101101000010 5
b1010010010111000000110100 ,
b1010000011101101101111010011 >
1$
#1186
0$
#1187
b1100000010000100110100011101 !
b1100000010000100110100011101 ?
b1000100011010110010000011 #
b1000100011010110010000011 -
b11110011011110 "
b11110011011110 6
b1001010001 )
b10101111010000 %
b10101111010000 *
b11111111100000 '
b11111111100000 <
b1100100 :
b1100100 8
b1100100 1
b1100100 /
b1100100 C
b1100100 A
b1100100 D
b1100100 2
b1100100 ;
b11110011011110 5
b1000100011010110010000011 ,
b1100000010000100110100011101 >
1$
#1188
0$
#1189
b1001110110000111011000011111 !
b1001110110000111011000011111 ?
b10111000100100010100110 #
b10111000100100010100110 -
b1111111111111111111111101000010001101110 "
b1111111111111111111111101000010001101110 6
b1001010010 )
b11111101111111 %
b11111101111111 *
b11011100010110 '
b11011100010110 <
b1100100 :
b1100100 8
b1100100 1
b1100100 /
b1100100 C
b1100100 A
b1100100 D
b1100100 2
b1100100 ;
b1111111111111111111111101000010001101110 5
b10111000100100010100110 ,
b1001110110000111011000011111 >
1$
#1190
0$
#1191
b100010000001111010001000001 !
b100010000001111010001000001 ?
b1111111111111111011111001000010100111010 #
b1111111111111111011111001000010100111010 -
b1111111111111111111111010110101101011000 "
b1111111111111111111111010110101101011000 6
b1001010011 )
b11011000001001 %
b11011000001001 *
b1101101000000 '
b1101101000000 <
b1100100 :
b1100100 8
b1100100 1
b1100100 /
b1100100 C
b1100100 A
b1100100 D
b1100100 2
b1100100 ;
b1111111111111111111111010110101101011000 5
b1111111111111111011111001000010100111010 ,
b100010000001111010001000001 >
1$
#1192
0$
#1193
b1111111111111101001100001101100110100110 !
b1111111111111101001100001101100110100110 ?
b1111111111111110110110010001010111100110 #
b1111111111111110110110010001010111100110 -
b1111111111111111111111001000111100100000 "
b1111111111111111111111001000111100100000 6
b1001010100 )
b1001111000111 %
b1001111000111 *
b1111010111111101 '
b1111010111111101 <
b1100100 :
b1100100 8
b1100100 1
b1100100 /
b1100100 C
b1100100 A
b1100100 D
b1100100 2
b1100100 ;
b1111111111111111111111001000111100100000 5
b1111111111111110110110010001010111100110 ,
b1111111111111101001100001101100110100110 >
1$
#1194
0$
#1195
b1111111111110111000110010111011001000010 !
b1111111111110111000110010111011001000010 ?
b1111111111111110101111001111111000100111 #
b1111111111111110101111001111111000100111 -
b1111111111111111111111001110001100111110 "
b1111111111111111111111001110001100111110 6
b1001010101 )
b1110100001110001 %
b1110100001110001 *
b1101010000110000 '
b1101010000110000 <
b1100100 :
b1100100 8
b1100100 1
b1100100 /
b1100100 C
b1100100 A
b1100100 D
b1100100 2
b1100100 ;
b1111111111111111111111001110001100111110 5
b1111111111111110101111001111111000100111 ,
b1111111111110111000110010111011001000010 >
1$
#1196
0$
#1197
b1111111111110100000101100001010111111100 !
b1111111111110100000101100001010111111100 ?
b1111111111111111001101010010001101100010 #
b1111111111111111001101010010001101100010 -
b1111111111111111111111101110011011101010 "
b1111111111111111111111101110011011101010 6
b1001010110 )
b1100011111101011 %
b1100011111101011 *
b1100000110001011 '
b1100000110001011 <
b1100100 :
b1100100 8
b1100100 1
b1100100 /
b1100100 C
b1100100 A
b1100100 D
b1100100 2
b1100100 ;
b1111111111111111111111101110011011101010 5
b1111111111111111001101010010001101100010 ,
b1111111111110100000101100001010111111100 >
1$
#1198
0$
#1199
b1111111111110101001100010111111001001000 !
b1111111111110101001100010111111001001000 ?
b10100110000110000010 #
b10100110000110000010 -
b10111101110010010 "
b10111101110010010 6
b1001010111 )
b1100000100100010 %
b1100000100100010 *
b1100010001111111 '
b1100010001111111 <
b1100100 :
b1100100 8
b1100100 1
b1100100 /
b1100100 C
b1100100 A
b1100100 D
b1100100 2
b1100100 ;
b10111101110010010 5
b10100110000110000010 ,
b1111111111110101001100010111111001001000 >
1$
#1200
0$
#1201
b1111111111111010000010011010101110011110 !
b1111111111111010000010011010101110011110 ?
b110110101101100111001011 #
b110110101101100111001011 -
b101011101001000110 "
b101011101001000110 6
b1001011000 )
b1101011100110100 %
b1101011100110100 *
b1101110000000111 '
b1101110000000111 <
b1100100 :
b1100100 8
b1100100 1
b1100100 /
b1100100 C
b1100100 A
b1100100 D
b1100100 2
b1100100 ;
b101011101001000110 5
b110110101101100111001011 ,
b1111111111111010000010011010101110011110 >
1$
#1202
0$
#1203
b111100011011011100100001 !
b111100011011011100100001 ?
b1010001101101111000111111 #
b1010001101101111000111111 -
b100001101011101100 "
b100001101011101100 6
b1001011001 )
b0 %
b0 *
b0 '
b0 <
b1100100 :
b1100100 8
b1100100 1
b1100100 /
b1100100 C
b1100100 A
b1100100 D
b1100100 2
b1100100 ;
b100001101011101100 5
b1010001101101111000111111 ,
b111100011011011100100001 >
1$
#1204
0$
#1205
b111100001100010101101010101 !
b111100001100010101101010101 ?
b1000111001101101110101010 #
b1000111001101101110101010 -
b1011011010011010 "
b1011011010011010 6
b1001011010 )
b10100011001100 %
b10100011001100 *
b10001111111001 '
b10001111111001 <
b1100100 :
b1100100 8
b1100100 1
b1100100 /
b1100100 C
b1100100 A
b1100100 D
b1100100 2
b1100100 ;
b1011011010011010 5
b1000111001101101110101010 ,
b111100001100010101101010101 >
1$
#1206
0$
#1207
b1011100000000111101101111101 !
b1011100000000111101101111101 ?
b11100000001101010010001 #
b11100000001101010010001 -
b0 "
b0 6
b1001011011 )
b11111011011110 %
b11111011011110 *
b11101110000001 '
b11101110000001 <
b1100100 :
b1100100 8
b1100100 1
b1100100 /
b1100100 C
b1100100 A
b1100100 D
b1100100 2
b1100100 ;
b0 5
b11100000001101010010001 ,
b1011100000000111101101111101 >
1$
#1208
0$
#1209
b1111111111111111100011111110010101101111 #
b1111111111111111100011111110010101101111 -
b1001011100 )
b11100000010101 %
b11100000010101 *
b11111001110101 '
b11111001110101 <
b1100100 :
b1100100 8
b1100100 1
b1100100 /
b1100100 C
b1100100 A
b1100100 D
b1100100 2
b1100100 ;
b1111111111111111100011111110010101101111 ,
b1011100000000111101101111101 >
1$
#1210
0$
#1211
b111100001100010101101010101 !
b111100001100010101101010101 ?
b1111111111111110111000110010010001010110 #
b1111111111111110111000110010010001010110 -
b1001011101 )
b1011110001111 %
b1011110001111 *
b10101111010000 '
b10101111010000 <
b1100100 :
b1100100 8
b1100100 1
b1100100 /
b1100100 C
b1100100 A
b1100100 D
b1100100 2
b1100100 ;
b1111111111111110111000110010010001010110 ,
b111100001100010101101010101 >
1$
#1212
0$
#1213
b111100011011011100100001 !
b111100011011011100100001 ?
b1111111111111110101110010010000111000001 #
b1111111111111110101110010010000111000001 -
b1001011110 )
b1110110000111001 %
b1110110000111001 *
b101000000011 '
b101000000011 <
b1100100 :
b1100100 8
b1100100 1
b1100100 /
b1100100 C
b1100100 A
b1100100 D
b1100100 2
b1100100 ;
b1111111111111110101110010010000111000001 ,
b111100011011011100100001 >
1$
#1214
0$
#1215
b1111111111111010000010011010101110011110 !
b1111111111111010000010011010101110011110 ?
b1111111111111111001001010010011000110101 #
b1111111111111111001001010010011000110101 -
b1001011111 )
b1100100111110111 %
b1100100111110111 *
b1110010011000000 '
b1110010011000000 <
b1100100 :
b1100100 8
b1100100 1
b1100100 /
b1100100 C
b1100100 A
b1100100 D
b1100100 2
b1100100 ;
b1111111111111111001001010010011000110101 ,
b1111111111111010000010011010101110011110 >
1$
#1216
0$
#1217
b1111111111110101001100010111111001001000 !
b1111111111110101001100010111111001001000 ?
b1111111111111111111101011001111001111110 #
b1111111111111111111101011001111001111110 -
b1001100000 )
b1100000010000001 %
b1100000010000001 *
b1100100011101010 '
b1100100011101010 <
b1100100 :
b1100100 8
b1100100 1
b1100100 /
b1100100 C
b1100100 A
b1100100 D
b1100100 2
b1100100 ;
b1111111111111111111101011001111001111110 ,
b1111111111110101001100010111111001001000 >
1$
#1218
0$
#1219
b1111111111110100000101100001010111111100 !
b1111111111110100000101100001010111111100 ?
b110010101101110010011110 #
b110010101101110010011110 -
b1001100001 )
b1101010000110000 %
b1101010000110000 *
b1100000000100000 '
b1100000000100000 <
b1100100 :
b1100100 8
b1100100 1
b1100100 /
b1100100 C
b1100100 A
b1100100 D
b1100100 2
b1100100 ;
b110010101101110010011110 ,
b1111111111110100000101100001010111111100 >
1$
#1220
0$
#1221
b1111111111110111000110010111011001000010 !
b1111111111110111000110010111011001000010 ?
b1010000110000000111011001 #
b1010000110000000111011001 -
b1001100010 )
b1111101111111011 %
b1111101111111011 *
b1100110101101110 '
b1100110101101110 <
b1100100 :
b1100100 8
b1100100 1
b1100100 /
b1100100 C
b1100100 A
b1100100 D
b1100100 2
b1100100 ;
b1010000110000000111011001 ,
b1111111111110111000110010111011001000010 >
1$
#1222
0$
#1223
b1111111111111101001100001101100110100110 !
b1111111111111101001100001101100110100110 ?
b1001001101110101000011010 #
b1001001101110101000011010 -
b1001100011 )
b10010110011110 %
b10010110011110 *
b1110110000111001 '
b1110110000111001 <
b1100100 :
b1100100 8
b1100100 1
b1100100 /
b1100100 C
b1100100 A
b1100100 D
b1100100 2
b1100100 ;
b1001001101110101000011010 ,
b1111111111111101001100001101100110100110 >
1$
#1224
0$
#1225
b100010000001111010001000001 !
b100010000001111010001000001 ?
b100000110111101011000110 #
b100000110111101011000110 -
b1001100100 )
b11110111111101 %
b11110111111101 *
b1000111011011 '
b1000111011011 <
b1100100 :
b1100100 8
b1100100 1
b1100100 /
b1100100 C
b1100100 A
b1100100 D
b1100100 2
b1100100 ;
b100000110111101011000110 ,
b100010000001111010001000001 >
1$
#1226
0$
#1227
b1001110110000111011000011111 !
b1001110110000111011000011111 ?
b1111111111111111101000111011011101011010 #
b1111111111111111101000111011011101011010 -
b1001100101 )
b11100111101001 %
b11100111101001 *
b11000101010000 '
b11000101010000 <
b1100100 :
b1100100 8
b1100100 1
b1100100 /
b1100100 C
b1100100 A
b1100100 D
b1100100 2
b1100100 ;
b1111111111111111101000111011011101011010 ,
b1001110110000111011000011111 >
1$
#1228
0$
#1229
b1100000010000100110100011101 !
b1100000010000100110100011101 ?
b1111111111111110111011100101001101111101 #
b1111111111111110111011100101001101111101 -
b1001100110 )
b1101101000000 %
b1101101000000 *
b11111110110111 '
b11111110110111 <
b1100100 :
b1100100 8
b1100100 1
b1100100 /
b1100100 C
b1100100 A
b1100100 D
b1100100 2
b1100100 ;
b1111111111111110111011100101001101111101 ,
b1100000010000100110100011101 >
1$
#1230
0$
#1231
b1010000011101101101111010011 !
b1010000011101101101111010011 ?
b1111111111111110101101101000111111001100 #
b1111111111111110101101101000111111001100 -
b1001100111 )
b1111000000010101 %
b1111000000010101 *
b11100000010101 '
b11100000010101 <
b1100100 :
b1100100 8
b1100100 1
b1100100 /
b1100100 C
b1100100 A
b1100100 D
b1100100 2
b1100100 ;
b1111111111111110101101101000111111001100 ,
b1010000011101101101111010011 >
1$
#1232
0$
#1233
b100100110101110111100111000 !
b100100110101110111100111000 ?
b1111111111111111000101100000001111110011 #
b1111111111111111000101100000001111110011 -
b1001101000 )
b1100110000111001 %
b1100110000111001 *
b1110100001110 '
b1110100001110 <
b1100100 :
b1100100 8
b1100100 1
b1100100 /
b1100100 C
b1100100 A
b1100100 D
b1100100 2
b1100100 ;
b1111111111111111000101100000001111110011 ,
b100100110101110111100111000 >
1$
#1234
0$
#1235
b1111111111111101100011110100101010101110 !
b1111111111111101100011110100101010101110 ?
b1111111111111111111000001101111110101111 #
b1111111111111111111000001101111110101111 -
b1001101001 )
b1100000000100000 %
b1100000000100000 *
b1111011111111011 '
b1111011111111011 <
b1100100 :
b1100100 8
b1100100 1
b1100100 /
b1100100 C
b1100100 A
b1100100 D
b1100100 2
b1100100 ;
b1111111111111111111000001101111110101111 ,
b1111111111111101100011110100101010101110 >
1$
#1236
0$
#1237
b1111111111110111010110111011001010111101 !
b1111111111110111010110111011001010111101 ?
b101110100000011011100110 #
b101110100000011011100110 -
b1001101010 )
b1101000101011001 %
b1101000101011001 *
b1101010110101101 '
b1101010110101101 <
b1100100 :
b1100100 8
b1100100 1
b1100100 /
b1100100 C
b1100100 A
b1100100 D
b1100100 2
b1100100 ;
b101110100000011011100110 ,
b1111111111110111010110111011001010111101 >
1$
#1238
0$
#1239
b1111111111110100001001010011010000000100 !
b1111111111110100001001010011010000000100 ?
b1001111011100110111011011 #
b1001111011100110111011011 -
b1001101011 )
b1111011111111011 %
b1111011111111011 *
b1100001000000011 '
b1100001000000011 <
b1100100 :
b1100100 8
b1100100 1
b1100100 /
b1100100 C
b1100100 A
b1100100 D
b1100100 2
b1100100 ;
b1001111011100110111011011 ,
b1111111111110100001001010011010000000100 >
1$
#1240
0$
#1241
b1111111111110101000010000100000101011110 !
b1111111111110101000010000100000101011110 ?
b1001011111011100001011100 #
b1001011111011100001011100 -
b1001101100 )
b10001001001011 %
b10001001001011 *
b1100001111001001 '
b1100001111001001 <
b1100100 :
b1100100 8
b1100100 1
b1100100 /
b1100100 C
b1100100 A
b1100100 D
b1100100 2
b1100100 ;
b1001011111011100001011100 ,
b1111111111110101000010000100000101011110 >
1$
#1242
0$
#1243
b1111111111111001101101100101010001100010 !
b1111111111111001101101100101010001100010 ?
b100101100011110010101010 #
b100101100011110010101010 -
b1001101101 )
b11110011011110 %
b11110011011110 *
b1101101001100010 '
b1101101001100010 <
b1100100 :
b1100100 8
b1100100 1
b1100100 /
b1100100 C
b1100100 A
b1100100 D
b1100100 2
b1100100 ;
b100101100011110010101010 ,
b1111111111111001101101100101010001100010 >
1$
#1244
0$
#1245
b100100010001010110100000 !
b100100010001010110100000 ?
b1111111111111111101101111100110001000001 #
b1111111111111111101101111100110001000001 -
b1001101110 )
b11101110000001 %
b11101110000001 *
b1111110111111101 '
b1111110111111101 <
b1100100 :
b1100100 8
b1100100 1
b1100100 /
b1100100 C
b1100100 A
b1100100 D
b1100100 2
b1100100 ;
b1111111111111111101101111100110001000001 ,
b100100010001010110100000 >
1$
#1246
0$
#1247
b111001110011010100001010100 !
b111001110011010100001010100 ?
b1111111111111110111110100111111100000100 #
b1111111111111110111110100111111100000100 -
b1001101111 )
b1111011010101 %
b1111011010101 *
b10001001001011 '
b10001001001011 <
b1100100 :
b1100100 8
b1100100 1
b1100100 /
b1100100 C
b1100100 A
b1100100 D
b1100100 2
b1100100 ;
b1111111111111110111110100111111100000100 ,
b111001110011010100001010100 >
1$
#1248
0$
#1249
b1011011000101000101011001100 !
b1011011000101000101011001100 ?
b1111111111111110101101010011011101111101 #
b1111111111111110101101010011011101111101 -
b1001110000 )
b1111010000000010 %
b1111010000000010 *
b11101010111100 '
b11101010111100 <
b1100100 :
b1100100 8
b1100100 1
b1100100 /
b1100100 C
b1100100 A
b1100100 D
b1100100 2
b1100100 ;
b1111111111111110101101010011011101111101 ,
b1011011000101000101011001100 >
1$
#1250
0$
#1251
b1011100110110111011000101001 !
b1011100110110111011000101001 ?
b1111111111111111000001111100001000011001 #
b1111111111111111000001111100001000011001 -
b1001110001 )
b1100111010110000 %
b1100111010110000 *
b11111011011110 '
b11111011011110 <
b1100100 :
b1100100 8
b1100100 1
b1100100 /
b1100100 C
b1100100 A
b1100100 D
b1100100 2
b1100100 ;
b1111111111111111000001111100001000011001 ,
b1011100110110111011000101001 >
1$
#1252
0$
#1253
b111110100001011101110011010 !
b111110100001011101110011010 ?
b1111111111111111110011000011110011001110 #
b1111111111111111110011000011110011001110 -
b1001110010 )
b1100000000000000 %
b1100000000000000 *
b10110101000001 '
b10110101000001 <
b1100100 :
b1100100 8
b1100100 1
b1100100 /
b1100100 C
b1100100 A
b1100100 D
b1100100 2
b1100100 ;
b1111111111111111110011000011110011001110 ,
b111110100001011101110011010 >
1$
#1254
0$
#1255
b1010100100001001011011100 !
b1010100100001001011011100 ?
b101010000111101000110011 #
b101010000111101000110011 -
b1001110011 )
b1100111010110000 %
b1100111010110000 *
b101111111110 '
b101111111110 <
b1100100 :
b1100100 8
b1100100 1
b1100100 /
b1100100 C
b1100100 A
b1100100 D
b1100100 2
b1100100 ;
b101010000111101000110011 ,
b1010100100001001011011100 >
1$
#1256
0$
#1257
b1111111111111010010111100111111101110100 !
b1111111111111010010111100111111101110100 ?
b1001101110110010100000000 #
b1001101110110010100000000 -
b1001110100 )
b1111010000000010 %
b1111010000000010 *
b1110011010010101 '
b1110011010010101 <
b1100100 :
b1100100 8
b1100100 1
b1100100 /
b1100100 C
b1100100 A
b1100100 D
b1100100 2
b1100100 ;
b1001101110110010100000000 ,
b1111111111111010010111100111111101110100 >
1$
#1258
0$
#1259
b1111111111110101010111010111001111100111 !
b1111111111110101010111010111001111100111 ?
b1001110101 )
b1111011010101 %
b1111011010101 *
b1100100111110111 '
b1100100111110111 <
b1100100 :
b1100100 8
b1100100 1
b1100100 /
b1100100 C
b1100100 A
b1100100 D
b1100100 2
b1100100 ;
b1001101110110010100000000 ,
b1111111111110101010111010111001111100111 >
1$
#1260
0$
#1261
b1111111111110100000010011111100100111001 !
b1111111111110100000010011111100100111001 ?
b101010000111101000110011 #
b101010000111101000110011 -
b1001110110 )
b11101110000001 %
b11101110000001 *
b1100000000001000 '
b1100000000001000 <
b1100100 :
b1100100 8
b1100100 1
b1100100 /
b1100100 C
b1100100 A
b1100100 D
b1100100 2
b1100100 ;
b101010000111101000110011 ,
b1111111111110100000010011111100100111001 >
1$
#1262
0$
#1263
b1111111111110110110110010111011011101100 !
b1111111111110110110110010111011011101100 ?
b1111111111111111110011000011110011001110 #
b1111111111111111110011000011110011001110 -
b1001110111 )
b11110011011110 %
b11110011011110 *
b1100110000111001 '
b1100110000111001 <
b1100100 :
b1100100 8
b1100100 1
b1100100 /
b1100100 C
b1100100 A
b1100100 D
b1100100 2
b1100100 ;
b1111111111111111110011000011110011001110 ,
b1111111111110110110110010111011011101100 >
1$
#1264
0$
#1265
b1111111111111100110100110001100010110111 !
b1111111111111100110100110001100010110111 ?
b1111111111111111000001111100001000011001 #
b1111111111111111000001111100001000011001 -
b1001111000 )
b10001001001011 %
b10001001001011 *
b1110101001010010 '
b1110101001010010 <
b1100100 :
b1100100 8
b1100100 1
b1100100 /
b1100100 C
b1100100 A
b1100100 D
b1100100 2
b1100100 ;
b1111111111111111000001111100001000011001 ,
b1111111111111100110100110001100010110111 >
1$
#1266
0$
#1267
b11111001011101110010011111 !
b11111001011101110010011111 ?
b1111111111111110101101010011011101111101 #
b1111111111111110101101010011011101111101 -
b1001111001 )
b1111011111111011 %
b1111011111111011 *
b111111101011 '
b111111101011 <
b1100100 :
b1100100 8
b1100100 1
b1100100 /
b1100100 C
b1100100 A
b1100100 D
b1100100 2
b1100100 ;
b1111111111111110101101010011011101111101 ,
b11111001011101110010011111 >
1$
#1268
0$
#1269
b1001100111111000011010100001 !
b1001100111111000011010100001 ?
b1111111111111110111110100111111100000100 #
b1111111111111110111110100111111100000100 -
b1001111010 )
b1101000101011001 %
b1101000101011001 *
b11000000000010 '
b11000000000010 <
b1100100 :
b1100100 8
b1100100 1
b1100100 /
b1100100 C
b1100100 A
b1100100 D
b1100100 2
b1100100 ;
b1111111111111110111110100111111100000100 ,
b1001100111111000011010100001 >
1$
#1270
0$
#1271
b1100000001010011010001001010 !
b1100000001010011010001001010 ?
b1111111111111111101101111100110001000001 #
b1111111111111111101101111100110001000001 -
b1001111011 )
b1100000000100000 %
b1100000000100000 *
b11111101111111 '
b11111101111111 <
b1100100 :
b1100100 8
b1100100 1
b1100100 /
b1100100 C
b1100100 A
b1100100 D
b1100100 2
b1100100 ;
b1111111111111111101101111100110001000001 ,
b1100000001010011010001001010 >
1$
#1272
0$
#1273
b1010010000101010100110101001 !
b1010010000101010100110101001 ?
b100101100011110010101010 #
b100101100011110010101010 -
b1001111100 )
b1100110000111001 %
b1100110000111001 *
b11100100000110 '
b11100100000110 <
b1100100 :
b1100100 8
b1100100 1
b1100100 /
b1100100 C
b1100100 A
b1100100 D
b1100100 2
b1100100 ;
b100101100011110010101010 ,
b1010010000101010100110101001 >
1$
#1274
0$
#1275
b100111100111011011101101101 !
b100111100111011011101101101 ?
b1001011111011100001011100 #
b1001011111011100001011100 -
b1001111101 )
b1111000000010101 %
b1111000000010101 *
b1111011010101 '
b1111011010101 <
b1100100 :
b1100100 8
b1100100 1
b1100100 /
b1100100 C
b1100100 A
b1100100 D
b1100100 2
b1100100 ;
b1001011111011100001011100 ,
b100111100111011011101101101 >
1$
#1276
0$
#1277
b1111111111111101111011100101011111010100 !
b1111111111111101111011100101011111010100 ?
b1001111011100110111011011 #
b1001111011100110111011011 -
b1001111110 )
b1101101000000 %
b1101101000000 *
b1111100111111010 '
b1111100111111010 <
b1100100 :
b1100100 8
b1100100 1
b1100100 /
b1100100 C
b1100100 A
b1100100 D
b1100100 2
b1100100 ;
b1001111011100110111011011 ,
b1111111111111101111011100101011111010100 >
1$
#1278
0$
#1279
b1111111111110111101000000010010101000011 !
b1111111111110111101000000010010101000011 ?
b101110100000011011100110 #
b101110100000011011100110 -
b1001111111 )
b11100111101001 %
b11100111101001 *
b1101011100110100 '
b1101011100110100 <
b1100100 :
b1100100 8
b1100100 1
b1100100 /
b1100100 C
b1100100 A
b1100100 D
b1100100 2
b1100100 ;
b101110100000011011100110 ,
b1111111111110111101000000010010101000011 >
1$
#1280
0$
#1281
b1111111111110100001101110110000011000110 !
b1111111111110100001101110110000011000110 ?
b1111111111111111111000001101111110101111 #
b1111111111111111111000001101111110101111 -
b1010000000 )
b11110111111101 %
b11110111111101 *
b1100001010001011 '
b1100001010001011 <
b1100100 :
b1100100 8
b1100100 1
b1100100 /
b1100100 C
b1100100 A
b1100100 D
b1100100 2
b1100100 ;
b1111111111111111111000001101111110101111 ,
b1111111111110100001101110110000011000110 >
1$
#1282
0$
#1283
b1111111111110100111000011110000100010101 !
b1111111111110100111000011110000100010101 ?
b1111111111111111000101100000001111110011 #
b1111111111111111000101100000001111110011 -
b1010000001 )
b10010110011110 %
b10010110011110 *
b1100001100100010 '
b1100001100100010 <
b1100100 :
b1100100 8
b1100100 1
b1100100 /
b1100100 C
b1100100 A
b1100100 D
b1100100 2
b1100100 ;
b1111111111111111000101100000001111110011 ,
b1111111111110100111000011110000100010101 >
1$
#1284
0$
#1285
b1111111111111001011001001010111101010101 !
b1111111111111001011001001010111101010101 ?
b1111111111111110101101101000111111001100 #
b1111111111111110101101101000111111001100 -
b1010000010 )
b1111101111111011 %
b1111101111111011 *
b1101100011000110 '
b1101100011000110 <
b1100100 :
b1100100 8
b1100100 1
b1100100 /
b1100100 C
b1100100 A
b1100100 D
b1100100 2
b1100100 ;
b1111111111111110101101101000111111001100 ,
b1111111111111001011001001010111101010101 >
1$
#1286
0$
#1287
b1100000110101101101001 !
b1100000110101101101001 ?
b1111111111111110111011100101001101111101 #
b1111111111111110111011100101001101111101 -
b1010000011 )
b1101010000110000 %
b1101010000110000 *
b1111101111111011 '
b1111101111111011 <
b1100100 :
b1100100 8
b1100100 1
b1100100 /
b1100100 C
b1100100 A
b1100100 D
b1100100 2
b1100100 ;
b1111111111111110111011100101001101111101 ,
b1100000110101101101001 >
1$
#1288
0$
#1289
b110111010110110101010001110 !
b110111010110110101010001110 ?
b1111111111111111101000111011011101011010 #
b1111111111111111101000111011011101011010 -
b1010000100 )
b1100000010000001 %
b1100000010000001 *
b10000010010100 '
b10000010010100 <
b1100100 :
b1100100 8
b1100100 1
b1100100 /
b1100100 C
b1100100 A
b1100100 D
b1100100 2
b1100100 ;
b1111111111111111101000111011011101011010 ,
b110111010110110101010001110 >
1$
#1290
0$
#1291
b1011010000011100101110111100 !
b1011010000011100101110111100 ?
b100000110111101011000110 #
b100000110111101011000110 -
b1010000101 )
b1100100111110111 %
b1100100111110111 *
b11100111101001 '
b11100111101001 <
b1100100 :
b1100100 8
b1100100 1
b1100100 /
b1100100 C
b1100100 A
b1100100 D
b1100100 2
b1100100 ;
b100000110111101011000110 ,
b1011010000011100101110111100 >
1$
#1292
0$
#1293
b1011101100111000101110110001 !
b1011101100111000101110110001 ?
b1001001101110101000011010 #
b1001001101110101000011010 -
b1010000110 )
b1110110000111001 %
b1110110000111001 *
b11111100110110 '
b11111100110110 <
b1100100 :
b1100100 8
b1100100 1
b1100100 /
b1100100 C
b1100100 A
b1100100 D
b1100100 2
b1100100 ;
b1001001101110101000011010 ,
b1011101100111000101110110001 >
1$
#1294
0$
#1295
b1000000110010101001101101000 !
b1000000110010101001101101000 ?
b1010000110000000111011001 #
b1010000110000000111011001 -
b1010000111 )
b1011110001111 %
b1011110001111 *
b10111010100111 '
b10111010100111 <
b1100100 :
b1100100 8
b1100100 1
b1100100 /
b1100100 C
b1100100 A
b1100100 D
b1100100 2
b1100100 ;
b1010000110000000111011001 ,
b1000000110010101001101101000 >
1$
#1296
0$
#1297
b1101100100001001100011000 !
b1101100100001001100011000 ?
b110010101101110010011110 #
b110010101101110010011110 -
b1010001000 )
b11100000010101 %
b11100000010101 *
b110111110110 '
b110111110110 <
b1100100 :
b1100100 8
b1100100 1
b1100100 /
b1100100 C
b1100100 A
b1100100 D
b1100100 2
b1100100 ;
b110010101101110010011110 ,
b1101100100001001100011000 >
1$
#1298
0$
#1299
b1111111111111010101101001011010100100000 !
b1111111111111010101101001011010100100000 ?
b1111111111111111111101011001111001111110 #
b1111111111111111111101011001111001111110 -
b1010001001 )
b11111011011110 %
b11111011011110 *
b1110100001110001 '
b1110100001110001 <
b1100100 :
b1100100 8
b1100100 1
b1100100 /
b1100100 C
b1100100 A
b1100100 D
b1100100 2
b1100100 ;
b1111111111111111111101011001111001111110 ,
b1111111111111010101101001011010100100000 >
1$
#1300
0$
#1301
b1111111111110101100011000000111001011001 !
b1111111111110101100011000000111001011001 ?
b1111111111111111001001010010011000110101 #
b1111111111111111001001010010011000110101 -
b1010001010 )
b10100011001100 %
b10100011001100 *
b1100101100010001 '
b1100101100010001 <
b1100100 :
b1100100 8
b1100100 1
b1100100 /
b1100100 C
b1100100 A
b1100100 D
b1100100 2
b1100100 ;
b1111111111111111001001010010011000110101 ,
b1111111111110101100011000000111001011001 >
1$
#1302
0$
#1303
b1111111111110100000000001101101000000110 !
b1111111111110100000000001101101000000110 ?
b1111111111111110101110010010000111000001 #
b1111111111111110101110010010000111000001 -
b1010001011 )
b0 %
b0 *
b1100000000000000 '
b1100000000000000 <
b1100100 :
b1100100 8
b1100100 1
b1100100 /
b1100100 C
b1100100 A
b1100100 D
b1100100 2
b1100100 ;
b1111111111111110101110010010000111000001 ,
b1111111111110100000000001101101000000110 >
1$
#1304
0$
#1305
b1111111111110110100110111100010101001001 !
b1111111111110110100110111100010101001001 ?
b1111111111111110111000110010010001010110 #
b1111111111111110111000110010010001010110 -
b1010001100 )
b1101011100110100 %
b1101011100110100 *
b1100101100010001 '
b1100101100010001 <
b1100100 :
b1100100 8
b1100100 1
b1100100 /
b1100100 C
b1100100 A
b1100100 D
b1100100 2
b1100100 ;
b1111111111111110111000110010010001010110 ,
b1111111111110110100110111100010101001001 >
1$
#1306
0$
#1307
b1111111111111100011101100010101001111101 !
b1111111111111100011101100010101001111101 ?
b1111111111111111100011111110010101101111 #
b1111111111111111100011111110010101101111 -
b1010001101 )
b1100000100100010 %
b1100000100100010 *
b1110100001110001 '
b1110100001110001 <
b1100100 :
b1100100 8
b1100100 1
b1100100 /
b1100100 C
b1100100 A
b1100100 D
b1100100 2
b1100100 ;
b1111111111111111100011111110010101101111 ,
b1111111111111100011101100010101001111101 >
1$
#1308
0$
#1309
b11100010011101010110000011 !
b11100010011101010110000011 ?
b11100000001101010010001 #
b11100000001101010010001 -
b1010001110 )
b1100011111101011 %
b1100011111101011 *
b110111110110 '
b110111110110 <
b1100100 :
b1100100 8
b1100100 1
b1100100 /
b1100100 C
b1100100 A
b1100100 D
b1100100 2
b1100100 ;
b11100000001101010010001 ,
b11100010011101010110000011 >
1$
#1310
0$
#1311
b1001011001000011101010110111 !
b1001011001000011101010110111 ?
b1000111001101101110101010 #
b1000111001101101110101010 -
b1010001111 )
b1110100001110001 %
b1110100001110001 *
b10111010100111 '
b10111010100111 <
b1100100 :
b1100100 8
b1100100 1
b1100100 /
b1100100 C
b1100100 A
b1100100 D
b1100100 2
b1100100 ;
b1000111001101101110101010 ,
b1001011001000011101010110111 >
1$
#1312
0$
#1313
b1011111111110010010111111010 !
b1011111111110010010111111010 ?
b1010001101101111000111111 #
b1010001101101111000111111 -
b1010010000 )
b1001111000111 %
b1001111000111 *
b11111100110110 '
b11111100110110 <
b1100100 :
b1100100 8
b1100100 1
b1100100 /
b1100100 C
b1100100 A
b1100100 D
b1100100 2
b1100100 ;
b1010001101101111000111111 ,
b1011111111110010010111111010 >
1$
#1314
0$
#1315
b1010011100111111000110100111 !
b1010011100111111000110100111 ?
b110110101101100111001011 #
b110110101101100111001011 -
b1010010001 )
b11011000001001 %
b11011000001001 *
b11100111101001 '
b11100111101001 <
b1100100 :
b1100100 8
b1100100 1
b1100100 /
b1100100 C
b1100100 A
b1100100 D
b1100100 2
b1100100 ;
b110110101101100111001011 ,
b1010011100111111000110100111 >
1$
#1316
0$
#1317
b101010010110100101011100000 !
b101010010110100101011100000 ?
b10100110000110000010 #
b10100110000110000010 -
b1010010010 )
b11111101111111 %
b11111101111111 *
b10000010010100 '
b10000010010100 <
b1100100 :
b1100100 8
b1100100 1
b1100100 /
b1100100 C
b1100100 A
b1100100 D
b1100100 2
b1100100 ;
b10100110000110000010 ,
b101010010110100101011100000 >
1$
#1318
0$
#1319
b1111111111111110010011011110110011101000 !
b1111111111111110010011011110110011101000 ?
b1111111111111111001101010010001101100010 #
b1111111111111111001101010010001101100010 -
b1010010011 )
b10101111010000 %
b10101111010000 *
b1111101111111011 '
b1111101111111011 <
b1100100 :
b1100100 8
b1100100 1
b1100100 /
b1100100 C
b1100100 A
b1100100 D
b1100100 2
b1100100 ;
b1111111111111111001101010010001101100010 ,
b1111111111111110010011011110110011101000 >
1$
#1320
0$
#1321
b1111111111110111111001101010110010011000 !
b1111111111110111111001101010110010011000 ?
b1111111111111110101111001111111000100111 #
b1111111111111110101111001111111000100111 -
b1010010100 )
b10000000101 %
b10000000101 *
b1101100011000110 '
b1101100011000110 <
b1100100 :
b1100100 8
b1100100 1
b1100100 /
b1100100 C
b1100100 A
b1100100 D
b1100100 2
b1100100 ;
b1111111111111110101111001111111000100111 ,
b1111111111110111111001101010110010011000 >
1$
#1322
0$
#1323
b1111111111110100010011000111010001001111 !
b1111111111110100010011000111010001001111 ?
b1111111111111110110110010001010111100110 #
b1111111111111110110110010001010111100110 -
b1010010101 )
b1101101001100010 %
b1101101001100010 *
b1100001100100010 '
b1100001100100010 <
b1100100 :
b1100100 8
b1100100 1
b1100100 /
b1100100 C
b1100100 A
b1100100 D
b1100100 2
b1100100 ;
b1111111111111110110110010001010111100110 ,
b1111111111110100010011000111010001001111 >
1$
#1324
0$
#1325
b1111111111110100101111100011010001000100 !
b1111111111110100101111100011010001000100 ?
b1111111111111111011111001000010100111010 #
b1111111111111111011111001000010100111010 -
b1010010110 )
b1100001000000011 %
b1100001000000011 *
b1100001010001011 '
b1100001010001011 <
b1100100 :
b1100100 8
b1100100 1
b1100100 /
b1100100 C
b1100100 A
b1100100 D
b1100100 2
b1100100 ;
b1111111111111111011111001000010100111010 ,
b1111111111110100101111100011010001000100 >
1$
#1326
0$
#1327
b1111111111111001000101001001010101110010 !
b1111111111111001000101001001010101110010 ?
b10111000100100010100110 #
b10111000100100010100110 -
b1010010111 )
b1100011000010111 %
b1100011000010111 *
b1101011100110100 '
b1101011100110100 <
b1100100 :
b1100100 8
b1100100 1
b1100100 /
b1100100 C
b1100100 A
b1100100 D
b1100100 2
b1100100 ;
b10111000100100010100110 ,
b1111111111111001000101001001010101110010 >
1$
#1328
0$
#1329
b1111111111111111110011111001010010010111 !
b1111111111111111110011111001010010010111 ?
b1000100011010110010000011 #
b1000100011010110010000011 -
b1010011000 )
b1110010011000000 %
b1110010011000000 *
b1111100111111010 '
b1111100111111010 <
b1100100 :
b1100100 8
b1100100 1
b1100100 /
b1100100 C
b1100100 A
b1100100 D
b1100100 2
b1100100 ;
b1000100011010110010000011 ,
b1111111111111111110011111001010010010111 >
1$
#1330
0$
#1331
b110100110110101000010101011 !
b110100110110101000010101011 ?
b1010010010111000000110100 #
b1010010010111000000110100 -
b1010011001 )
b111111101011 %
b111111101011 *
b1111011010101 '
b1111011010101 <
b1100100 :
b1100100 8
b1100100 1
b1100100 /
b1100100 C
b1100100 A
b1100100 D
b1100100 2
b1100100 ;
b1010010010111000000110100 ,
b110100110110101000010101011 >
1$
#1332
0$
#1333
b1011000111100001111011101011 !
b1011000111100001111011101011 ?
b111010011111110000001101 #
b111010011111110000001101 -
b1010011010 )
b11001111000111 %
b11001111000111 *
b11100100000110 '
b11100100000110 <
b1100100 :
b1100100 8
b1100100 1
b1100100 /
b1100100 C
b1100100 A
b1100100 D
b1100100 2
b1100100 ;
b111010011111110000001101 ,
b1011000111100001111011101011 >
1$
#1334
0$
#1335
b1011110010001001111100111010 !
b1011110010001001111100111010 ?
b111110010000001010001 #
b111110010000001010001 -
b1010011011 )
b11111111100000 %
b11111111100000 *
b11111101111111 '
b11111101111111 <
b1100100 :
b1100100 8
b1100100 1
b1100100 /
b1100100 C
b1100100 A
b1100100 D
b1100100 2
b1100100 ;
b111110010000001010001 ,
b1011110010001001111100111010 >
1$
#1336
0$
#1337
b1000010111111101101010111101 !
b1000010111111101101010111101 ?
b1111111111111111010001011111100100011010 #
b1111111111111111010001011111100100011010 -
b1010011100 )
b10111010100111 %
b10111010100111 *
b11000000000010 '
b11000000000010 <
b1100100 :
b1100100 8
b1100100 1
b1100100 /
b1100100 C
b1100100 A
b1100100 D
b1100100 2
b1100100 ;
b1111111111111111010001011111100100011010 ,
b1000010111111101101010111101 >
1$
#1338
0$
#1339
b10000100011010100000101100 !
b10000100011010100000101100 ?
b1111111111111110110000100011001000100101 #
b1111111111111110110000100011001000100101 -
b1010011101 )
b100000000101 %
b100000000101 *
b111111101011 '
b111111101011 <
b1100100 :
b1100100 8
b1100100 1
b1100100 /
b1100100 C
b1100100 A
b1100100 D
b1100100 2
b1100100 ;
b1111111111111110110000100011001000100101 ,
b10000100011010100000101100 >
1$
#1340
0$
#1341
b1111111111111011000011000100100010010011 !
b1111111111111011000011000100100010010011 ?
b1111111111111110110100000100011110100100 #
b1111111111111110110100000100011110100100 -
b1010011110 )
b1101110110110101 %
b1101110110110101 *
b1110101001010010 '
b1110101001010010 <
b1100100 :
b1100100 8
b1100100 1
b1100100 /
b1100100 C
b1100100 A
b1100100 D
b1100100 2
b1100100 ;
b1111111111111110110100000100011110100100 ,
b1111111111111011000011000100100010010011 >
1$
#1342
0$
#1343
b1111111111110101101111010101011001010111 !
b1111111111110101101111010101011001010111 ?
b1111111111111111011010011100001101010110 #
b1111111111111111011010011100001101010110 -
b1010011111 )
b1100001100100010 %
b1100001100100010 *
b1100110000111001 '
b1100110000111001 <
b1100100 :
b1100100 8
b1100100 1
b1100100 /
b1100100 C
b1100100 A
b1100100 D
b1100100 2
b1100100 ;
b1111111111111111011010011100001101010110 ,
b1111111111110101101111010101011001010111 >
1$
#1344
0$
#1345
b1111111111110011111110101100101110110110 !
b1111111111110011111110101100101110110110 ?
b10010000011001110111111 #
b10010000011001110111111 -
b1010100000 )
b1100010001111111 %
b1100010001111111 *
b1100000000001000 '
b1100000000001000 <
b1100100 :
b1100100 8
b1100100 1
b1100100 /
b1100100 C
b1100100 A
b1100100 D
b1100100 2
b1100100 ;
b10010000011001110111111 ,
b1111111111110011111110101100101110110110 >
1$
#1346
0$
#1347
b1111111111110110011000000111100101011111 !
b1111111111110110011000000111100101011111 ?
b1000001011000000011111100 #
b1000001011000000011111100 -
b1010100001 )
b1110000100101011 %
b1110000100101011 *
b1100100111110111 '
b1100100111110111 <
b1100100 :
b1100100 8
b1100100 1
b1100100 /
b1100100 C
b1100100 A
b1100100 D
b1100100 2
b1100100 ;
b1000001011000000011111100 ,
b1111111111110110011000000111100101011111 >
1$
#1348
0$
#1349
b1111111111111100000110100010001101100001 !
b1111111111111100000110100010001101100001 ?
b1010010101100100010000011 #
b1010010101100100010000011 -
b1010100010 )
b101111111110 %
b101111111110 *
b1110011010010101 '
b1110011010010101 <
b1100100 :
b1100100 8
b1100100 1
b1100100 /
b1100100 C
b1100100 A
b1100100 D
b1100100 2
b1100100 ;
b1010010101100100010000011 ,
b1111111111111100000110100010001101100001 >
1$
#1350
0$
#1351
b11001011001110011101001001 !
b11001011001110011101001001 ?
b111110000011110111100111 #
b111110000011110111100111 -
b1010100011 )
b11000101010000 %
b11000101010000 *
b101111111110 '
b101111111110 <
b1100100 :
b1100100 8
b1100100 1
b1100100 /
b1100100 C
b1100100 A
b1100100 D
b1100100 2
b1100100 ;
b111110000011110111100111 ,
b11001011001110011101001001 >
1$
#1352
0$
#1353
b1001001001101000100100010100 !
b1001001001101000100100010100 ?
b1100111100001100110010 #
b1100111100001100110010 -
b1010100100 )
b100000000000000 %
b100000000000000 *
b10110101000001 '
b10110101000001 <
b1100100 :
b1100100 8
b1100100 1
b1100100 /
b1100100 C
b1100100 A
b1100100 D
b1100100 2
b1100100 ;
b1100111100001100110010 ,
b1001001001101000100100010100 >
1$
#1354
0$
#1355
b1011111101100000011011000111 !
b1011111101100000011011000111 ?
b1111111111111111010101111000010111001101 #
b1111111111111111010101111000010111001101 -
b1010100101 )
b11000101010000 %
b11000101010000 *
b11111011011110 '
b11111011011110 <
b1100100 :
b1100100 8
b1100100 1
b1100100 /
b1100100 C
b1100100 A
b1100100 D
b1100100 2
b1100100 ;
b1111111111111111010101111000010111001101 ,
b1011111101100000011011000111 >
1$
#1356
0$
#1357
b1010101000101000110000011001 !
b1010101000101000110000011001 ?
b1111111111111110110010001001101100000000 #
b1111111111111110110010001001101100000000 -
b1010100110 )
b101111111110 %
b101111111110 *
b11101010111100 '
b11101010111100 <
b1100100 :
b1100100 8
b1100100 1
b1100100 /
b1100100 C
b1100100 A
b1100100 D
b1100100 2
b1100100 ;
b1111111111111110110010001001101100000000 ,
b1010101000101000110000011001 >
1$
#1358
0$
#1359
b101101000011000000010001100 !
b101101000011000000010001100 ?
b1010100111 )
b1110000100101011 %
b1110000100101011 *
b10001001001011 '
b10001001001011 <
b1100100 :
b1100100 8
b1100100 1
b1100100 /
b1100100 C
b1100100 A
b1100100 D
b1100100 2
b1100100 ;
b1111111111111110110010001001101100000000 ,
b101101000011000000010001100 >
1$
#1360
0$
#1361
b1111111111111110101011011110110100100100 !
b1111111111111110101011011110110100100100 ?
b1111111111111111010101111000010111001101 #
b1111111111111111010101111000010111001101 -
b1010101000 )
b1100010001111111 %
b1100010001111111 *
b1111110111111101 '
b1111110111111101 <
b1100100 :
b1100100 8
b1100100 1
b1100100 /
b1100100 C
b1100100 A
b1100100 D
b1100100 2
b1100100 ;
b1111111111111111010101111000010111001101 ,
b1111111111111110101011011110110100100100 >
1$
#1362
0$
#1363
b1111111111111000001011110100010001100110 !
b1111111111111000001011110100010001100110 ?
b1100111100001100110010 #
b1100111100001100110010 -
b1010101001 )
b1100001100100010 %
b1100001100100010 *
b1101101001100010 '
b1101101001100010 <
b1100100 :
b1100100 8
b1100100 1
b1100100 /
b1100100 C
b1100100 A
b1100100 D
b1100100 2
b1100100 ;
b1100111100001100110010 ,
b1111111111111000001011110100010001100110 >
1$
#1364
0$
#1365
b1111111111110100011001001000100111010111 !
b1111111111110100011001001000100111010111 ?
b111110000011110111100111 #
b111110000011110111100111 -
b1010101010 )
b1101110110110101 %
b1101110110110101 *
b1100001111001001 '
b1100001111001001 <
b1100100 :
b1100100 8
b1100100 1
b1100100 /
b1100100 C
b1100100 A
b1100100 D
b1100100 2
b1100100 ;
b111110000011110111100111 ,
b1111111111110100011001001000100111010111 >
1$
#1366
0$
#1367
b1111111111110100100111010111010100110100 !
b1111111111110100100111010111010100110100 ?
b1010010101100100010000011 #
b1010010101100100010000011 -
b1010101011 )
b100000000101 %
b100000000101 *
b1100001000000011 '
b1100001000000011 <
b1100100 :
b1100100 8
b1100100 1
b1100100 /
b1100100 C
b1100100 A
b1100100 D
b1100100 2
b1100100 ;
b1010010101100100010000011 ,
b1111111111110100100111010111010100110100 >
1$
#1368
0$
#1369
b1111111111111000110001100101011110101100 !
b1111111111111000110001100101011110101100 ?
b1000001011000000011111100 #
b1000001011000000011111100 -
b1010101100 )
b10111010100111 %
b10111010100111 *
b1101010110101101 '
b1101010110101101 <
b1100100 :
b1100100 8
b1100100 1
b1100100 /
b1100100 C
b1100100 A
b1100100 D
b1100100 2
b1100100 ;
b1000001011000000011111100 ,
b1111111111111000110001100101011110101100 >
1$
#1370
0$
#1371
b1111111111111111011011101110101001100000 !
b1111111111111111011011101110101001100000 ?
b10010000011001110111111 #
b10010000011001110111111 -
b1010101101 )
b11111111100000 %
b11111111100000 *
b1111011111111011 '
b1111011111111011 <
b1100100 :
b1100100 8
b1100100 1
b1100100 /
b1100100 C
b1100100 A
b1100100 D
b1100100 2
b1100100 ;
b10010000011001110111111 ,
b1111111111111111011011101110101001100000 >
1$
#1372
0$
#1373
b110010010011010101110011110 !
b110010010011010101110011110 ?
b1111111111111111011010011100001101010110 #
b1111111111111111011010011100001101010110 -
b1010101110 )
b11001111000111 %
b11001111000111 *
b1110100001110 '
b1110100001110 <
b1100100 :
b1100100 8
b1100100 1
b1100100 /
b1100100 C
b1100100 A
b1100100 D
b1100100 2
b1100100 ;
b1111111111111111011010011100001101010110 ,
b110010010011010101110011110 >
1$
#1374
0$
#1375
b1010111101111011111010100010 !
b1010111101111011111010100010 ?
b1111111111111110110100000100011110100100 #
b1111111111111110110100000100011110100100 -
b1010101111 )
b111111101011 %
b111111101011 *
b11100000010101 '
b11100000010101 <
b1100100 :
b1100100 8
b1100100 1
b1100100 /
b1100100 C
b1100100 A
b1100100 D
b1100100 2
b1100100 ;
b1111111111111110110100000100011110100100 ,
b1010111101111011111010100010 >
1$
#1376
0$
#1377
b1011110110101100101111111100 !
b1011110110101100101111111100 ?
b1111111111111110110000100011001000100101 #
b1111111111111110110000100011001000100101 -
b1010110000 )
b1110010011000000 %
b1110010011000000 *
b11111110110111 '
b11111110110111 <
b1100100 :
b1100100 8
b1100100 1
b1100100 /
b1100100 C
b1100100 A
b1100100 D
b1100100 2
b1100100 ;
b1111111111111110110000100011001000100101 ,
b1011110110101100101111111100 >
1$
#1378
0$
#1379
b1000101001000100110101000011 !
b1000101001000100110101000011 ?
b1111111111111111010001011111100100011010 #
b1111111111111111010001011111100100011010 -
b1010110001 )
b1100011000010111 %
b1100011000010111 *
b11000101010000 '
b11000101010000 <
b1100100 :
b1100100 8
b1100100 1
b1100100 /
b1100100 C
b1100100 A
b1100100 D
b1100100 2
b1100100 ;
b1111111111111111010001011111100100011010 ,
b1000101001000100110101000011 >
1$
#1380
0$
#1381
b10011100001011010101010010 !
b10011100001011010101010010 ?
b111110010000001010001 #
b111110010000001010001 -
b1010110010 )
b1100001000000011 %
b1100001000000011 *
b1000111011011 '
b1000111011011 <
b1100100 :
b1100100 8
b1100100 1
b1100100 /
b1100100 C
b1100100 A
b1100100 D
b1100100 2
b1100100 ;
b111110010000001010001 ,
b10011100001011010101010010 >
1$
#1382
0$
#1383
b1111111111111011011001010001000011001000 !
b1111111111111011011001010001000011001000 ?
b111010011111110000001101 #
b111010011111110000001101 -
b1010110011 )
b1101101001100010 %
b1101101001100010 *
b1110110000111001 '
b1110110000111001 <
b1100100 :
b1100100 8
b1100100 1
b1100100 /
b1100100 C
b1100100 A
b1100100 D
b1100100 2
b1100100 ;
b111010011111110000001101 ,
b1111111111111011011001010001000011001000 >
1$
#1384
0$
#1385
b1111111111110101111100010010010000101101 !
b1111111111110101111100010010010000101101 ?
b1010010010111000000110100 #
b1010010010111000000110100 -
b1010110100 )
b10000000101 %
b10000000101 *
b1100110101101110 '
b1100110101101110 <
b1100100 :
b1100100 8
b1100100 1
b1100100 /
b1100100 C
b1100100 A
b1100100 D
b1100100 2
b1100100 ;
b1010010010111000000110100 ,
b1111111111110101111100010010010000101101 >
1$
#1386
0$
#1387
b1111111111110011111101111011001011100011 !
b1111111111110011111101111011001011100011 ?
b1000100011010110010000011 #
b1000100011010110010000011 -
b1010110101 )
b10101111010000 %
b10101111010000 *
b1100000000100000 '
b1100000000100000 <
b1100100 :
b1100100 8
b1100100 1
b1100100 /
b1100100 C
b1100100 A
b1100100 D
b1100100 2
b1100100 ;
b1000100011010110010000011 ,
b1111111111110011111101111011001011100011 >
1$
#1388
0$
#1389
b1111111111110110001001111000100111100001 !
b1111111111110110001001111000100111100001 ?
b10111000100100010100110 #
b10111000100100010100110 -
b1010110110 )
b11111101111111 %
b11111101111111 *
b1100100011101010 '
b1100100011101010 <
b1100100 :
b1100100 8
b1100100 1
b1100100 /
b1100100 C
b1100100 A
b1100100 D
b1100100 2
b1100100 ;
b10111000100100010100110 ,
b1111111111110110001001111000100111100001 >
1$
#1390
0$
#1391
b1111111111111011101111110000101110111111 !
b1111111111111011101111110000101110111111 ?
b1111111111111111011111001000010100111010 #
b1111111111111111011111001000010100111010 -
b1010110111 )
b11011000001001 %
b11011000001001 *
b1110010011000000 '
b1110010011000000 <
b1100100 :
b1100100 8
b1100100 1
b1100100 /
b1100100 C
b1100100 A
b1100100 D
b1100100 2
b1100100 ;
b1111111111111111011111001000010100111010 ,
b1111111111111011101111110000101110111111 >
1$
#1392
0$
#1393
b10110011110010011001011010 !
b10110011110010011001011010 ?
b1111111111111110110110010001010111100110 #
b1111111111111110110110010001010111100110 -
b1010111000 )
b1001111000111 %
b1001111000111 *
b101000000011 '
b101000000011 <
b1100100 :
b1100100 8
b1100100 1
b1100100 /
b1100100 C
b1100100 A
b1100100 D
b1100100 2
b1100100 ;
b1111111111111110110110010001010111100110 ,
b10110011110010011001011010 >
1$
#1394
0$
#1395
b1000111001101000100110111110 !
b1000111001101000100110111110 ?
b1111111111111110101111001111111000100111 #
b1111111111111110101111001111111000100111 -
b1010111001 )
b1110100001110001 %
b1110100001110001 *
b10101111010000 '
b10101111010000 <
b1100100 :
b1100100 8
b1100100 1
b1100100 /
b1100100 C
b1100100 A
b1100100 D
b1100100 2
b1100100 ;
b1111111111111110101111001111111000100111 ,
b1000111001101000100110111110 >
1$
#1396
0$
#1397
b1011111010011110101000000100 !
b1011111010011110101000000100 ?
b1111111111111111001101010010001101100010 #
b1111111111111111001101010010001101100010 -
b1010111010 )
b1100011111101011 %
b1100011111101011 *
b11111001110101 '
b11111001110101 <
b1100100 :
b1100100 8
b1100100 1
b1100100 /
b1100100 C
b1100100 A
b1100100 D
b1100100 2
b1100100 ;
b1111111111111111001101010010001101100010 ,
b1011111010011110101000000100 >
1$
#1398
0$
#1399
b1010110011101000000110111000 !
b1010110011101000000110111000 ?
b10100110000110000010 #
b10100110000110000010 -
b1010111011 )
b1100000100100010 %
b1100000100100010 *
b11101110000001 '
b11101110000001 <
b1100100 :
b1100100 8
b1100100 1
b1100100 /
b1100100 C
b1100100 A
b1100100 D
b1100100 2
b1100100 ;
b10100110000110000010 ,
b1010110011101000000110111000 >
1$
#1400
0$
#1401
b101111101100101010001100010 !
b101111101100101010001100010 ?
b110110101101100111001011 #
b110110101101100111001011 -
b1010111100 )
b1101011100110100 %
b1101011100110100 *
b10001111111001 '
b10001111111001 <
b1100100 :
b1100100 8
b1100100 1
b1100100 /
b1100100 C
b1100100 A
b1100100 D
b1100100 2
b1100100 ;
b110110101101100111001011 ,
b101111101100101010001100010 >
1$
#1402
0$
#1403
b1111111111111111000011100100100011011111 !
b1111111111111111000011100100100011011111 ?
b1010001101101111000111111 #
b1010001101101111000111111 -
b1010111101 )
b0 %
b0 *
b0 '
b0 <
b1100100 :
b1100100 8
b1100100 1
b1100100 /
b1100100 C
b1100100 A
b1100100 D
b1100100 2
b1100100 ;
b1010001101101111000111111 ,
b1111111111111111000011100100100011011111 >
1$
#1404
0$
#1405
b1111111111111000011110011101010010101011 !
b1111111111111000011110011101010010101011 ?
b1000111001101101110101010 #
b1000111001101101110101010 -
b1010111110 )
b10100011001100 %
b10100011001100 *
b1101110000000111 '
b1101110000000111 <
b1100100 :
b1100100 8
b1100100 1
b1100100 /
b1100100 C
b1100100 A
b1100100 D
b1100100 2
b1100100 ;
b1000111001101101110101010 ,
b1111111111111000011110011101010010101011 >
1$
#1406
0$
#1407
b1111111111110100011111111000010010000011 !
b1111111111110100011111111000010010000011 ?
b11100000001101010010001 #
b11100000001101010010001 -
b1010111111 )
b11111011011110 %
b11111011011110 *
b1100010001111111 '
b1100010001111111 <
b1100100 :
b1100100 8
b1100100 1
b1100100 /
b1100100 C
b1100100 A
b1100100 D
b1100100 2
b1100100 ;
b11100000001101010010001 ,
b1111111111110100011111111000010010000011 >
1$
#1408
0$
#1409
b1111111111111111100011111110010101101111 #
b1111111111111111100011111110010101101111 -
b1011000000 )
b11100000010101 %
b11100000010101 *
b1100000110001011 '
b1100000110001011 <
b1100100 :
b1100100 8
b1100100 1
b1100100 /
b1100100 C
b1100100 A
b1100100 D
b1100100 2
b1100100 ;
b1111111111111111100011111110010101101111 ,
b1111111111110100011111111000010010000011 >
1$
#1410
0$
#1411
b1111111111111000011110011101010010101011 !
b1111111111111000011110011101010010101011 ?
b1111111111111110111000110010010001010110 #
b1111111111111110111000110010010001010110 -
b1011000001 )
b1011110001111 %
b1011110001111 *
b1101010000110000 '
b1101010000110000 <
b1100100 :
b1100100 8
b1100100 1
b1100100 /
b1100100 C
b1100100 A
b1100100 D
b1100100 2
b1100100 ;
b1111111111111110111000110010010001010110 ,
b1111111111111000011110011101010010101011 >
1$
#1412
0$
#1413
b1111111111111111000011100100100011011111 !
b1111111111111111000011100100100011011111 ?
b1111111111111110101110010010000111000001 #
b1111111111111110101110010010000111000001 -
b1011000010 )
b1110110000111001 %
b1110110000111001 *
b1111010111111101 '
b1111010111111101 <
b1100100 :
b1100100 8
b1100100 1
b1100100 /
b1100100 C
b1100100 A
b1100100 D
b1100100 2
b1100100 ;
b1111111111111110101110010010000111000001 ,
b1111111111111111000011100100100011011111 >
1$
#1414
0$
#1415
b101111101100101010001100010 !
b101111101100101010001100010 ?
b1111111111111111001001010010011000110101 #
b1111111111111111001001010010011000110101 -
b1011000011 )
b1100100111110111 %
b1100100111110111 *
b1101101000000 '
b1101101000000 <
b1100100 :
b1100100 8
b1100100 1
b1100100 /
b1100100 C
b1100100 A
b1100100 D
b1100100 2
b1100100 ;
b1111111111111111001001010010011000110101 ,
b101111101100101010001100010 >
1$
#1416
0$
#1417
b1010110011101000000110111000 !
b1010110011101000000110111000 ?
b1111111111111111111101011001111001111110 #
b1111111111111111111101011001111001111110 -
b1011000100 )
b1100000010000001 %
b1100000010000001 *
b11011100010110 '
b11011100010110 <
b1100100 :
b1100100 8
b1100100 1
b1100100 /
b1100100 C
b1100100 A
b1100100 D
b1100100 2
b1100100 ;
b1111111111111111111101011001111001111110 ,
b1010110011101000000110111000 >
1$
#1418
0$
#1419
b1011111010011110101000000100 !
b1011111010011110101000000100 ?
b110010101101110010011110 #
b110010101101110010011110 -
b1011000101 )
b1101010000110000 %
b1101010000110000 *
b11111111100000 '
b11111111100000 <
b1100100 :
b1100100 8
b1100100 1
b1100100 /
b1100100 C
b1100100 A
b1100100 D
b1100100 2
b1100100 ;
b110010101101110010011110 ,
b1011111010011110101000000100 >
1$
#1420
0$
#1421
b1000111001101000100110111110 !
b1000111001101000100110111110 ?
b1010000110000000111011001 #
b1010000110000000111011001 -
b1011000110 )
b1111101111111011 %
b1111101111111011 *
b11001010010010 '
b11001010010010 <
b1100100 :
b1100100 8
b1100100 1
b1100100 /
b1100100 C
b1100100 A
b1100100 D
b1100100 2
b1100100 ;
b1010000110000000111011001 ,
b1000111001101000100110111110 >
1$
#1422
0$
#1423
b10110011110010011001011010 !
b10110011110010011001011010 ?
b1001001101110101000011010 #
b1001001101110101000011010 -
b1011000111 )
b10010110011110 %
b10010110011110 *
b1001111000111 '
b1001111000111 <
b1100100 :
b1100100 8
b1100100 1
b1100100 /
b1100100 C
b1100100 A
b1100100 D
b1100100 2
b1100100 ;
b1001001101110101000011010 ,
b10110011110010011001011010 >
1$
#1424
0$
#1425
b1111111111111011101111110000101110111111 !
b1111111111111011101111110000101110111111 ?
b100000110111101011000110 #
b100000110111101011000110 -
b1011001000 )
b11110111111101 %
b11110111111101 *
b1110111000100101 '
b1110111000100101 <
b1100100 :
b1100100 8
b1100100 1
b1100100 /
b1100100 C
b1100100 A
b1100100 D
b1100100 2
b1100100 ;
b100000110111101011000110 ,
b1111111111111011101111110000101110111111 >
1$
#1426
0$
#1427
b1111111111110110001001111000100111100001 !
b1111111111110110001001111000100111100001 ?
b1111111111111111101000111011011101011010 #
b1111111111111111101000111011011101011010 -
b1011001001 )
b11100111101001 %
b11100111101001 *
b1100111010110000 '
b1100111010110000 <
b1100100 :
b1100100 8
b1100100 1
b1100100 /
b1100100 C
b1100100 A
b1100100 D
b1100100 2
b1100100 ;
b1111111111111111101000111011011101011010 ,
b1111111111110110001001111000100111100001 >
1$
#1428
0$
#1429
b1111111111110011111101111011001011100011 !
b1111111111110011111101111011001011100011 ?
b1111111111111110111011100101001101111101 #
b1111111111111110111011100101001101111101 -
b1011001010 )
b1101101000000 %
b1101101000000 *
b1100000001001001 '
b1100000001001001 <
b1100100 :
b1100100 8
b1100100 1
b1100100 /
b1100100 C
b1100100 A
b1100100 D
b1100100 2
b1100100 ;
b1111111111111110111011100101001101111101 ,
b1111111111110011111101111011001011100011 >
1$
#1430
0$
#1431
b1111111111110101111100010010010000101101 !
b1111111111110101111100010010010000101101 ?
b1111111111111110101101101000111111001100 #
b1111111111111110101101101000111111001100 -
b1011001011 )
b1111000000010101 %
b1111000000010101 *
b1100011111101011 '
b1100011111101011 <
b1100100 :
b1100100 8
b1100100 1
b1100100 /
b1100100 C
b1100100 A
b1100100 D
b1100100 2
b1100100 ;
b1111111111111110101101101000111111001100 ,
b1111111111110101111100010010010000101101 >
1$
#1432
0$
#1433
b1111111111111011011001010001000011001000 !
b1111111111111011011001010001000011001000 ?
b1111111111111111000101100000001111110011 #
b1111111111111111000101100000001111110011 -
b1011001100 )
b1100110000111001 %
b1100110000111001 *
b1110001011110010 '
b1110001011110010 <
b1100100 :
b1100100 8
b1100100 1
b1100100 /
b1100100 C
b1100100 A
b1100100 D
b1100100 2
b1100100 ;
b1111111111111111000101100000001111110011 ,
b1111111111111011011001010001000011001000 >
1$
#1434
0$
#1435
b10011100001011010101010010 !
b10011100001011010101010010 ?
b1111111111111111111000001101111110101111 #
b1111111111111111111000001101111110101111 -
b1011001101 )
b1100000000100000 %
b1100000000100000 *
b100000000101 '
b100000000101 <
b1100100 :
b1100100 8
b1100100 1
b1100100 /
b1100100 C
b1100100 A
b1100100 D
b1100100 2
b1100100 ;
b1111111111111111111000001101111110101111 ,
b10011100001011010101010010 >
1$
#1436
0$
#1437
b1000101001000100110101000011 !
b1000101001000100110101000011 ?
b101110100000011011100110 #
b101110100000011011100110 -
b1011001110 )
b1101000101011001 %
b1101000101011001 *
b10101001010011 '
b10101001010011 <
b1100100 :
b1100100 8
b1100100 1
b1100100 /
b1100100 C
b1100100 A
b1100100 D
b1100100 2
b1100100 ;
b101110100000011011100110 ,
b1000101001000100110101000011 >
1$
#1438
0$
#1439
b1011110110101100101111111100 !
b1011110110101100101111111100 ?
b1001111011100110111011011 #
b1001111011100110111011011 -
b1011001111 )
b1111011111111011 %
b1111011111111011 *
b11110111111101 '
b11110111111101 <
b1100100 :
b1100100 8
b1100100 1
b1100100 /
b1100100 C
b1100100 A
b1100100 D
b1100100 2
b1100100 ;
b1001111011100110111011011 ,
b1011110110101100101111111100 >
1$
#1440
0$
#1441
b1010111101111011111010100010 !
b1010111101111011111010100010 ?
b1001011111011100001011100 #
b1001011111011100001011100 -
b1011010000 )
b10001001001011 %
b10001001001011 *
b11110000110111 '
b11110000110111 <
b1100100 :
b1100100 8
b1100100 1
b1100100 /
b1100100 C
b1100100 A
b1100100 D
b1100100 2
b1100100 ;
b1001011111011100001011100 ,
b1010111101111011111010100010 >
1$
#1442
0$
#1443
b110010010011010101110011110 !
b110010010011010101110011110 ?
b100101100011110010101010 #
b100101100011110010101010 -
b1011010001 )
b11110011011110 %
b11110011011110 *
b10010110011110 '
b10010110011110 <
b1100100 :
b1100100 8
b1100100 1
b1100100 /
b1100100 C
b1100100 A
b1100100 D
b1100100 2
b1100100 ;
b100101100011110010101010 ,
b110010010011010101110011110 >
1$
#1444
0$
#1445
b1111111111111111011011101110101001100000 !
b1111111111111111011011101110101001100000 ?
b1111111111111111101101111100110001000001 #
b1111111111111111101101111100110001000001 -
b1011010010 )
b11101110000001 %
b11101110000001 *
b1000000011 '
b1000000011 <
b1100100 :
b1100100 8
b1100100 1
b1100100 /
b1100100 C
b1100100 A
b1100100 D
b1100100 2
b1100100 ;
b1111111111111111101101111100110001000001 ,
b1111111111111111011011101110101001100000 >
1$
#1446
0$
#1447
b1111111111111000110001100101011110101100 !
b1111111111111000110001100101011110101100 ?
b1111111111111110111110100111111100000100 #
b1111111111111110111110100111111100000100 -
b1011010011 )
b1111011010101 %
b1111011010101 *
b1101110110110101 '
b1101110110110101 <
b1100100 :
b1100100 8
b1100100 1
b1100100 /
b1100100 C
b1100100 A
b1100100 D
b1100100 2
b1100100 ;
b1111111111111110111110100111111100000100 ,
b1111111111111000110001100101011110101100 >
1$
#1448
0$
#1449
b1111111111110100100111010111010100110100 !
b1111111111110100100111010111010100110100 ?
b1111111111111110101101010011011101111101 #
b1111111111111110101101010011011101111101 -
b1011010100 )
b1111010000000010 %
b1111010000000010 *
b1100010101000100 '
b1100010101000100 <
b1100100 :
b1100100 8
b1100100 1
b1100100 /
b1100100 C
b1100100 A
b1100100 D
b1100100 2
b1100100 ;
b1111111111111110101101010011011101111101 ,
b1111111111110100100111010111010100110100 >
1$
#1450
0$
#1451
b1111111111110100011001001000100111010111 !
b1111111111110100011001001000100111010111 ?
b1111111111111111000001111100001000011001 #
b1111111111111111000001111100001000011001 -
b1011010101 )
b1100111010110000 %
b1100111010110000 *
b1100000100100010 '
b1100000100100010 <
b1100100 :
b1100100 8
b1100100 1
b1100100 /
b1100100 C
b1100100 A
b1100100 D
b1100100 2
b1100100 ;
b1111111111111111000001111100001000011001 ,
b1111111111110100011001001000100111010111 >
1$
#1452
0$
#1453
b1111111111111000001011110100010001100110 !
b1111111111111000001011110100010001100110 ?
b1111111111111111110011000011110011001110 #
b1111111111111111110011000011110011001110 -
b1011010110 )
b1100000000000000 %
b1100000000000000 *
b1101001010111111 '
b1101001010111111 <
b1100100 :
b1100100 8
b1100100 1
b1100100 /
b1100100 C
b1100100 A
b1100100 D
b1100100 2
b1100100 ;
b1111111111111111110011000011110011001110 ,
b1111111111111000001011110100010001100110 >
1$
#1454
0$
#1455
b1111111111111110101011011110110100100100 !
b1111111111111110101011011110110100100100 ?
b101010000111101000110011 #
b101010000111101000110011 -
b1011010111 )
b1100111010110000 %
b1100111010110000 *
b1111010000000010 '
b1111010000000010 <
b1100100 :
b1100100 8
b1100100 1
b1100100 /
b1100100 C
b1100100 A
b1100100 D
b1100100 2
b1100100 ;
b101010000111101000110011 ,
b1111111111111110101011011110110100100100 >
1$
#1456
0$
#1457
b101101000011000000010001100 !
b101101000011000000010001100 ?
b1001101110110010100000000 #
b1001101110110010100000000 -
b1011011000 )
b1111010000000010 %
b1111010000000010 *
b1100101101011 '
b1100101101011 <
b1100100 :
b1100100 8
b1100100 1
b1100100 /
b1100100 C
b1100100 A
b1100100 D
b1100100 2
b1100100 ;
b1001101110110010100000000 ,
b101101000011000000010001100 >
1$
#1458
0$
#1459
b1010101000101000110000011001 !
b1010101000101000110000011001 ?
b1011011001 )
b1111011010101 %
b1111011010101 *
b11011000001001 '
b11011000001001 <
b1100100 :
b1100100 8
b1100100 1
b1100100 /
b1100100 C
b1100100 A
b1100100 D
b1100100 2
b1100100 ;
b1001101110110010100000000 ,
b1010101000101000110000011001 >
1$
#1460
0$
#1461
b1011111101100000011011000111 !
b1011111101100000011011000111 ?
b101010000111101000110011 #
b101010000111101000110011 -
b1011011010 )
b11101110000001 %
b11101110000001 *
b11111111111000 '
b11111111111000 <
b1100100 :
b1100100 8
b1100100 1
b1100100 /
b1100100 C
b1100100 A
b1100100 D
b1100100 2
b1100100 ;
b101010000111101000110011 ,
b1011111101100000011011000111 >
1$
#1462
0$
#1463
b1001001001101000100100010100 !
b1001001001101000100100010100 ?
b1111111111111111110011000011110011001110 #
b1111111111111111110011000011110011001110 -
b1011011011 )
b11110011011110 %
b11110011011110 *
b11001111000111 '
b11001111000111 <
b1100100 :
b1100100 8
b1100100 1
b1100100 /
b1100100 C
b1100100 A
b1100100 D
b1100100 2
b1100100 ;
b1111111111111111110011000011110011001110 ,
b1001001001101000100100010100 >
1$
#1464
0$
#1465
b11001011001110011101001001 !
b11001011001110011101001001 ?
b1111111111111111000001111100001000011001 #
b1111111111111111000001111100001000011001 -
b1011011100 )
b10001001001011 %
b10001001001011 *
b1010110101110 '
b1010110101110 <
b1100100 :
b1100100 8
b1100100 1
b1100100 /
b1100100 C
b1100100 A
b1100100 D
b1100100 2
b1100100 ;
b1111111111111111000001111100001000011001 ,
b11001011001110011101001001 >
1$
#1466
0$
#1467
b1111111111111100000110100010001101100001 !
b1111111111111100000110100010001101100001 ?
b1111111111111110101101010011011101111101 #
b1111111111111110101101010011011101111101 -
b1011011101 )
b1111011111111011 %
b1111011111111011 *
b1111000000010101 '
b1111000000010101 <
b1100100 :
b1100100 8
b1100100 1
b1100100 /
b1100100 C
b1100100 A
b1100100 D
b1100100 2
b1100100 ;
b1111111111111110101101010011011101111101 ,
b1111111111111100000110100010001101100001 >
1$
#1468
0$
#1469
b1111111111110110011000000111100101011111 !
b1111111111110110011000000111100101011111 ?
b1111111111111110111110100111111100000100 #
b1111111111111110111110100111111100000100 -
b1011011110 )
b1101000101011001 %
b1101000101011001 *
b1100111111111110 '
b1100111111111110 <
b1100100 :
b1100100 8
b1100100 1
b1100100 /
b1100100 C
b1100100 A
b1100100 D
b1100100 2
b1100100 ;
b1111111111111110111110100111111100000100 ,
b1111111111110110011000000111100101011111 >
1$
#1470
0$
#1471
b1111111111110011111110101100101110110110 !
b1111111111110011111110101100101110110110 ?
b1111111111111111101101111100110001000001 #
b1111111111111111101101111100110001000001 -
b1011011111 )
b1100000000100000 %
b1100000000100000 *
b1100000010000001 '
b1100000010000001 <
b1100100 :
b1100100 8
b1100100 1
b1100100 /
b1100100 C
b1100100 A
b1100100 D
b1100100 2
b1100100 ;
b1111111111111111101101111100110001000001 ,
b1111111111110011111110101100101110110110 >
1$
#1472
0$
#1473
b1111111111110101101111010101011001010111 !
b1111111111110101101111010101011001010111 ?
b100101100011110010101010 #
b100101100011110010101010 -
b1011100000 )
b1100110000111001 %
b1100110000111001 *
b1100011011111010 '
b1100011011111010 <
b1100100 :
b1100100 8
b1100100 1
b1100100 /
b1100100 C
b1100100 A
b1100100 D
b1100100 2
b1100100 ;
b100101100011110010101010 ,
b1111111111110101101111010101011001010111 >
1$
#1474
0$
#1475
b1111111111111011000011000100100010010011 !
b1111111111111011000011000100100010010011 ?
b1001011111011100001011100 #
b1001011111011100001011100 -
b1011100001 )
b1111000000010101 %
b1111000000010101 *
b1110000100101011 '
b1110000100101011 <
b1100100 :
b1100100 8
b1100100 1
b1100100 /
b1100100 C
b1100100 A
b1100100 D
b1100100 2
b1100100 ;
b1001011111011100001011100 ,
b1111111111111011000011000100100010010011 >
1$
#1476
0$
#1477
b10000100011010100000101100 !
b10000100011010100000101100 ?
b1001111011100110111011011 #
b1001111011100110111011011 -
b1011100010 )
b1101101000000 %
b1101101000000 *
b11000000110 '
b11000000110 <
b1100100 :
b1100100 8
b1100100 1
b1100100 /
b1100100 C
b1100100 A
b1100100 D
b1100100 2
b1100100 ;
b1001111011100110111011011 ,
b10000100011010100000101100 >
1$
#1478
0$
#1479
b1000010111111101101010111101 !
b1000010111111101101010111101 ?
b101110100000011011100110 #
b101110100000011011100110 -
b1011100011 )
b11100111101001 %
b11100111101001 *
b10100011001100 '
b10100011001100 <
b1100100 :
b1100100 8
b1100100 1
b1100100 /
b1100100 C
b1100100 A
b1100100 D
b1100100 2
b1100100 ;
b101110100000011011100110 ,
b1000010111111101101010111101 >
1$
#1480
0$
#1481
b1011110010001001111100111010 !
b1011110010001001111100111010 ?
b1111111111111111111000001101111110101111 #
b1111111111111111111000001101111110101111 -
b1011100100 )
b11110111111101 %
b11110111111101 *
b11110101110101 '
b11110101110101 <
b1100100 :
b1100100 8
b1100100 1
b1100100 /
b1100100 C
b1100100 A
b1100100 D
b1100100 2
b1100100 ;
b1111111111111111111000001101111110101111 ,
b1011110010001001111100111010 >
1$
#1482
0$
#1483
b1011000111100001111011101011 !
b1011000111100001111011101011 ?
b1111111111111111000101100000001111110011 #
b1111111111111111000101100000001111110011 -
b1011100101 )
b10010110011110 %
b10010110011110 *
b11110011011110 '
b11110011011110 <
b1100100 :
b1100100 8
b1100100 1
b1100100 /
b1100100 C
b1100100 A
b1100100 D
b1100100 2
b1100100 ;
b1111111111111111000101100000001111110011 ,
b1011000111100001111011101011 >
1$
#1484
0$
#1485
b110100110110101000010101011 !
b110100110110101000010101011 ?
b1111111111111110101101101000111111001100 #
b1111111111111110101101101000111111001100 -
b1011100110 )
b1111101111111011 %
b1111101111111011 *
b10011100111010 '
b10011100111010 <
b1100100 :
b1100100 8
b1100100 1
b1100100 /
b1100100 C
b1100100 A
b1100100 D
b1100100 2
b1100100 ;
b1111111111111110101101101000111111001100 ,
b110100110110101000010101011 >
1$
#1486
0$
#1487
b1111111111111111110011111001010010010111 !
b1111111111111111110011111001010010010111 ?
b1111111111111110111011100101001101111101 #
b1111111111111110111011100101001101111101 -
b1011100111 )
b1101010000110000 %
b1101010000110000 *
b10000000101 '
b10000000101 <
b1100100 :
b1100100 8
b1100100 1
b1100100 /
b1100100 C
b1100100 A
b1100100 D
b1100100 2
b1100100 ;
b1111111111111110111011100101001101111101 ,
b1111111111111111110011111001010010010111 >
1$
#1488
0$
#1489
b1111111111111001000101001001010101110010 !
b1111111111111001000101001001010101110010 ?
b1111111111111111101000111011011101011010 #
b1111111111111111101000111011011101011010 -
b1011101000 )
b1100000010000001 %
b1100000010000001 *
b1101111101101100 '
b1101111101101100 <
b1100100 :
b1100100 8
b1100100 1
b1100100 /
b1100100 C
b1100100 A
b1100100 D
b1100100 2
b1100100 ;
b1111111111111111101000111011011101011010 ,
b1111111111111001000101001001010101110010 >
1$
#1490
0$
#1491
b1111111111110100101111100011010001000100 !
b1111111111110100101111100011010001000100 ?
b100000110111101011000110 #
b100000110111101011000110 -
b1011101001 )
b1100100111110111 %
b1100100111110111 *
b1100011000010111 '
b1100011000010111 <
b1100100 :
b1100100 8
b1100100 1
b1100100 /
b1100100 C
b1100100 A
b1100100 D
b1100100 2
b1100100 ;
b100000110111101011000110 ,
b1111111111110100101111100011010001000100 >
1$
#1492
0$
#1493
b1111111111110100010011000111010001001111 !
b1111111111110100010011000111010001001111 ?
b1001001101110101000011010 #
b1001001101110101000011010 -
b1011101010 )
b1110110000111001 %
b1110110000111001 *
b1100000011001010 '
b1100000011001010 <
b1100100 :
b1100100 8
b1100100 1
b1100100 /
b1100100 C
b1100100 A
b1100100 D
b1100100 2
b1100100 ;
b1001001101110101000011010 ,
b1111111111110100010011000111010001001111 >
1$
#1494
0$
#1495
b1111111111110111111001101010110010011000 !
b1111111111110111111001101010110010011000 ?
b1010000110000000111011001 #
b1010000110000000111011001 -
b1011101011 )
b1011110001111 %
b1011110001111 *
b1101000101011001 '
b1101000101011001 <
b1100100 :
b1100100 8
b1100100 1
b1100100 /
b1100100 C
b1100100 A
b1100100 D
b1100100 2
b1100100 ;
b1010000110000000111011001 ,
b1111111111110111111001101010110010011000 >
1$
#1496
0$
#1497
b1111111111111110010011011110110011101000 !
b1111111111111110010011011110110011101000 ?
b110010101101110010011110 #
b110010101101110010011110 -
b1011101100 )
b11100000010101 %
b11100000010101 *
b1111001000001010 '
b1111001000001010 <
b1100100 :
b1100100 8
b1100100 1
b1100100 /
b1100100 C
b1100100 A
b1100100 D
b1100100 2
b1100100 ;
b110010101101110010011110 ,
b1111111111111110010011011110110011101000 >
1$
#1498
0$
#1499
b101010010110100101011100000 !
b101010010110100101011100000 ?
b1111111111111111111101011001111001111110 #
b1111111111111111111101011001111001111110 -
b1011101101 )
b11111011011110 %
b11111011011110 *
b1011110001111 '
b1011110001111 <
b1100100 :
b1100100 8
b1100100 1
b1100100 /
b1100100 C
b1100100 A
b1100100 D
b1100100 2
b1100100 ;
b1111111111111111111101011001111001111110 ,
b101010010110100101011100000 >
1$
#1500
0$
#1501
b1010011100111111000110100111 !
b1010011100111111000110100111 ?
b1111111111111111001001010010011000110101 #
b1111111111111111001001010010011000110101 -
b1011101110 )
b10100011001100 %
b10100011001100 *
b11010011101111 '
b11010011101111 <
b1100100 :
b1100100 8
b1100100 1
b1100100 /
b1100100 C
b1100100 A
b1100100 D
b1100100 2
b1100100 ;
b1111111111111111001001010010011000110101 ,
b1010011100111111000110100111 >
1$
#1502
0$
#1503
b1011111111110010010111111010 !
b1011111111110010010111111010 ?
b1111111111111110101110010010000111000001 #
b1111111111111110101110010010000111000001 -
b1011101111 )
b0 %
b0 *
b100000000000000 '
b100000000000000 <
b1100100 :
b1100100 8
b1100100 1
b1100100 /
b1100100 C
b1100100 A
b1100100 D
b1100100 2
b1100100 ;
b1111111111111110101110010010000111000001 ,
b1011111111110010010111111010 >
1$
#1504
0$
#1505
b1001011001000011101010110111 !
b1001011001000011101010110111 ?
b1111111111111110111000110010010001010110 #
b1111111111111110111000110010010001010110 -
b1011110000 )
b1101011100110100 %
b1101011100110100 *
b11010011101111 '
b11010011101111 <
b1100100 :
b1100100 8
b1100100 1
b1100100 /
b1100100 C
b1100100 A
b1100100 D
b1100100 2
b1100100 ;
b1111111111111110111000110010010001010110 ,
b1001011001000011101010110111 >
1$
#1506
0$
#1507
b11100010011101010110000011 !
b11100010011101010110000011 ?
b1111111111111111100011111110010101101111 #
b1111111111111111100011111110010101101111 -
b1011110001 )
b1100000100100010 %
b1100000100100010 *
b1011110001111 '
b1011110001111 <
b1100100 :
b1100100 8
b1100100 1
b1100100 /
b1100100 C
b1100100 A
b1100100 D
b1100100 2
b1100100 ;
b1111111111111111100011111110010101101111 ,
b11100010011101010110000011 >
1$
#1508
0$
#1509
b1111111111111100011101100010101001111101 !
b1111111111111100011101100010101001111101 ?
b11100000001101010010001 #
b11100000001101010010001 -
b1011110010 )
b1100011111101011 %
b1100011111101011 *
b1111001000001010 '
b1111001000001010 <
b1100100 :
b1100100 8
b1100100 1
b1100100 /
b1100100 C
b1100100 A
b1100100 D
b1100100 2
b1100100 ;
b11100000001101010010001 ,
b1111111111111100011101100010101001111101 >
1$
#1510
0$
#1511
b1111111111110110100110111100010101001001 !
b1111111111110110100110111100010101001001 ?
b1000111001101101110101010 #
b1000111001101101110101010 -
b1011110011 )
b1110100001110001 %
b1110100001110001 *
b1101000101011001 '
b1101000101011001 <
b1100100 :
b1100100 8
b1100100 1
b1100100 /
b1100100 C
b1100100 A
b1100100 D
b1100100 2
b1100100 ;
b1000111001101101110101010 ,
b1111111111110110100110111100010101001001 >
1$
#1512
0$
#1513
b1111111111110100000000001101101000000110 !
b1111111111110100000000001101101000000110 ?
b1010001101101111000111111 #
b1010001101101111000111111 -
b1011110100 )
b1001111000111 %
b1001111000111 *
b1100000011001010 '
b1100000011001010 <
b1100100 :
b1100100 8
b1100100 1
b1100100 /
b1100100 C
b1100100 A
b1100100 D
b1100100 2
b1100100 ;
b1010001101101111000111111 ,
b1111111111110100000000001101101000000110 >
1$
#1514
0$
#1515
b1111111111110101100011000000111001011001 !
b1111111111110101100011000000111001011001 ?
b110110101101100111001011 #
b110110101101100111001011 -
b1011110101 )
b11011000001001 %
b11011000001001 *
b1100011000010111 '
b1100011000010111 <
b1100100 :
b1100100 8
b1100100 1
b1100100 /
b1100100 C
b1100100 A
b1100100 D
b1100100 2
b1100100 ;
b110110101101100111001011 ,
b1111111111110101100011000000111001011001 >
1$
#1516
0$
#1517
b1111111111111010101101001011010100100000 !
b1111111111111010101101001011010100100000 ?
b10100110000110000010 #
b10100110000110000010 -
b1011110110 )
b11111101111111 %
b11111101111111 *
b1101111101101100 '
b1101111101101100 <
b1100100 :
b1100100 8
b1100100 1
b1100100 /
b1100100 C
b1100100 A
b1100100 D
b1100100 2
b1100100 ;
b10100110000110000010 ,
b1111111111111010101101001011010100100000 >
1$
#1518
0$
#1519
b1101100100001001100011000 !
b1101100100001001100011000 ?
b1111111111111111001101010010001101100010 #
b1111111111111111001101010010001101100010 -
b1011110111 )
b10101111010000 %
b10101111010000 *
b10000000101 '
b10000000101 <
b1100100 :
b1100100 8
b1100100 1
b1100100 /
b1100100 C
b1100100 A
b1100100 D
b1100100 2
b1100100 ;
b1111111111111111001101010010001101100010 ,
b1101100100001001100011000 >
1$
#1520
0$
#1521
b1000000110010101001101101000 !
b1000000110010101001101101000 ?
b1111111111111110101111001111111000100111 #
b1111111111111110101111001111111000100111 -
b1011111000 )
b10000000101 %
b10000000101 *
b10011100111010 '
b10011100111010 <
b1100100 :
b1100100 8
b1100100 1
b1100100 /
b1100100 C
b1100100 A
b1100100 D
b1100100 2
b1100100 ;
b1111111111111110101111001111111000100111 ,
b1000000110010101001101101000 >
1$
#1522
0$
#1523
b1011101100111000101110110001 !
b1011101100111000101110110001 ?
b1111111111111110110110010001010111100110 #
b1111111111111110110110010001010111100110 -
b1011111001 )
b1101101001100010 %
b1101101001100010 *
b11110011011110 '
b11110011011110 <
b1100100 :
b1100100 8
b1100100 1
b1100100 /
b1100100 C
b1100100 A
b1100100 D
b1100100 2
b1100100 ;
b1111111111111110110110010001010111100110 ,
b1011101100111000101110110001 >
1$
#1524
0$
#1525
b1011010000011100101110111100 !
b1011010000011100101110111100 ?
b1111111111111111011111001000010100111010 #
b1111111111111111011111001000010100111010 -
b1011111010 )
b1100001000000011 %
b1100001000000011 *
b11110101110101 '
b11110101110101 <
b1100100 :
b1100100 8
b1100100 1
b1100100 /
b1100100 C
b1100100 A
b1100100 D
b1100100 2
b1100100 ;
b1111111111111111011111001000010100111010 ,
b1011010000011100101110111100 >
1$
#1526
0$
#1527
b110111010110110101010001110 !
b110111010110110101010001110 ?
b10111000100100010100110 #
b10111000100100010100110 -
b1011111011 )
b1100011000010111 %
b1100011000010111 *
b10100011001100 '
b10100011001100 <
b1100100 :
b1100100 8
b1100100 1
b1100100 /
b1100100 C
b1100100 A
b1100100 D
b1100100 2
b1100100 ;
b10111000100100010100110 ,
b110111010110110101010001110 >
1$
#1528
0$
#1529
b1100000110101101101001 !
b1100000110101101101001 ?
b1000100011010110010000011 #
b1000100011010110010000011 -
b1011111100 )
b1110010011000000 %
b1110010011000000 *
b11000000110 '
b11000000110 <
b1100100 :
b1100100 8
b1100100 1
b1100100 /
b1100100 C
b1100100 A
b1100100 D
b1100100 2
b1100100 ;
b1000100011010110010000011 ,
b1100000110101101101001 >
1$
#1530
0$
#1531
b1111111111111001011001001010111101010101 !
b1111111111111001011001001010111101010101 ?
b1010010010111000000110100 #
b1010010010111000000110100 -
b1011111101 )
b111111101011 %
b111111101011 *
b1110000100101011 '
b1110000100101011 <
b1100100 :
b1100100 8
b1100100 1
b1100100 /
b1100100 C
b1100100 A
b1100100 D
b1100100 2
b1100100 ;
b1010010010111000000110100 ,
b1111111111111001011001001010111101010101 >
1$
#1532
0$
#1533
b1111111111110100111000011110000100010101 !
b1111111111110100111000011110000100010101 ?
b111010011111110000001101 #
b111010011111110000001101 -
b1011111110 )
b11001111000111 %
b11001111000111 *
b1100011011111010 '
b1100011011111010 <
b1100100 :
b1100100 8
b1100100 1
b1100100 /
b1100100 C
b1100100 A
b1100100 D
b1100100 2
b1100100 ;
b111010011111110000001101 ,
b1111111111110100111000011110000100010101 >
1$
#1534
0$
#1535
b1111111111110100001101110110000011000110 !
b1111111111110100001101110110000011000110 ?
b111110010000001010001 #
b111110010000001010001 -
b1011111111 )
b11111111100000 %
b11111111100000 *
b1100000010000001 '
b1100000010000001 <
b1100100 :
b1100100 8
b1100100 1
b1100100 /
b1100100 C
b1100100 A
b1100100 D
b1100100 2
b1100100 ;
b111110010000001010001 ,
b1111111111110100001101110110000011000110 >
1$
#1536
0$
#1537
b1111111111110111101000000010010101000011 !
b1111111111110111101000000010010101000011 ?
b1111111111111111010001011111100100011010 #
b1111111111111111010001011111100100011010 -
b1100000000 )
b10111010100111 %
b10111010100111 *
b1100111111111110 '
b1100111111111110 <
b1100100 :
b1100100 8
b1100100 1
b1100100 /
b1100100 C
b1100100 A
b1100100 D
b1100100 2
b1100100 ;
b1111111111111111010001011111100100011010 ,
b1111111111110111101000000010010101000011 >
1$
#1538
0$
#1539
b1111111111111101111011100101011111010100 !
b1111111111111101111011100101011111010100 ?
b1111111111111110110000100011001000100101 #
b1111111111111110110000100011001000100101 -
b1100000001 )
b100000000101 %
b100000000101 *
b1111000000010101 '
b1111000000010101 <
b1100100 :
b1100100 8
b1100100 1
b1100100 /
b1100100 C
b1100100 A
b1100100 D
b1100100 2
b1100100 ;
b1111111111111110110000100011001000100101 ,
b1111111111111101111011100101011111010100 >
1$
#1540
0$
#1541
b100111100111011011101101101 !
b100111100111011011101101101 ?
b1111111111111110110100000100011110100100 #
b1111111111111110110100000100011110100100 -
b1100000010 )
b1101110110110101 %
b1101110110110101 *
b1010110101110 '
b1010110101110 <
b1100100 :
b1100100 8
b1100100 1
b1100100 /
b1100100 C
b1100100 A
b1100100 D
b1100100 2
b1100100 ;
b1111111111111110110100000100011110100100 ,
b100111100111011011101101101 >
1$
#1542
0$
#1543
b1010010000101010100110101001 !
b1010010000101010100110101001 ?
b1111111111111111011010011100001101010110 #
b1111111111111111011010011100001101010110 -
b1100000011 )
b1100001100100010 %
b1100001100100010 *
b11001111000111 '
b11001111000111 <
b1100100 :
b1100100 8
b1100100 1
b1100100 /
b1100100 C
b1100100 A
b1100100 D
b1100100 2
b1100100 ;
b1111111111111111011010011100001101010110 ,
b1010010000101010100110101001 >
1$
#1544
0$
#1545
b1100000001010011010001001010 !
b1100000001010011010001001010 ?
b10010000011001110111111 #
b10010000011001110111111 -
b1100000100 )
b1100010001111111 %
b1100010001111111 *
b11111111111000 '
b11111111111000 <
b1100100 :
b1100100 8
b1100100 1
b1100100 /
b1100100 C
b1100100 A
b1100100 D
b1100100 2
b1100100 ;
b10010000011001110111111 ,
b1100000001010011010001001010 >
1$
#1546
0$
#1547
b1001100111111000011010100001 !
b1001100111111000011010100001 ?
b1000001011000000011111100 #
b1000001011000000011111100 -
b1100000101 )
b1110000100101011 %
b1110000100101011 *
b11011000001001 '
b11011000001001 <
b1100100 :
b1100100 8
b1100100 1
b1100100 /
b1100100 C
b1100100 A
b1100100 D
b1100100 2
b1100100 ;
b1000001011000000011111100 ,
b1001100111111000011010100001 >
1$
#1548
0$
#1549
b11111001011101110010011111 !
b11111001011101110010011111 ?
b1010010101100100010000011 #
b1010010101100100010000011 -
b1100000110 )
b101111111110 %
b101111111110 *
b1100101101011 '
b1100101101011 <
b1100100 :
b1100100 8
b1100100 1
b1100100 /
b1100100 C
b1100100 A
b1100100 D
b1100100 2
b1100100 ;
b1010010101100100010000011 ,
b11111001011101110010011111 >
1$
#1550
0$
#1551
b1111111111111100110100110001100010110111 !
b1111111111111100110100110001100010110111 ?
b111110000011110111100111 #
b111110000011110111100111 -
b1100000111 )
b11000101010000 %
b11000101010000 *
b1111010000000010 '
b1111010000000010 <
b1100100 :
b1100100 8
b1100100 1
b1100100 /
b1100100 C
b1100100 A
b1100100 D
b1100100 2
b1100100 ;
b111110000011110111100111 ,
b1111111111111100110100110001100010110111 >
1$
#1552
0$
#1553
b1111111111110110110110010111011011101100 !
b1111111111110110110110010111011011101100 ?
b1100111100001100110010 #
b1100111100001100110010 -
b1100001000 )
b100000000000000 %
b100000000000000 *
b1101001010111111 '
b1101001010111111 <
b1100100 :
b1100100 8
b1100100 1
b1100100 /
b1100100 C
b1100100 A
b1100100 D
b1100100 2
b1100100 ;
b1100111100001100110010 ,
b1111111111110110110110010111011011101100 >
1$
#1554
0$
#1555
b1111111111110100000010011111100100111001 !
b1111111111110100000010011111100100111001 ?
b1111111111111111010101111000010111001101 #
b1111111111111111010101111000010111001101 -
b1100001001 )
b11000101010000 %
b11000101010000 *
b1100000100100010 '
b1100000100100010 <
b1100100 :
b1100100 8
b1100100 1
b1100100 /
b1100100 C
b1100100 A
b1100100 D
b1100100 2
b1100100 ;
b1111111111111111010101111000010111001101 ,
b1111111111110100000010011111100100111001 >
1$
#1556
0$
#1557
b1111111111110101010111010111001111100111 !
b1111111111110101010111010111001111100111 ?
b1111111111111110110010001001101100000000 #
b1111111111111110110010001001101100000000 -
b1100001010 )
b101111111110 %
b101111111110 *
b1100010101000100 '
b1100010101000100 <
b1100100 :
b1100100 8
b1100100 1
b1100100 /
b1100100 C
b1100100 A
b1100100 D
b1100100 2
b1100100 ;
b1111111111111110110010001001101100000000 ,
b1111111111110101010111010111001111100111 >
1$
#1558
0$
#1559
b1111111111111010010111100111111101110100 !
b1111111111111010010111100111111101110100 ?
b1100001011 )
b1110000100101011 %
b1110000100101011 *
b1101110110110101 '
b1101110110110101 <
b1100100 :
b1100100 8
b1100100 1
b1100100 /
b1100100 C
b1100100 A
b1100100 D
b1100100 2
b1100100 ;
b1111111111111110110010001001101100000000 ,
b1111111111111010010111100111111101110100 >
1$
#1560
0$
#1561
b1010100100001001011011100 !
b1010100100001001011011100 ?
b1111111111111111010101111000010111001101 #
b1111111111111111010101111000010111001101 -
b1100001100 )
b1100010001111111 %
b1100010001111111 *
b1000000011 '
b1000000011 <
b1100100 :
b1100100 8
b1100100 1
b1100100 /
b1100100 C
b1100100 A
b1100100 D
b1100100 2
b1100100 ;
b1111111111111111010101111000010111001101 ,
b1010100100001001011011100 >
1$
#1562
0$
#1563
b111110100001011101110011010 !
b111110100001011101110011010 ?
b1100111100001100110010 #
b1100111100001100110010 -
b1100001101 )
b1100001100100010 %
b1100001100100010 *
b10010110011110 '
b10010110011110 <
b1100100 :
b1100100 8
b1100100 1
b1100100 /
b1100100 C
b1100100 A
b1100100 D
b1100100 2
b1100100 ;
b1100111100001100110010 ,
b111110100001011101110011010 >
1$
#1564
0$
#1565
b1011100110110111011000101001 !
b1011100110110111011000101001 ?
b111110000011110111100111 #
b111110000011110111100111 -
b1100001110 )
b1101110110110101 %
b1101110110110101 *
b11110000110111 '
b11110000110111 <
b1100100 :
b1100100 8
b1100100 1
b1100100 /
b1100100 C
b1100100 A
b1100100 D
b1100100 2
b1100100 ;
b111110000011110111100111 ,
b1011100110110111011000101001 >
1$
#1566
0$
#1567
b1011011000101000101011001100 !
b1011011000101000101011001100 ?
b1010010101100100010000011 #
b1010010101100100010000011 -
b1100001111 )
b100000000101 %
b100000000101 *
b11110111111101 '
b11110111111101 <
b1100100 :
b1100100 8
b1100100 1
b1100100 /
b1100100 C
b1100100 A
b1100100 D
b1100100 2
b1100100 ;
b1010010101100100010000011 ,
b1011011000101000101011001100 >
1$
#1568
0$
#1569
b111001110011010100001010100 !
b111001110011010100001010100 ?
b1000001011000000011111100 #
b1000001011000000011111100 -
b1100010000 )
b10111010100111 %
b10111010100111 *
b10101001010011 '
b10101001010011 <
b1100100 :
b1100100 8
b1100100 1
b1100100 /
b1100100 C
b1100100 A
b1100100 D
b1100100 2
b1100100 ;
b1000001011000000011111100 ,
b111001110011010100001010100 >
1$
#1570
0$
#1571
b100100010001010110100000 !
b100100010001010110100000 ?
b10010000011001110111111 #
b10010000011001110111111 -
b1100010001 )
b11111111100000 %
b11111111100000 *
b100000000101 '
b100000000101 <
b1100100 :
b1100100 8
b1100100 1
b1100100 /
b1100100 C
b1100100 A
b1100100 D
b1100100 2
b1100100 ;
b10010000011001110111111 ,
b100100010001010110100000 >
1$
#1572
0$
#1573
b1111111111111001101101100101010001100010 !
b1111111111111001101101100101010001100010 ?
b1111111111111111011010011100001101010110 #
b1111111111111111011010011100001101010110 -
b1100010010 )
b11001111000111 %
b11001111000111 *
b1110001011110010 '
b1110001011110010 <
b1100100 :
b1100100 8
b1100100 1
b1100100 /
b1100100 C
b1100100 A
b1100100 D
b1100100 2
b1100100 ;
b1111111111111111011010011100001101010110 ,
b1111111111111001101101100101010001100010 >
1$
#1574
0$
#1575
b1111111111110101000010000100000101011110 !
b1111111111110101000010000100000101011110 ?
b1111111111111110110100000100011110100100 #
b1111111111111110110100000100011110100100 -
b1100010011 )
b111111101011 %
b111111101011 *
b1100011111101011 '
b1100011111101011 <
b1100100 :
b1100100 8
b1100100 1
b1100100 /
b1100100 C
b1100100 A
b1100100 D
b1100100 2
b1100100 ;
b1111111111111110110100000100011110100100 ,
b1111111111110101000010000100000101011110 >
1$
#1576
0$
#1577
b1111111111110100001001010011010000000100 !
b1111111111110100001001010011010000000100 ?
b1111111111111110110000100011001000100101 #
b1111111111111110110000100011001000100101 -
b1100010100 )
b1110010011000000 %
b1110010011000000 *
b1100000001001001 '
b1100000001001001 <
b1100100 :
b1100100 8
b1100100 1
b1100100 /
b1100100 C
b1100100 A
b1100100 D
b1100100 2
b1100100 ;
b1111111111111110110000100011001000100101 ,
b1111111111110100001001010011010000000100 >
1$
#1578
0$
#1579
b1111111111110111010110111011001010111101 !
b1111111111110111010110111011001010111101 ?
b1111111111111111010001011111100100011010 #
b1111111111111111010001011111100100011010 -
b1100010101 )
b1100011000010111 %
b1100011000010111 *
b1100111010110000 '
b1100111010110000 <
b1100100 :
b1100100 8
b1100100 1
b1100100 /
b1100100 C
b1100100 A
b1100100 D
b1100100 2
b1100100 ;
b1111111111111111010001011111100100011010 ,
b1111111111110111010110111011001010111101 >
1$
#1580
0$
#1581
b1111111111111101100011110100101010101110 !
b1111111111111101100011110100101010101110 ?
b111110010000001010001 #
b111110010000001010001 -
b1100010110 )
b1100001000000011 %
b1100001000000011 *
b1110111000100101 '
b1110111000100101 <
b1100100 :
b1100100 8
b1100100 1
b1100100 /
b1100100 C
b1100100 A
b1100100 D
b1100100 2
b1100100 ;
b111110010000001010001 ,
b1111111111111101100011110100101010101110 >
1$
#1582
0$
#1583
b100100110101110111100111000 !
b100100110101110111100111000 ?
b111010011111110000001101 #
b111010011111110000001101 -
b1100010111 )
b1101101001100010 %
b1101101001100010 *
b1001111000111 '
b1001111000111 <
b1100100 :
b1100100 8
b1100100 1
b1100100 /
b1100100 C
b1100100 A
b1100100 D
b1100100 2
b1100100 ;
b111010011111110000001101 ,
b100100110101110111100111000 >
1$
#1584
0$
#1585
b1010000011101101101111010011 !
b1010000011101101101111010011 ?
b1010010010111000000110100 #
b1010010010111000000110100 -
b1100011000 )
b10000000101 %
b10000000101 *
b11001010010010 '
b11001010010010 <
b1100100 :
b1100100 8
b1100100 1
b1100100 /
b1100100 C
b1100100 A
b1100100 D
b1100100 2
b1100100 ;
b1010010010111000000110100 ,
b1010000011101101101111010011 >
1$
#1586
0$
#1587
b1100000010000100110100011101 !
b1100000010000100110100011101 ?
b1000100011010110010000011 #
b1000100011010110010000011 -
b1100011001 )
b10101111010000 %
b10101111010000 *
b11111111100000 '
b11111111100000 <
b1100100 :
b1100100 8
b1100100 1
b1100100 /
b1100100 C
b1100100 A
b1100100 D
b1100100 2
b1100100 ;
b1000100011010110010000011 ,
b1100000010000100110100011101 >
1$
#1588
0$
#1589
b1001110110000111011000011111 !
b1001110110000111011000011111 ?
b10111000100100010100110 #
b10111000100100010100110 -
b1100011010 )
b11111101111111 %
b11111101111111 *
b11011100010110 '
b11011100010110 <
b1100100 :
b1100100 8
b1100100 1
b1100100 /
b1100100 C
b1100100 A
b1100100 D
b1100100 2
b1100100 ;
b10111000100100010100110 ,
b1001110110000111011000011111 >
1$
#1590
0$
#1591
b100010000001111010001000001 !
b100010000001111010001000001 ?
b1111111111111111011111001000010100111010 #
b1111111111111111011111001000010100111010 -
b1100011011 )
b11011000001001 %
b11011000001001 *
b1101101000000 '
b1101101000000 <
b1100100 :
b1100100 8
b1100100 1
b1100100 /
b1100100 C
b1100100 A
b1100100 D
b1100100 2
b1100100 ;
b1111111111111111011111001000010100111010 ,
b100010000001111010001000001 >
1$
#1592
0$
#1593
b1111111111111101001100001101100110100110 !
b1111111111111101001100001101100110100110 ?
b1111111111111110110110010001010111100110 #
b1111111111111110110110010001010111100110 -
b1100011100 )
b1001111000111 %
b1001111000111 *
b1111010111111101 '
b1111010111111101 <
b1100100 :
b1100100 8
b1100100 1
b1100100 /
b1100100 C
b1100100 A
b1100100 D
b1100100 2
b1100100 ;
b1111111111111110110110010001010111100110 ,
b1111111111111101001100001101100110100110 >
1$
#1594
0$
#1595
b1111111111110111000110010111011001000010 !
b1111111111110111000110010111011001000010 ?
b1111111111111110101111001111111000100111 #
b1111111111111110101111001111111000100111 -
b1100011101 )
b1110100001110001 %
b1110100001110001 *
b1101010000110000 '
b1101010000110000 <
b1100100 :
b1100100 8
b1100100 1
b1100100 /
b1100100 C
b1100100 A
b1100100 D
b1100100 2
b1100100 ;
b1111111111111110101111001111111000100111 ,
b1111111111110111000110010111011001000010 >
1$
#1596
0$
#1597
b1111111111110100000101100001010111111100 !
b1111111111110100000101100001010111111100 ?
b1111111111111111001101010010001101100010 #
b1111111111111111001101010010001101100010 -
b1100011110 )
b1100011111101011 %
b1100011111101011 *
b1100000110001011 '
b1100000110001011 <
b1100100 :
b1100100 8
b1100100 1
b1100100 /
b1100100 C
b1100100 A
b1100100 D
b1100100 2
b1100100 ;
b1111111111111111001101010010001101100010 ,
b1111111111110100000101100001010111111100 >
1$
#1598
0$
#1599
b1111111111110101001100010111111001001000 !
b1111111111110101001100010111111001001000 ?
b10100110000110000010 #
b10100110000110000010 -
b1100011111 )
b1100000100100010 %
b1100000100100010 *
b1100010001111111 '
b1100010001111111 <
b1100100 :
b1100100 8
b1100100 1
b1100100 /
b1100100 C
b1100100 A
b1100100 D
b1100100 2
b1100100 ;
b10100110000110000010 ,
b1111111111110101001100010111111001001000 >
1$
#1600
0$
#1601
b1111111111111010000010011010101110011110 !
b1111111111111010000010011010101110011110 ?
b110110101101100111001011 #
b110110101101100111001011 -
b1100100000 )
b1101011100110100 %
b1101011100110100 *
b1101110000000111 '
b1101110000000111 <
b1100100 :
b1100100 8
b1100100 1
b1100100 /
b1100100 C
b1100100 A
b1100100 D
b1100100 2
b1100100 ;
b110110101101100111001011 ,
b1111111111111010000010011010101110011110 >
1$
#1602
0$
#1603
b111100011011011100100001 !
b111100011011011100100001 ?
b1010001101101111000111111 #
b1010001101101111000111111 -
b1100100001 )
b0 %
b0 *
b0 '
b0 <
b1100100 :
b1100100 8
b1100100 1
b1100100 /
b1100100 C
b1100100 A
b1100100 D
b1100100 2
b1100100 ;
b1010001101101111000111111 ,
b111100011011011100100001 >
1$
#1604
0$
#1605
b111100001100010101101010101 !
b111100001100010101101010101 ?
b1000111001101101110101010 #
b1000111001101101110101010 -
b1100100010 )
b10100011001100 %
b10100011001100 *
b10001111111001 '
b10001111111001 <
b1100100 :
b1100100 8
b1100100 1
b1100100 /
b1100100 C
b1100100 A
b1100100 D
b1100100 2
b1100100 ;
b1000111001101101110101010 ,
b111100001100010101101010101 >
1$
#1606
0$
#1607
b1011100000000111101101111101 !
b1011100000000111101101111101 ?
b11100000001101010010001 #
b11100000001101010010001 -
b1100100011 )
b11111011011110 %
b11111011011110 *
b11101110000001 '
b11101110000001 <
b1100100 :
b1100100 8
b1100100 1
b1100100 /
b1100100 C
b1100100 A
b1100100 D
b1100100 2
b1100100 ;
b11100000001101010010001 ,
b1011100000000111101101111101 >
1$
#1608
0$
#1609
b1111111111111111100011111110010101101111 #
b1111111111111111100011111110010101101111 -
b1100100100 )
b11100000010101 %
b11100000010101 *
b11111001110101 '
b11111001110101 <
b1100100 :
b1100100 8
b1100100 1
b1100100 /
b1100100 C
b1100100 A
b1100100 D
b1100100 2
b1100100 ;
b1111111111111111100011111110010101101111 ,
b1011100000000111101101111101 >
1$
#1610
0$
#1611
b111100001100010101101010101 !
b111100001100010101101010101 ?
b1111111111111110111000110010010001010110 #
b1111111111111110111000110010010001010110 -
b1100100101 )
b1011110001111 %
b1011110001111 *
b10101111010000 '
b10101111010000 <
b1100100 :
b1100100 8
b1100100 1
b1100100 /
b1100100 C
b1100100 A
b1100100 D
b1100100 2
b1100100 ;
b1111111111111110111000110010010001010110 ,
b111100001100010101101010101 >
1$
#1612
0$
#1613
b111100011011011100100001 !
b111100011011011100100001 ?
b1111111111111110101110010010000111000001 #
b1111111111111110101110010010000111000001 -
b1100100110 )
b1110110000111001 %
b1110110000111001 *
b101000000011 '
b101000000011 <
b1100100 :
b1100100 8
b1100100 1
b1100100 /
b1100100 C
b1100100 A
b1100100 D
b1100100 2
b1100100 ;
b1111111111111110101110010010000111000001 ,
b111100011011011100100001 >
1$
#1614
0$
#1615
b1111111111111010000010011010101110011110 !
b1111111111111010000010011010101110011110 ?
b1111111111111111001001010010011000110101 #
b1111111111111111001001010010011000110101 -
b1100100111 )
b1100100111110111 %
b1100100111110111 *
b1110010011000000 '
b1110010011000000 <
b1100100 :
b1100100 8
b1100100 1
b1100100 /
b1100100 C
b1100100 A
b1100100 D
b1100100 2
b1100100 ;
b1111111111111111001001010010011000110101 ,
b1111111111111010000010011010101110011110 >
1$
#1616
0$
#1617
b1111111111110101001100010111111001001000 !
b1111111111110101001100010111111001001000 ?
b1111111111111111111101011001111001111110 #
b1111111111111111111101011001111001111110 -
b1100101000 )
b1100000010000001 %
b1100000010000001 *
b1100100011101010 '
b1100100011101010 <
b1100100 :
b1100100 8
b1100100 1
b1100100 /
b1100100 C
b1100100 A
b1100100 D
b1100100 2
b1100100 ;
b1111111111111111111101011001111001111110 ,
b1111111111110101001100010111111001001000 >
1$
#1618
0$
#1619
b1111111111110100000101100001010111111100 !
b1111111111110100000101100001010111111100 ?
b110010101101110010011110 #
b110010101101110010011110 -
b1100101001 )
b1101010000110000 %
b1101010000110000 *
b1100000000100000 '
b1100000000100000 <
b1100100 :
b1100100 8
b1100100 1
b1100100 /
b1100100 C
b1100100 A
b1100100 D
b1100100 2
b1100100 ;
b110010101101110010011110 ,
b1111111111110100000101100001010111111100 >
1$
#1620
0$
#1621
b1111111111110111000110010111011001000010 !
b1111111111110111000110010111011001000010 ?
b1010000110000000111011001 #
b1010000110000000111011001 -
b1100101010 )
b1111101111111011 %
b1111101111111011 *
b1100110101101110 '
b1100110101101110 <
b1100100 :
b1100100 8
b1100100 1
b1100100 /
b1100100 C
b1100100 A
b1100100 D
b1100100 2
b1100100 ;
b1010000110000000111011001 ,
b1111111111110111000110010111011001000010 >
1$
#1622
0$
#1623
b1111111111111101001100001101100110100110 !
b1111111111111101001100001101100110100110 ?
b1001001101110101000011010 #
b1001001101110101000011010 -
b1100101011 )
b10010110011110 %
b10010110011110 *
b1110110000111001 '
b1110110000111001 <
b1100100 :
b1100100 8
b1100100 1
b1100100 /
b1100100 C
b1100100 A
b1100100 D
b1100100 2
b1100100 ;
b1001001101110101000011010 ,
b1111111111111101001100001101100110100110 >
1$
#1624
0$
#1625
b100010000001111010001000001 !
b100010000001111010001000001 ?
b100000110111101011000110 #
b100000110111101011000110 -
b1100101100 )
b11110111111101 %
b11110111111101 *
b1000111011011 '
b1000111011011 <
b1100100 :
b1100100 8
b1100100 1
b1100100 /
b1100100 C
b1100100 A
b1100100 D
b1100100 2
b1100100 ;
b100000110111101011000110 ,
b100010000001111010001000001 >
1$
#1626
0$
#1627
b1001110110000111011000011111 !
b1001110110000111011000011111 ?
b1111111111111111101000111011011101011010 #
b1111111111111111101000111011011101011010 -
b1100101101 )
b11100111101001 %
b11100111101001 *
b11000101010000 '
b11000101010000 <
b1100100 :
b1100100 8
b1100100 1
b1100100 /
b1100100 C
b1100100 A
b1100100 D
b1100100 2
b1100100 ;
b1111111111111111101000111011011101011010 ,
b1001110110000111011000011111 >
1$
#1628
0$
#1629
b1100000010000100110100011101 !
b1100000010000100110100011101 ?
b1111111111111110111011100101001101111101 #
b1111111111111110111011100101001101111101 -
b1100101110 )
b1101101000000 %
b1101101000000 *
b11111110110111 '
b11111110110111 <
b1100100 :
b1100100 8
b1100100 1
b1100100 /
b1100100 C
b1100100 A
b1100100 D
b1100100 2
b1100100 ;
b1111111111111110111011100101001101111101 ,
b1100000010000100110100011101 >
1$
#1630
0$
#1631
b1010000011101101101111010011 !
b1010000011101101101111010011 ?
b1111111111111110101101101000111111001100 #
b1111111111111110101101101000111111001100 -
b1100101111 )
b1111000000010101 %
b1111000000010101 *
b11100000010101 '
b11100000010101 <
b1100100 :
b1100100 8
b1100100 1
b1100100 /
b1100100 C
b1100100 A
b1100100 D
b1100100 2
b1100100 ;
b1111111111111110101101101000111111001100 ,
b1010000011101101101111010011 >
1$
#1632
0$
#1633
b100100110101110111100111000 !
b100100110101110111100111000 ?
b1111111111111111000101100000001111110011 #
b1111111111111111000101100000001111110011 -
b1100110000 )
b1100110000111001 %
b1100110000111001 *
b1110100001110 '
b1110100001110 <
b1100100 :
b1100100 8
b1100100 1
b1100100 /
b1100100 C
b1100100 A
b1100100 D
b1100100 2
b1100100 ;
b1111111111111111000101100000001111110011 ,
b100100110101110111100111000 >
1$
#1634
0$
#1635
b1111111111111101100011110100101010101110 !
b1111111111111101100011110100101010101110 ?
b1111111111111111111000001101111110101111 #
b1111111111111111111000001101111110101111 -
b1100110001 )
b1100000000100000 %
b1100000000100000 *
b1111011111111011 '
b1111011111111011 <
b1100100 :
b1100100 8
b1100100 1
b1100100 /
b1100100 C
b1100100 A
b1100100 D
b1100100 2
b1100100 ;
b1111111111111111111000001101111110101111 ,
b1111111111111101100011110100101010101110 >
1$
#1636
0$
#1637
b1111111111110111010110111011001010111101 !
b1111111111110111010110111011001010111101 ?
b101110100000011011100110 #
b101110100000011011100110 -
b1100110010 )
b1101000101011001 %
b1101000101011001 *
b1101010110101101 '
b1101010110101101 <
b1100100 :
b1100100 8
b1100100 1
b1100100 /
b1100100 C
b1100100 A
b1100100 D
b1100100 2
b1100100 ;
b101110100000011011100110 ,
b1111111111110111010110111011001010111101 >
1$
#1638
0$
#1639
b1111111111110100001001010011010000000100 !
b1111111111110100001001010011010000000100 ?
b1001111011100110111011011 #
b1001111011100110111011011 -
b1100110011 )
b1111011111111011 %
b1111011111111011 *
b1100001000000011 '
b1100001000000011 <
b1100100 :
b1100100 8
b1100100 1
b1100100 /
b1100100 C
b1100100 A
b1100100 D
b1100100 2
b1100100 ;
b1001111011100110111011011 ,
b1111111111110100001001010011010000000100 >
1$
#1640
0$
#1641
b1111111111110101000010000100000101011110 !
b1111111111110101000010000100000101011110 ?
b1001011111011100001011100 #
b1001011111011100001011100 -
b1100110100 )
b10001001001011 %
b10001001001011 *
b1100001111001001 '
b1100001111001001 <
b1100100 :
b1100100 8
b1100100 1
b1100100 /
b1100100 C
b1100100 A
b1100100 D
b1100100 2
b1100100 ;
b1001011111011100001011100 ,
b1111111111110101000010000100000101011110 >
1$
#1642
0$
#1643
b1111111111111001101101100101010001100010 !
b1111111111111001101101100101010001100010 ?
b100101100011110010101010 #
b100101100011110010101010 -
b1100110101 )
b11110011011110 %
b11110011011110 *
b1101101001100010 '
b1101101001100010 <
b1100100 :
b1100100 8
b1100100 1
b1100100 /
b1100100 C
b1100100 A
b1100100 D
b1100100 2
b1100100 ;
b100101100011110010101010 ,
b1111111111111001101101100101010001100010 >
1$
#1644
0$
#1645
b100100010001010110100000 !
b100100010001010110100000 ?
b1111111111111111101101111100110001000001 #
b1111111111111111101101111100110001000001 -
b1100110110 )
b11101110000001 %
b11101110000001 *
b1111110111111101 '
b1111110111111101 <
b1100100 :
b1100100 8
b1100100 1
b1100100 /
b1100100 C
b1100100 A
b1100100 D
b1100100 2
b1100100 ;
b1111111111111111101101111100110001000001 ,
b100100010001010110100000 >
1$
#1646
0$
#1647
b111001110011010100001010100 !
b111001110011010100001010100 ?
b1111111111111110111110100111111100000100 #
b1111111111111110111110100111111100000100 -
b1100110111 )
b1111011010101 %
b1111011010101 *
b10001001001011 '
b10001001001011 <
b1100100 :
b1100100 8
b1100100 1
b1100100 /
b1100100 C
b1100100 A
b1100100 D
b1100100 2
b1100100 ;
b1111111111111110111110100111111100000100 ,
b111001110011010100001010100 >
1$
#1648
0$
#1649
b1011011000101000101011001100 !
b1011011000101000101011001100 ?
b1111111111111110101101010011011101111101 #
b1111111111111110101101010011011101111101 -
b1100111000 )
b1111010000000010 %
b1111010000000010 *
b11101010111100 '
b11101010111100 <
b1100100 :
b1100100 8
b1100100 1
b1100100 /
b1100100 C
b1100100 A
b1100100 D
b1100100 2
b1100100 ;
b1111111111111110101101010011011101111101 ,
b1011011000101000101011001100 >
1$
#1650
0$
#1651
b1011100110110111011000101001 !
b1011100110110111011000101001 ?
b1111111111111111000001111100001000011001 #
b1111111111111111000001111100001000011001 -
b1100111001 )
b1100111010110000 %
b1100111010110000 *
b11111011011110 '
b11111011011110 <
b1100100 :
b1100100 8
b1100100 1
b1100100 /
b1100100 C
b1100100 A
b1100100 D
b1100100 2
b1100100 ;
b1111111111111111000001111100001000011001 ,
b1011100110110111011000101001 >
1$
#1652
0$
#1653
b111110100001011101110011010 !
b111110100001011101110011010 ?
b1111111111111111110011000011110011001110 #
b1111111111111111110011000011110011001110 -
b1100111010 )
b1100000000000000 %
b1100000000000000 *
b10110101000001 '
b10110101000001 <
b1100100 :
b1100100 8
b1100100 1
b1100100 /
b1100100 C
b1100100 A
b1100100 D
b1100100 2
b1100100 ;
b1111111111111111110011000011110011001110 ,
b111110100001011101110011010 >
1$
#1654
0$
#1655
b1010100100001001011011100 !
b1010100100001001011011100 ?
b101010000111101000110011 #
b101010000111101000110011 -
b1100111011 )
b1100111010110000 %
b1100111010110000 *
b101111111110 '
b101111111110 <
b1100100 :
b1100100 8
b1100100 1
b1100100 /
b1100100 C
b1100100 A
b1100100 D
b1100100 2
b1100100 ;
b101010000111101000110011 ,
b1010100100001001011011100 >
1$
#1656
0$
#1657
b1111111111111010010111100111111101110100 !
b1111111111111010010111100111111101110100 ?
b1001101110110010100000000 #
b1001101110110010100000000 -
b1100111100 )
b1111010000000010 %
b1111010000000010 *
b1110011010010101 '
b1110011010010101 <
b1100100 :
b1100100 8
b1100100 1
b1100100 /
b1100100 C
b1100100 A
b1100100 D
b1100100 2
b1100100 ;
b1001101110110010100000000 ,
b1111111111111010010111100111111101110100 >
1$
#1658
0$
#1659
b1111111111110101010111010111001111100111 !
b1111111111110101010111010111001111100111 ?
b1100111101 )
b1111011010101 %
b1111011010101 *
b1100100111110111 '
b1100100111110111 <
b1100100 :
b1100100 8
b1100100 1
b1100100 /
b1100100 C
b1100100 A
b1100100 D
b1100100 2
b1100100 ;
b1001101110110010100000000 ,
b1111111111110101010111010111001111100111 >
1$
#1660
0$
#1661
b1111111111110100000010011111100100111001 !
b1111111111110100000010011111100100111001 ?
b101010000111101000110011 #
b101010000111101000110011 -
b1100111110 )
b11101110000001 %
b11101110000001 *
b1100000000001000 '
b1100000000001000 <
b1100100 :
b1100100 8
b1100100 1
b1100100 /
b1100100 C
b1100100 A
b1100100 D
b1100100 2
b1100100 ;
b101010000111101000110011 ,
b1111111111110100000010011111100100111001 >
1$
#1662
0$
#1663
b1111111111110110110110010111011011101100 !
b1111111111110110110110010111011011101100 ?
b1111111111111111110011000011110011001110 #
b1111111111111111110011000011110011001110 -
b1100111111 )
b11110011011110 %
b11110011011110 *
b1100110000111001 '
b1100110000111001 <
b1100100 :
b1100100 8
b1100100 1
b1100100 /
b1100100 C
b1100100 A
b1100100 D
b1100100 2
b1100100 ;
b1111111111111111110011000011110011001110 ,
b1111111111110110110110010111011011101100 >
1$
#1664
0$
#1665
b1111111111111100110100110001100010110111 !
b1111111111111100110100110001100010110111 ?
b1111111111111111000001111100001000011001 #
b1111111111111111000001111100001000011001 -
b1101000000 )
b10001001001011 %
b10001001001011 *
b1110101001010010 '
b1110101001010010 <
b1100100 :
b1100100 8
b1100100 1
b1100100 /
b1100100 C
b1100100 A
b1100100 D
b1100100 2
b1100100 ;
b1111111111111111000001111100001000011001 ,
b1111111111111100110100110001100010110111 >
1$
#1666
0$
#1667
b11111001011101110010011111 !
b11111001011101110010011111 ?
b1111111111111110101101010011011101111101 #
b1111111111111110101101010011011101111101 -
b1101000001 )
b1111011111111011 %
b1111011111111011 *
b111111101011 '
b111111101011 <
b1100100 :
b1100100 8
b1100100 1
b1100100 /
b1100100 C
b1100100 A
b1100100 D
b1100100 2
b1100100 ;
b1111111111111110101101010011011101111101 ,
b11111001011101110010011111 >
1$
#1668
0$
#1669
b1001100111111000011010100001 !
b1001100111111000011010100001 ?
b1111111111111110111110100111111100000100 #
b1111111111111110111110100111111100000100 -
b1101000010 )
b1101000101011001 %
b1101000101011001 *
b11000000000010 '
b11000000000010 <
b1100100 :
b1100100 8
b1100100 1
b1100100 /
b1100100 C
b1100100 A
b1100100 D
b1100100 2
b1100100 ;
b1111111111111110111110100111111100000100 ,
b1001100111111000011010100001 >
1$
#1670
0$
#1671
b1100000001010011010001001010 !
b1100000001010011010001001010 ?
b1111111111111111101101111100110001000001 #
b1111111111111111101101111100110001000001 -
b1101000011 )
b1100000000100000 %
b1100000000100000 *
b11111101111111 '
b11111101111111 <
b1100100 :
b1100100 8
b1100100 1
b1100100 /
b1100100 C
b1100100 A
b1100100 D
b1100100 2
b1100100 ;
b1111111111111111101101111100110001000001 ,
b1100000001010011010001001010 >
1$
#1672
0$
#1673
b1010010000101010100110101001 !
b1010010000101010100110101001 ?
b100101100011110010101010 #
b100101100011110010101010 -
b1101000100 )
b1100110000111001 %
b1100110000111001 *
b11100100000110 '
b11100100000110 <
b1100100 :
b1100100 8
b1100100 1
b1100100 /
b1100100 C
b1100100 A
b1100100 D
b1100100 2
b1100100 ;
b100101100011110010101010 ,
b1010010000101010100110101001 >
1$
#1674
0$
#1675
b100111100111011011101101101 !
b100111100111011011101101101 ?
b1001011111011100001011100 #
b1001011111011100001011100 -
b1101000101 )
b1111000000010101 %
b1111000000010101 *
b1111011010101 '
b1111011010101 <
b1100100 :
b1100100 8
b1100100 1
b1100100 /
b1100100 C
b1100100 A
b1100100 D
b1100100 2
b1100100 ;
b1001011111011100001011100 ,
b100111100111011011101101101 >
1$
#1676
0$
#1677
b1111111111111101111011100101011111010100 !
b1111111111111101111011100101011111010100 ?
b1001111011100110111011011 #
b1001111011100110111011011 -
b1101000110 )
b1101101000000 %
b1101101000000 *
b1111100111111010 '
b1111100111111010 <
b1100100 :
b1100100 8
b1100100 1
b1100100 /
b1100100 C
b1100100 A
b1100100 D
b1100100 2
b1100100 ;
b1001111011100110111011011 ,
b1111111111111101111011100101011111010100 >
1$
#1678
0$
#1679
b1111111111110111101000000010010101000011 !
b1111111111110111101000000010010101000011 ?
b101110100000011011100110 #
b101110100000011011100110 -
b1101000111 )
b11100111101001 %
b11100111101001 *
b1101011100110100 '
b1101011100110100 <
b1100100 :
b1100100 8
b1100100 1
b1100100 /
b1100100 C
b1100100 A
b1100100 D
b1100100 2
b1100100 ;
b101110100000011011100110 ,
b1111111111110111101000000010010101000011 >
1$
#1680
0$
#1681
b1111111111110100001101110110000011000110 !
b1111111111110100001101110110000011000110 ?
b1111111111111111111000001101111110101111 #
b1111111111111111111000001101111110101111 -
b1101001000 )
b11110111111101 %
b11110111111101 *
b1100001010001011 '
b1100001010001011 <
b1100100 :
b1100100 8
b1100100 1
b1100100 /
b1100100 C
b1100100 A
b1100100 D
b1100100 2
b1100100 ;
b1111111111111111111000001101111110101111 ,
b1111111111110100001101110110000011000110 >
1$
#1682
0$
#1683
b1111111111110100111000011110000100010101 !
b1111111111110100111000011110000100010101 ?
b1111111111111111000101100000001111110011 #
b1111111111111111000101100000001111110011 -
b1101001001 )
b10010110011110 %
b10010110011110 *
b1100001100100010 '
b1100001100100010 <
b1100100 :
b1100100 8
b1100100 1
b1100100 /
b1100100 C
b1100100 A
b1100100 D
b1100100 2
b1100100 ;
b1111111111111111000101100000001111110011 ,
b1111111111110100111000011110000100010101 >
1$
#1684
0$
#1685
b1111111111111001011001001010111101010101 !
b1111111111111001011001001010111101010101 ?
b1111111111111110101101101000111111001100 #
b1111111111111110101101101000111111001100 -
b1101001010 )
b1111101111111011 %
b1111101111111011 *
b1101100011000110 '
b1101100011000110 <
b1100100 :
b1100100 8
b1100100 1
b1100100 /
b1100100 C
b1100100 A
b1100100 D
b1100100 2
b1100100 ;
b1111111111111110101101101000111111001100 ,
b1111111111111001011001001010111101010101 >
1$
#1686
0$
#1687
b1100000110101101101001 !
b1100000110101101101001 ?
b1111111111111110111011100101001101111101 #
b1111111111111110111011100101001101111101 -
b1101001011 )
b1101010000110000 %
b1101010000110000 *
b1111101111111011 '
b1111101111111011 <
b1100100 :
b1100100 8
b1100100 1
b1100100 /
b1100100 C
b1100100 A
b1100100 D
b1100100 2
b1100100 ;
b1111111111111110111011100101001101111101 ,
b1100000110101101101001 >
1$
#1688
0$
#1689
b110111010110110101010001110 !
b110111010110110101010001110 ?
b1111111111111111101000111011011101011010 #
b1111111111111111101000111011011101011010 -
b1101001100 )
b1100000010000001 %
b1100000010000001 *
b10000010010100 '
b10000010010100 <
b1100100 :
b1100100 8
b1100100 1
b1100100 /
b1100100 C
b1100100 A
b1100100 D
b1100100 2
b1100100 ;
b1111111111111111101000111011011101011010 ,
b110111010110110101010001110 >
1$
#1690
0$
#1691
b1011010000011100101110111100 !
b1011010000011100101110111100 ?
b100000110111101011000110 #
b100000110111101011000110 -
b1101001101 )
b1100100111110111 %
b1100100111110111 *
b11100111101001 '
b11100111101001 <
b1100100 :
b1100100 8
b1100100 1
b1100100 /
b1100100 C
b1100100 A
b1100100 D
b1100100 2
b1100100 ;
b100000110111101011000110 ,
b1011010000011100101110111100 >
1$
#1692
0$
#1693
b1011101100111000101110110001 !
b1011101100111000101110110001 ?
b1001001101110101000011010 #
b1001001101110101000011010 -
b1101001110 )
b1110110000111001 %
b1110110000111001 *
b11111100110110 '
b11111100110110 <
b1100100 :
b1100100 8
b1100100 1
b1100100 /
b1100100 C
b1100100 A
b1100100 D
b1100100 2
b1100100 ;
b1001001101110101000011010 ,
b1011101100111000101110110001 >
1$
#1694
0$
#1695
b1000000110010101001101101000 !
b1000000110010101001101101000 ?
b1010000110000000111011001 #
b1010000110000000111011001 -
b1101001111 )
b1011110001111 %
b1011110001111 *
b10111010100111 '
b10111010100111 <
b1100100 :
b1100100 8
b1100100 1
b1100100 /
b1100100 C
b1100100 A
b1100100 D
b1100100 2
b1100100 ;
b1010000110000000111011001 ,
b1000000110010101001101101000 >
1$
#1696
0$
#1697
b1101100100001001100011000 !
b1101100100001001100011000 ?
b110010101101110010011110 #
b110010101101110010011110 -
b1101010000 )
b11100000010101 %
b11100000010101 *
b110111110110 '
b110111110110 <
b1100100 :
b1100100 8
b1100100 1
b1100100 /
b1100100 C
b1100100 A
b1100100 D
b1100100 2
b1100100 ;
b110010101101110010011110 ,
b1101100100001001100011000 >
1$
#1698
0$
#1699
b1111111111111010101101001011010100100000 !
b1111111111111010101101001011010100100000 ?
b1111111111111111111101011001111001111110 #
b1111111111111111111101011001111001111110 -
b1101010001 )
b11111011011110 %
b11111011011110 *
b1110100001110001 '
b1110100001110001 <
b1100100 :
b1100100 8
b1100100 1
b1100100 /
b1100100 C
b1100100 A
b1100100 D
b1100100 2
b1100100 ;
b1111111111111111111101011001111001111110 ,
b1111111111111010101101001011010100100000 >
1$
#1700
0$
#1701
b1111111111110101100011000000111001011001 !
b1111111111110101100011000000111001011001 ?
b1111111111111111001001010010011000110101 #
b1111111111111111001001010010011000110101 -
b1101010010 )
b10100011001100 %
b10100011001100 *
b1100101100010001 '
b1100101100010001 <
b1100100 :
b1100100 8
b1100100 1
b1100100 /
b1100100 C
b1100100 A
b1100100 D
b1100100 2
b1100100 ;
b1111111111111111001001010010011000110101 ,
b1111111111110101100011000000111001011001 >
1$
#1702
0$
#1703
b1111111111110100000000001101101000000110 !
b1111111111110100000000001101101000000110 ?
b1111111111111110101110010010000111000001 #
b1111111111111110101110010010000111000001 -
b1101010011 )
b0 %
b0 *
b1100000000000000 '
b1100000000000000 <
b1100100 :
b1100100 8
b1100100 1
b1100100 /
b1100100 C
b1100100 A
b1100100 D
b1100100 2
b1100100 ;
b1111111111111110101110010010000111000001 ,
b1111111111110100000000001101101000000110 >
1$
#1704
0$
#1705
b1111111111110110100110111100010101001001 !
b1111111111110110100110111100010101001001 ?
b1111111111111110111000110010010001010110 #
b1111111111111110111000110010010001010110 -
b1101010100 )
b1101011100110100 %
b1101011100110100 *
b1100101100010001 '
b1100101100010001 <
b1100100 :
b1100100 8
b1100100 1
b1100100 /
b1100100 C
b1100100 A
b1100100 D
b1100100 2
b1100100 ;
b1111111111111110111000110010010001010110 ,
b1111111111110110100110111100010101001001 >
1$
#1706
0$
#1707
b1111111111111100011101100010101001111101 !
b1111111111111100011101100010101001111101 ?
b1111111111111111100011111110010101101111 #
b1111111111111111100011111110010101101111 -
b1101010101 )
b1100000100100010 %
b1100000100100010 *
b1110100001110001 '
b1110100001110001 <
b1100100 :
b1100100 8
b1100100 1
b1100100 /
b1100100 C
b1100100 A
b1100100 D
b1100100 2
b1100100 ;
b1111111111111111100011111110010101101111 ,
b1111111111111100011101100010101001111101 >
1$
#1708
0$
#1709
b11100010011101010110000011 !
b11100010011101010110000011 ?
b11100000001101010010001 #
b11100000001101010010001 -
b1101010110 )
b1100011111101011 %
b1100011111101011 *
b110111110110 '
b110111110110 <
b1100100 :
b1100100 8
b1100100 1
b1100100 /
b1100100 C
b1100100 A
b1100100 D
b1100100 2
b1100100 ;
b11100000001101010010001 ,
b11100010011101010110000011 >
1$
#1710
0$
#1711
b1001011001000011101010110111 !
b1001011001000011101010110111 ?
b1000111001101101110101010 #
b1000111001101101110101010 -
b1101010111 )
b1110100001110001 %
b1110100001110001 *
b10111010100111 '
b10111010100111 <
b1100100 :
b1100100 8
b1100100 1
b1100100 /
b1100100 C
b1100100 A
b1100100 D
b1100100 2
b1100100 ;
b1000111001101101110101010 ,
b1001011001000011101010110111 >
1$
#1712
0$
#1713
b1011111111110010010111111010 !
b1011111111110010010111111010 ?
b1010001101101111000111111 #
b1010001101101111000111111 -
b1101011000 )
b1001111000111 %
b1001111000111 *
b11111100110110 '
b11111100110110 <
b1100100 :
b1100100 8
b1100100 1
b1100100 /
b1100100 C
b1100100 A
b1100100 D
b1100100 2
b1100100 ;
b1010001101101111000111111 ,
b1011111111110010010111111010 >
1$
#1714
0$
#1715
b1010011100111111000110100111 !
b1010011100111111000110100111 ?
b110110101101100111001011 #
b110110101101100111001011 -
b1101011001 )
b11011000001001 %
b11011000001001 *
b11100111101001 '
b11100111101001 <
b1100100 :
b1100100 8
b1100100 1
b1100100 /
b1100100 C
b1100100 A
b1100100 D
b1100100 2
b1100100 ;
b110110101101100111001011 ,
b1010011100111111000110100111 >
1$
#1716
0$
#1717
b101010010110100101011100000 !
b101010010110100101011100000 ?
b10100110000110000010 #
b10100110000110000010 -
b1101011010 )
b11111101111111 %
b11111101111111 *
b10000010010100 '
b10000010010100 <
b1100100 :
b1100100 8
b1100100 1
b1100100 /
b1100100 C
b1100100 A
b1100100 D
b1100100 2
b1100100 ;
b10100110000110000010 ,
b101010010110100101011100000 >
1$
#1718
0$
#1719
b1111111111111110010011011110110011101000 !
b1111111111111110010011011110110011101000 ?
b1111111111111111001101010010001101100010 #
b1111111111111111001101010010001101100010 -
b1101011011 )
b10101111010000 %
b10101111010000 *
b1111101111111011 '
b1111101111111011 <
b1100100 :
b1100100 8
b1100100 1
b1100100 /
b1100100 C
b1100100 A
b1100100 D
b1100100 2
b1100100 ;
b1111111111111111001101010010001101100010 ,
b1111111111111110010011011110110011101000 >
1$
#1720
0$
#1721
b1111111111110111111001101010110010011000 !
b1111111111110111111001101010110010011000 ?
b1111111111111110101111001111111000100111 #
b1111111111111110101111001111111000100111 -
b1101011100 )
b10000000101 %
b10000000101 *
b1101100011000110 '
b1101100011000110 <
b1100100 :
b1100100 8
b1100100 1
b1100100 /
b1100100 C
b1100100 A
b1100100 D
b1100100 2
b1100100 ;
b1111111111111110101111001111111000100111 ,
b1111111111110111111001101010110010011000 >
1$
#1722
0$
#1723
b1111111111110100010011000111010001001111 !
b1111111111110100010011000111010001001111 ?
b1111111111111110110110010001010111100110 #
b1111111111111110110110010001010111100110 -
b1101011101 )
b1101101001100010 %
b1101101001100010 *
b1100001100100010 '
b1100001100100010 <
b1100100 :
b1100100 8
b1100100 1
b1100100 /
b1100100 C
b1100100 A
b1100100 D
b1100100 2
b1100100 ;
b1111111111111110110110010001010111100110 ,
b1111111111110100010011000111010001001111 >
1$
#1724
0$
#1725
b1111111111110100101111100011010001000100 !
b1111111111110100101111100011010001000100 ?
b1111111111111111011111001000010100111010 #
b1111111111111111011111001000010100111010 -
b1101011110 )
b1100001000000011 %
b1100001000000011 *
b1100001010001011 '
b1100001010001011 <
b1100100 :
b1100100 8
b1100100 1
b1100100 /
b1100100 C
b1100100 A
b1100100 D
b1100100 2
b1100100 ;
b1111111111111111011111001000010100111010 ,
b1111111111110100101111100011010001000100 >
1$
#1726
0$
#1727
b1111111111111001000101001001010101110010 !
b1111111111111001000101001001010101110010 ?
b10111000100100010100110 #
b10111000100100010100110 -
b1101011111 )
b1100011000010111 %
b1100011000010111 *
b1101011100110100 '
b1101011100110100 <
b1100100 :
b1100100 8
b1100100 1
b1100100 /
b1100100 C
b1100100 A
b1100100 D
b1100100 2
b1100100 ;
b10111000100100010100110 ,
b1111111111111001000101001001010101110010 >
1$
#1728
0$
#1729
b1111111111111111110011111001010010010111 !
b1111111111111111110011111001010010010111 ?
b1000100011010110010000011 #
b1000100011010110010000011 -
b1101100000 )
b1110010011000000 %
b1110010011000000 *
b1111100111111010 '
b1111100111111010 <
b1100100 :
b1100100 8
b1100100 1
b1100100 /
b1100100 C
b1100100 A
b1100100 D
b1100100 2
b1100100 ;
b1000100011010110010000011 ,
b1111111111111111110011111001010010010111 >
1$
#1730
0$
#1731
b110100110110101000010101011 !
b110100110110101000010101011 ?
b1010010010111000000110100 #
b1010010010111000000110100 -
b1101100001 )
b111111101011 %
b111111101011 *
b1111011010101 '
b1111011010101 <
b1100100 :
b1100100 8
b1100100 1
b1100100 /
b1100100 C
b1100100 A
b1100100 D
b1100100 2
b1100100 ;
b1010010010111000000110100 ,
b110100110110101000010101011 >
1$
#1732
0$
#1733
b1011000111100001111011101011 !
b1011000111100001111011101011 ?
b111010011111110000001101 #
b111010011111110000001101 -
b1101100010 )
b11001111000111 %
b11001111000111 *
b11100100000110 '
b11100100000110 <
b1100100 :
b1100100 8
b1100100 1
b1100100 /
b1100100 C
b1100100 A
b1100100 D
b1100100 2
b1100100 ;
b111010011111110000001101 ,
b1011000111100001111011101011 >
1$
#1734
0$
#1735
b1011110010001001111100111010 !
b1011110010001001111100111010 ?
b111110010000001010001 #
b111110010000001010001 -
b1101100011 )
b11111111100000 %
b11111111100000 *
b11111101111111 '
b11111101111111 <
b1100100 :
b1100100 8
b1100100 1
b1100100 /
b1100100 C
b1100100 A
b1100100 D
b1100100 2
b1100100 ;
b111110010000001010001 ,
b1011110010001001111100111010 >
1$
#1736
0$
#1737
b1000010111111101101010111101 !
b1000010111111101101010111101 ?
b1111111111111111010001011111100100011010 #
b1111111111111111010001011111100100011010 -
b1101100100 )
b10111010100111 %
b10111010100111 *
b11000000000010 '
b11000000000010 <
b1100100 :
b1100100 8
b1100100 1
b1100100 /
b1100100 C
b1100100 A
b1100100 D
b1100100 2
b1100100 ;
b1111111111111111010001011111100100011010 ,
b1000010111111101101010111101 >
1$
#1738
0$
#1739
b10000100011010100000101100 !
b10000100011010100000101100 ?
b1111111111111110110000100011001000100101 #
b1111111111111110110000100011001000100101 -
b1101100101 )
b100000000101 %
b100000000101 *
b111111101011 '
b111111101011 <
b1100100 :
b1100100 8
b1100100 1
b1100100 /
b1100100 C
b1100100 A
b1100100 D
b1100100 2
b1100100 ;
b1111111111111110110000100011001000100101 ,
b10000100011010100000101100 >
1$
#1740
0$
#1741
b1111111111111011000011000100100010010011 !
b1111111111111011000011000100100010010011 ?
b1111111111111110110100000100011110100100 #
b1111111111111110110100000100011110100100 -
b1101100110 )
b1101110110110101 %
b1101110110110101 *
b1110101001010010 '
b1110101001010010 <
b1100100 :
b1100100 8
b1100100 1
b1100100 /
b1100100 C
b1100100 A
b1100100 D
b1100100 2
b1100100 ;
b1111111111111110110100000100011110100100 ,
b1111111111111011000011000100100010010011 >
1$
#1742
0$
#1743
b1111111111110101101111010101011001010111 !
b1111111111110101101111010101011001010111 ?
b1111111111111111011010011100001101010110 #
b1111111111111111011010011100001101010110 -
b1101100111 )
b1100001100100010 %
b1100001100100010 *
b1100110000111001 '
b1100110000111001 <
b1100100 :
b1100100 8
b1100100 1
b1100100 /
b1100100 C
b1100100 A
b1100100 D
b1100100 2
b1100100 ;
b1111111111111111011010011100001101010110 ,
b1111111111110101101111010101011001010111 >
1$
#1744
0$
#1745
b1111111111110011111110101100101110110110 !
b1111111111110011111110101100101110110110 ?
b10010000011001110111111 #
b10010000011001110111111 -
b1101101000 )
b1100010001111111 %
b1100010001111111 *
b1100000000001000 '
b1100000000001000 <
b1100100 :
b1100100 8
b1100100 1
b1100100 /
b1100100 C
b1100100 A
b1100100 D
b1100100 2
b1100100 ;
b10010000011001110111111 ,
b1111111111110011111110101100101110110110 >
1$
#1746
0$
#1747
b1111111111110110011000000111100101011111 !
b1111111111110110011000000111100101011111 ?
b1000001011000000011111100 #
b1000001011000000011111100 -
b1101101001 )
b1110000100101011 %
b1110000100101011 *
b1100100111110111 '
b1100100111110111 <
b1100100 :
b1100100 8
b1100100 1
b1100100 /
b1100100 C
b1100100 A
b1100100 D
b1100100 2
b1100100 ;
b1000001011000000011111100 ,
b1111111111110110011000000111100101011111 >
1$
#1748
0$
#1749
b1111111111111100000110100010001101100001 !
b1111111111111100000110100010001101100001 ?
b1010010101100100010000011 #
b1010010101100100010000011 -
b1101101010 )
b101111111110 %
b101111111110 *
b1110011010010101 '
b1110011010010101 <
b1100100 :
b1100100 8
b1100100 1
b1100100 /
b1100100 C
b1100100 A
b1100100 D
b1100100 2
b1100100 ;
b1010010101100100010000011 ,
b1111111111111100000110100010001101100001 >
1$
#1750
0$
#1751
b11001011001110011101001001 !
b11001011001110011101001001 ?
b111110000011110111100111 #
b111110000011110111100111 -
b1101101011 )
b11000101010000 %
b11000101010000 *
b101111111110 '
b101111111110 <
b1100100 :
b1100100 8
b1100100 1
b1100100 /
b1100100 C
b1100100 A
b1100100 D
b1100100 2
b1100100 ;
b111110000011110111100111 ,
b11001011001110011101001001 >
1$
#1752
0$
#1753
b1001001001101000100100010100 !
b1001001001101000100100010100 ?
b1100111100001100110010 #
b1100111100001100110010 -
b1101101100 )
b100000000000000 %
b100000000000000 *
b10110101000001 '
b10110101000001 <
b1100100 :
b1100100 8
b1100100 1
b1100100 /
b1100100 C
b1100100 A
b1100100 D
b1100100 2
b1100100 ;
b1100111100001100110010 ,
b1001001001101000100100010100 >
1$
#1754
0$
#1755
b1011111101100000011011000111 !
b1011111101100000011011000111 ?
b1111111111111111010101111000010111001101 #
b1111111111111111010101111000010111001101 -
b1101101101 )
b11000101010000 %
b11000101010000 *
b11111011011110 '
b11111011011110 <
b1100100 :
b1100100 8
b1100100 1
b1100100 /
b1100100 C
b1100100 A
b1100100 D
b1100100 2
b1100100 ;
b1111111111111111010101111000010111001101 ,
b1011111101100000011011000111 >
1$
#1756
0$
#1757
b1010101000101000110000011001 !
b1010101000101000110000011001 ?
b1111111111111110110010001001101100000000 #
b1111111111111110110010001001101100000000 -
b1101101110 )
b101111111110 %
b101111111110 *
b11101010111100 '
b11101010111100 <
b1100100 :
b1100100 8
b1100100 1
b1100100 /
b1100100 C
b1100100 A
b1100100 D
b1100100 2
b1100100 ;
b1111111111111110110010001001101100000000 ,
b1010101000101000110000011001 >
1$
#1758
0$
#1759
b101101000011000000010001100 !
b101101000011000000010001100 ?
b1101101111 )
b1110000100101011 %
b1110000100101011 *
b10001001001011 '
b10001001001011 <
b1100100 :
b1100100 8
b1100100 1
b1100100 /
b1100100 C
b1100100 A
b1100100 D
b1100100 2
b1100100 ;
b1111111111111110110010001001101100000000 ,
b101101000011000000010001100 >
1$
#1760
0$
#1761
b1111111111111110101011011110110100100100 !
b1111111111111110101011011110110100100100 ?
b1111111111111111010101111000010111001101 #
b1111111111111111010101111000010111001101 -
b1101110000 )
b1100010001111111 %
b1100010001111111 *
b1111110111111101 '
b1111110111111101 <
b1100100 :
b1100100 8
b1100100 1
b1100100 /
b1100100 C
b1100100 A
b1100100 D
b1100100 2
b1100100 ;
b1111111111111111010101111000010111001101 ,
b1111111111111110101011011110110100100100 >
1$
#1762
0$
#1763
b1111111111111000001011110100010001100110 !
b1111111111111000001011110100010001100110 ?
b1100111100001100110010 #
b1100111100001100110010 -
b1101110001 )
b1100001100100010 %
b1100001100100010 *
b1101101001100010 '
b1101101001100010 <
b1100100 :
b1100100 8
b1100100 1
b1100100 /
b1100100 C
b1100100 A
b1100100 D
b1100100 2
b1100100 ;
b1100111100001100110010 ,
b1111111111111000001011110100010001100110 >
1$
#1764
0$
#1765
b1111111111110100011001001000100111010111 !
b1111111111110100011001001000100111010111 ?
b111110000011110111100111 #
b111110000011110111100111 -
b1101110010 )
b1101110110110101 %
b1101110110110101 *
b1100001111001001 '
b1100001111001001 <
b1100100 :
b1100100 8
b1100100 1
b1100100 /
b1100100 C
b1100100 A
b1100100 D
b1100100 2
b1100100 ;
b111110000011110111100111 ,
b1111111111110100011001001000100111010111 >
1$
#1766
0$
#1767
b1111111111110100100111010111010100110100 !
b1111111111110100100111010111010100110100 ?
b1010010101100100010000011 #
b1010010101100100010000011 -
b1101110011 )
b100000000101 %
b100000000101 *
b1100001000000011 '
b1100001000000011 <
b1100100 :
b1100100 8
b1100100 1
b1100100 /
b1100100 C
b1100100 A
b1100100 D
b1100100 2
b1100100 ;
b1010010101100100010000011 ,
b1111111111110100100111010111010100110100 >
1$
#1768
0$
#1769
b1111111111111000110001100101011110101100 !
b1111111111111000110001100101011110101100 ?
b1000001011000000011111100 #
b1000001011000000011111100 -
b1101110100 )
b10111010100111 %
b10111010100111 *
b1101010110101101 '
b1101010110101101 <
b1100100 :
b1100100 8
b1100100 1
b1100100 /
b1100100 C
b1100100 A
b1100100 D
b1100100 2
b1100100 ;
b1000001011000000011111100 ,
b1111111111111000110001100101011110101100 >
1$
#1770
0$
#1771
b1111111111111111011011101110101001100000 !
b1111111111111111011011101110101001100000 ?
b10010000011001110111111 #
b10010000011001110111111 -
b1101110101 )
b11111111100000 %
b11111111100000 *
b1111011111111011 '
b1111011111111011 <
b1100100 :
b1100100 8
b1100100 1
b1100100 /
b1100100 C
b1100100 A
b1100100 D
b1100100 2
b1100100 ;
b10010000011001110111111 ,
b1111111111111111011011101110101001100000 >
1$
#1772
0$
#1773
b110010010011010101110011110 !
b110010010011010101110011110 ?
b1111111111111111011010011100001101010110 #
b1111111111111111011010011100001101010110 -
b1101110110 )
b11001111000111 %
b11001111000111 *
b1110100001110 '
b1110100001110 <
b1100100 :
b1100100 8
b1100100 1
b1100100 /
b1100100 C
b1100100 A
b1100100 D
b1100100 2
b1100100 ;
b1111111111111111011010011100001101010110 ,
b110010010011010101110011110 >
1$
#1774
0$
#1775
b1010111101111011111010100010 !
b1010111101111011111010100010 ?
b1111111111111110110100000100011110100100 #
b1111111111111110110100000100011110100100 -
b1101110111 )
b111111101011 %
b111111101011 *
b11100000010101 '
b11100000010101 <
b1100100 :
b1100100 8
b1100100 1
b1100100 /
b1100100 C
b1100100 A
b1100100 D
b1100100 2
b1100100 ;
b1111111111111110110100000100011110100100 ,
b1010111101111011111010100010 >
1$
#1776
0$
#1777
b1011110110101100101111111100 !
b1011110110101100101111111100 ?
b1111111111111110110000100011001000100101 #
b1111111111111110110000100011001000100101 -
b1101111000 )
b1110010011000000 %
b1110010011000000 *
b11111110110111 '
b11111110110111 <
b1100100 :
b1100100 8
b1100100 1
b1100100 /
b1100100 C
b1100100 A
b1100100 D
b1100100 2
b1100100 ;
b1111111111111110110000100011001000100101 ,
b1011110110101100101111111100 >
1$
#1778
0$
#1779
b1000101001000100110101000011 !
b1000101001000100110101000011 ?
b1111111111111111010001011111100100011010 #
b1111111111111111010001011111100100011010 -
b1101111001 )
b1100011000010111 %
b1100011000010111 *
b11000101010000 '
b11000101010000 <
b1100100 :
b1100100 8
b1100100 1
b1100100 /
b1100100 C
b1100100 A
b1100100 D
b1100100 2
b1100100 ;
b1111111111111111010001011111100100011010 ,
b1000101001000100110101000011 >
1$
#1780
0$
#1781
b10011100001011010101010010 !
b10011100001011010101010010 ?
b111110010000001010001 #
b111110010000001010001 -
b1101111010 )
b1100001000000011 %
b1100001000000011 *
b1000111011011 '
b1000111011011 <
b1100100 :
b1100100 8
b1100100 1
b1100100 /
b1100100 C
b1100100 A
b1100100 D
b1100100 2
b1100100 ;
b111110010000001010001 ,
b10011100001011010101010010 >
1$
#1782
0$
#1783
b1111111111111011011001010001000011001000 !
b1111111111111011011001010001000011001000 ?
b111010011111110000001101 #
b111010011111110000001101 -
b1101111011 )
b1101101001100010 %
b1101101001100010 *
b1110110000111001 '
b1110110000111001 <
b1100100 :
b1100100 8
b1100100 1
b1100100 /
b1100100 C
b1100100 A
b1100100 D
b1100100 2
b1100100 ;
b111010011111110000001101 ,
b1111111111111011011001010001000011001000 >
1$
#1784
0$
#1785
b1111111111110101111100010010010000101101 !
b1111111111110101111100010010010000101101 ?
b1010010010111000000110100 #
b1010010010111000000110100 -
b1101111100 )
b10000000101 %
b10000000101 *
b1100110101101110 '
b1100110101101110 <
b1100100 :
b1100100 8
b1100100 1
b1100100 /
b1100100 C
b1100100 A
b1100100 D
b1100100 2
b1100100 ;
b1010010010111000000110100 ,
b1111111111110101111100010010010000101101 >
1$
#1786
0$
#1787
b1111111111110011111101111011001011100011 !
b1111111111110011111101111011001011100011 ?
b1000100011010110010000011 #
b1000100011010110010000011 -
b1101111101 )
b10101111010000 %
b10101111010000 *
b1100000000100000 '
b1100000000100000 <
b1100100 :
b1100100 8
b1100100 1
b1100100 /
b1100100 C
b1100100 A
b1100100 D
b1100100 2
b1100100 ;
b1000100011010110010000011 ,
b1111111111110011111101111011001011100011 >
1$
#1788
0$
#1789
b1111111111110110001001111000100111100001 !
b1111111111110110001001111000100111100001 ?
b10111000100100010100110 #
b10111000100100010100110 -
b1101111110 )
b11111101111111 %
b11111101111111 *
b1100100011101010 '
b1100100011101010 <
b1100100 :
b1100100 8
b1100100 1
b1100100 /
b1100100 C
b1100100 A
b1100100 D
b1100100 2
b1100100 ;
b10111000100100010100110 ,
b1111111111110110001001111000100111100001 >
1$
#1790
0$
#1791
b1111111111111011101111110000101110111111 !
b1111111111111011101111110000101110111111 ?
b1111111111111111011111001000010100111010 #
b1111111111111111011111001000010100111010 -
b1101111111 )
b11011000001001 %
b11011000001001 *
b1110010011000000 '
b1110010011000000 <
b1100100 :
b1100100 8
b1100100 1
b1100100 /
b1100100 C
b1100100 A
b1100100 D
b1100100 2
b1100100 ;
b1111111111111111011111001000010100111010 ,
b1111111111111011101111110000101110111111 >
1$
#1792
0$
#1793
b10110011110010011001011010 !
b10110011110010011001011010 ?
b1111111111111110110110010001010111100110 #
b1111111111111110110110010001010111100110 -
b1110000000 )
b1001111000111 %
b1001111000111 *
b101000000011 '
b101000000011 <
b1100100 :
b1100100 8
b1100100 1
b1100100 /
b1100100 C
b1100100 A
b1100100 D
b1100100 2
b1100100 ;
b1111111111111110110110010001010111100110 ,
b10110011110010011001011010 >
1$
#1794
0$
#1795
b1000111001101000100110111110 !
b1000111001101000100110111110 ?
b1111111111111110101111001111111000100111 #
b1111111111111110101111001111111000100111 -
b1110000001 )
b1110100001110001 %
b1110100001110001 *
b10101111010000 '
b10101111010000 <
b1100100 :
b1100100 8
b1100100 1
b1100100 /
b1100100 C
b1100100 A
b1100100 D
b1100100 2
b1100100 ;
b1111111111111110101111001111111000100111 ,
b1000111001101000100110111110 >
1$
#1796
0$
#1797
b1011111010011110101000000100 !
b1011111010011110101000000100 ?
b1111111111111111001101010010001101100010 #
b1111111111111111001101010010001101100010 -
b1110000010 )
b1100011111101011 %
b1100011111101011 *
b11111001110101 '
b11111001110101 <
b1100100 :
b1100100 8
b1100100 1
b1100100 /
b1100100 C
b1100100 A
b1100100 D
b1100100 2
b1100100 ;
b1111111111111111001101010010001101100010 ,
b1011111010011110101000000100 >
1$
#1798
0$
#1799
b1010110011101000000110111000 !
b1010110011101000000110111000 ?
b10100110000110000010 #
b10100110000110000010 -
b1110000011 )
b1100000100100010 %
b1100000100100010 *
b11101110000001 '
b11101110000001 <
b1100100 :
b1100100 8
b1100100 1
b1100100 /
b1100100 C
b1100100 A
b1100100 D
b1100100 2
b1100100 ;
b10100110000110000010 ,
b1010110011101000000110111000 >
1$
#1800
0$
#1801
b101111101100101010001100010 !
b101111101100101010001100010 ?
b110110101101100111001011 #
b110110101101100111001011 -
b1110000100 )
b1101011100110100 %
b1101011100110100 *
b10001111111001 '
b10001111111001 <
b1100100 :
b1100100 8
b1100100 1
b1100100 /
b1100100 C
b1100100 A
b1100100 D
b1100100 2
b1100100 ;
b110110101101100111001011 ,
b101111101100101010001100010 >
1$
#1802
0$
#1803
b1111111111111111000011100100100011011111 !
b1111111111111111000011100100100011011111 ?
b1010001101101111000111111 #
b1010001101101111000111111 -
b1110000101 )
b0 %
b0 *
b0 '
b0 <
b1100100 :
b1100100 8
b1100100 1
b1100100 /
b1100100 C
b1100100 A
b1100100 D
b1100100 2
b1100100 ;
b1010001101101111000111111 ,
b1111111111111111000011100100100011011111 >
1$
#1804
0$
#1805
b1111111111111000011110011101010010101011 !
b1111111111111000011110011101010010101011 ?
b1000111001101101110101010 #
b1000111001101101110101010 -
b1110000110 )
b10100011001100 %
b10100011001100 *
b1101110000000111 '
b1101110000000111 <
b1100100 :
b1100100 8
b1100100 1
b1100100 /
b1100100 C
b1100100 A
b1100100 D
b1100100 2
b1100100 ;
b1000111001101101110101010 ,
b1111111111111000011110011101010010101011 >
1$
#1806
0$
#1807
b1111111111110100011111111000010010000011 !
b1111111111110100011111111000010010000011 ?
b11100000001101010010001 #
b11100000001101010010001 -
b1110000111 )
b11111011011110 %
b11111011011110 *
b1100010001111111 '
b1100010001111111 <
b1100100 :
b1100100 8
b1100100 1
b1100100 /
b1100100 C
b1100100 A
b1100100 D
b1100100 2
b1100100 ;
b11100000001101010010001 ,
b1111111111110100011111111000010010000011 >
1$
#1808
0$
#1809
b1111111111111111100011111110010101101111 #
b1111111111111111100011111110010101101111 -
b1110001000 )
b11100000010101 %
b11100000010101 *
b1100000110001011 '
b1100000110001011 <
b1100100 :
b1100100 8
b1100100 1
b1100100 /
b1100100 C
b1100100 A
b1100100 D
b1100100 2
b1100100 ;
b1111111111111111100011111110010101101111 ,
b1111111111110100011111111000010010000011 >
1$
#1810
0$
#1811
b1111111111111000011110011101010010101011 !
b1111111111111000011110011101010010101011 ?
b1111111111111110111000110010010001010110 #
b1111111111111110111000110010010001010110 -
b1110001001 )
b1011110001111 %
b1011110001111 *
b1101010000110000 '
b1101010000110000 <
b1100100 :
b1100100 8
b1100100 1
b1100100 /
b1100100 C
b1100100 A
b1100100 D
b1100100 2
b1100100 ;
b1111111111111110111000110010010001010110 ,
b1111111111111000011110011101010010101011 >
1$
#1812
0$
#1813
b1111111111111111000011100100100011011111 !
b1111111111111111000011100100100011011111 ?
b1111111111111110101110010010000111000001 #
b1111111111111110101110010010000111000001 -
b1110001010 )
b1110110000111001 %
b1110110000111001 *
b1111010111111101 '
b1111010111111101 <
b1100100 :
b1100100 8
b1100100 1
b1100100 /
b1100100 C
b1100100 A
b1100100 D
b1100100 2
b1100100 ;
b1111111111111110101110010010000111000001 ,
b1111111111111111000011100100100011011111 >
1$
#1814
0$
#1815
b101111101100101010001100010 !
b101111101100101010001100010 ?
b1111111111111111001001010010011000110101 #
b1111111111111111001001010010011000110101 -
b1110001011 )
b1100100111110111 %
b1100100111110111 *
b1101101000000 '
b1101101000000 <
b1100100 :
b1100100 8
b1100100 1
b1100100 /
b1100100 C
b1100100 A
b1100100 D
b1100100 2
b1100100 ;
b1111111111111111001001010010011000110101 ,
b101111101100101010001100010 >
1$
#1816
0$
#1817
b1010110011101000000110111000 !
b1010110011101000000110111000 ?
b1111111111111111111101011001111001111110 #
b1111111111111111111101011001111001111110 -
b1110001100 )
b1100000010000001 %
b1100000010000001 *
b11011100010110 '
b11011100010110 <
b1100100 :
b1100100 8
b1100100 1
b1100100 /
b1100100 C
b1100100 A
b1100100 D
b1100100 2
b1100100 ;
b1111111111111111111101011001111001111110 ,
b1010110011101000000110111000 >
1$
#1818
0$
#1819
b1011111010011110101000000100 !
b1011111010011110101000000100 ?
b110010101101110010011110 #
b110010101101110010011110 -
b1110001101 )
b1101010000110000 %
b1101010000110000 *
b11111111100000 '
b11111111100000 <
b1100100 :
b1100100 8
b1100100 1
b1100100 /
b1100100 C
b1100100 A
b1100100 D
b1100100 2
b1100100 ;
b110010101101110010011110 ,
b1011111010011110101000000100 >
1$
#1820
0$
#1821
b1000111001101000100110111110 !
b1000111001101000100110111110 ?
b1010000110000000111011001 #
b1010000110000000111011001 -
b1110001110 )
b1111101111111011 %
b1111101111111011 *
b11001010010010 '
b11001010010010 <
b1100100 :
b1100100 8
b1100100 1
b1100100 /
b1100100 C
b1100100 A
b1100100 D
b1100100 2
b1100100 ;
b1010000110000000111011001 ,
b1000111001101000100110111110 >
1$
#1822
0$
#1823
b10110011110010011001011010 !
b10110011110010011001011010 ?
b1001001101110101000011010 #
b1001001101110101000011010 -
b1110001111 )
b0 %
b0 *
b1001111000111 '
b1001111000111 <
b1100100 :
b1100100 8
b1100100 1
b1100100 /
b1100100 C
b1100100 A
b1100100 D
b1100100 2
b1100100 ;
b1001001101110101000011010 ,
b10110011110010011001011010 >
1$
#1824
0$
#1825
b1111111111111011101111110000101110111111 !
b1111111111111011101111110000101110111111 ?
b100000110111101011000110 #
b100000110111101011000110 -
b1110010000 )
b1110111000100101 '
b1110111000100101 <
b1100100 :
b1100100 8
b1100100 1
b1100100 /
b1100100 C
b1100100 A
b1100100 D
b1100100 2
b1100100 ;
b100000110111101011000110 ,
b1111111111111011101111110000101110111111 >
1$
#1826
0$
#1827
b1111111111110110001001111000100111100001 !
b1111111111110110001001111000100111100001 ?
b1111111111111111101000111011011101011010 #
b1111111111111111101000111011011101011010 -
b1110010001 )
b1100111010110000 '
b1100111010110000 <
b1100100 :
b1100100 8
b1100100 1
b1100100 /
b1100100 C
b1100100 A
b1100100 D
b1100100 2
b1100100 ;
b1111111111111111101000111011011101011010 ,
b1111111111110110001001111000100111100001 >
1$
#1828
0$
#1829
b1111111111110011111101111011001011100011 !
b1111111111110011111101111011001011100011 ?
b1111111111111110111011101100010001010111 #
b1111111111111110111011101100010001010111 -
b1110010010 )
b1100000001001001 '
b1100000001001001 <
b1100100 :
b1100100 8
b1100100 1
b1100100 /
b1100100 C
b1100100 A
b1100100 D
b1100100 2
b1100100 ;
b1111111111111110111011101100010001010111 ,
b1111111111110011111101111011001011100011 >
1$
#1830
0$
#1831
b1111111111110101111100010010010000101101 !
b1111111111110101111100010010010000101101 ?
b1111111111111110101110000101000100010101 #
b1111111111111110101110000101000100010101 -
b1110010011 )
b1100011111101011 '
b1100011111101011 <
b1100100 :
b1100100 8
b1100100 1
b1100100 /
b1100100 C
b1100100 A
b1100100 D
b1100100 2
b1100100 ;
b1111111111111110101110000101000100010101 ,
b1111111111110101111100010010010000101101 >
1$
#1832
0$
#1833
b1111111111111011011001010001000011001000 !
b1111111111111011011001010001000011001000 ?
b1111111111111111000110011011011000100111 #
b1111111111111111000110011011011000100111 -
b1110010100 )
b1110001011110010 '
b1110001011110010 <
b1100100 :
b1100100 8
b1100100 1
b1100100 /
b1100100 C
b1100100 A
b1100100 D
b1100100 2
b1100100 ;
b1111111111111111000110011011011000100111 ,
b1111111111111011011001010001000011001000 >
1$
#1834
0$
#1835
b10011100001011010101010010 !
b10011100001011010101010010 ?
b1111111111111111111001100010000110100011 #
b1111111111111111111001100010000110100011 -
b1110010101 )
b100000000101 '
b100000000101 <
b1100100 :
b1100100 8
b1100100 1
b1100100 /
b1100100 C
b1100100 A
b1100100 D
b1100100 2
b1100100 ;
b1111111111111111111001100010000110100011 ,
b10011100001011010101010010 >
1$
#1836
0$
#1837
b1000101001000100110101000011 !
b1000101001000100110101000011 ?
b101111101111111111011000 #
b101111101111111111011000 -
b1110010110 )
b10101001010011 '
b10101001010011 <
b1100100 :
b1100100 8
b1100100 1
b1100100 /
b1100100 C
b1100100 A
b1100100 D
b1100100 2
b1100100 ;
b101111101111111111011000 ,
b1000101001000100110101000011 >
1$
#1838
0$
#1839
b1011110110101100101111111100 !
b1011110110101100101111111100 ?
b1001111111010101100100000 #
b1001111111010101100100000 -
b1110010111 )
b11110111111101 '
b11110111111101 <
b1100100 :
b1100100 8
b1100100 1
b1100100 /
b1100100 C
b1100100 A
b1100100 D
b1100100 2
b1100100 ;
b1001111111010101100100000 ,
b1011110110101100101111111100 >
1$
#1840
0$
#1841
b1010111101111011111010100010 !
b1010111101111011111010100010 ?
b1001010111111000100000101 #
b1001010111111000100000101 -
b1110011000 )
b11110000110111 '
b11110000110111 <
b1100100 :
b1100100 8
b1100100 1
b1100100 /
b1100100 C
b1100100 A
b1100100 D
b1100100 2
b1100100 ;
b1001010111111000100000101 ,
b1010111101111011111010100010 >
1$
#1842
0$
#1843
b110010010011010101110011110 !
b110010010011010101110011110 ?
b100011000010110000111001 #
b100011000010110000111001 -
b1110011001 )
b10010110011110 '
b10010110011110 <
b1100100 :
b1100100 8
b1100100 1
b1100100 /
b1100100 C
b1100100 A
b1100100 D
b1100100 2
b1100100 ;
b100011000010110000111001 ,
b110010010011010101110011110 >
1$
#1844
0$
#1845
b1111111111111111011011101110101001100000 !
b1111111111111111011011101110101001100000 ?
b1111111111111111101010011100011001001110 #
b1111111111111111101010011100011001001110 -
b1110011010 )
b1000000011 '
b1000000011 <
b1100100 :
b1100100 8
b1100100 1
b1100100 /
b1100100 C
b1100100 A
b1100100 D
b1100100 2
b1100100 ;
b1111111111111111101010011100011001001110 ,
b1111111111111111011011101110101001100000 >
1$
#1846
0$
#1847
b1111111111111000110001100101011110101100 !
b1111111111111000110001100101011110101100 ?
b1111111111111110111011011101100101001001 #
b1111111111111110111011011101100101001001 -
b1110011011 )
b1101110110110101 '
b1101110110110101 <
b1100100 :
b1100100 8
b1100100 1
b1100100 /
b1100100 C
b1100100 A
b1100100 D
b1100100 2
b1100100 ;
b1111111111111110111011011101100101001001 ,
b1111111111111000110001100101011110101100 >
1$
#1848
0$
#1849
b1111111111110100100111010111010100110100 !
b1111111111110100100111010111010100110100 ?
b1111111111111110101100001010111100111010 #
b1111111111111110101100001010111100111010 -
b1110011100 )
b1100010101000100 '
b1100010101000100 <
b1100100 :
b1100100 8
b1100100 1
b1100100 /
b1100100 C
b1100100 A
b1100100 D
b1100100 2
b1100100 ;
b1111111111111110101100001010111100111010 ,
b1111111111110100100111010111010100110100 >
1$
#1850
0$
#1851
b1111111111110100011001001000100111010111 !
b1111111111110100011001001000100111010111 ?
b1111111111111111000100001001110111110001 #
b1111111111111111000100001001110111110001 -
b1110011101 )
b1100000100100010 '
b1100000100100010 <
b1100100 :
b1100100 8
b1100100 1
b1100100 /
b1100100 C
b1100100 A
b1100100 D
b1100100 2
b1100100 ;
b1111111111111111000100001001110111110001 ,
b1111111111110100011001001000100111010111 >
1$
#1852
0$
#1853
b1111111111111000001011110100010001100110 !
b1111111111111000001011110100010001100110 ?
b1111111111111111111000110000001100110000 #
b1111111111111111111000110000001100110000 -
b1110011110 )
b1101001010111111 '
b1101001010111111 <
b1100100 :
b1100100 8
b1100100 1
b1100100 /
b1100100 C
b1100100 A
b1100100 D
b1100100 2
b1100100 ;
b1111111111111111111000110000001100110000 ,
b1111111111111000001011110100010001100110 >
1$
#1854
0$
#1855
b1111111111111110101011011110110100100100 !
b1111111111111110101011011110110100100100 ?
b110001101111110110111101 #
b110001101111110110111101 -
b1110011111 )
b1111010000000010 '
b1111010000000010 <
b1100100 :
b1100100 8
b1100100 1
b1100100 /
b1100100 C
b1100100 A
b1100100 D
b1100100 2
b1100100 ;
b110001101111110110111101 ,
b1111111111111110101011011110110100100100 >
1$
#1856
0$
#1857
b101101000011000000010001100 !
b101101000011000000010001100 ?
b1010100011010101010101111 #
b1010100011010101010101111 -
b1110100000 )
b1100101101011 '
b1100101101011 <
b1100100 :
b1100100 8
b1100100 1
b1100100 /
b1100100 C
b1100100 A
b1100100 D
b1100100 2
b1100100 ;
b1010100011010101010101111 ,
b101101000011000000010001100 >
1$
#1858
0$
#1859
b1010101000101000110000011001 !
b1010101000101000110000011001 ?
b1001111111010000100010100 #
b1001111111010000100010100 -
b1110100001 )
b11011000001001 '
b11011000001001 <
b1100100 :
b1100100 8
b1100100 1
b1100100 /
b1100100 C
b1100100 A
b1100100 D
b1100100 2
b1100100 ;
b1001111111010000100010100 ,
b1010101000101000110000011001 >
1$
#1860
0$
#1861
b1011111101100000011011000111 !
b1011111101100000011011000111 ?
b100101010001101101100011 #
b100101010001101101100011 -
b1110100010 )
b11111111111000 '
b11111111111000 <
b1100100 :
b1100100 8
b1100100 1
b1100100 /
b1100100 C
b1100100 A
b1100100 D
b1100100 2
b1100100 ;
b100101010001101101100011 ,
b1011111101100000011011000111 >
1$
#1862
0$
#1863
b1001001001101000100100010100 !
b1001001001101000100100010100 ?
b1111111111111111100111011110101000111000 #
b1111111111111111100111011110101000111000 -
b1110100011 )
b11001111000111 '
b11001111000111 <
b1100100 :
b1100100 8
b1100100 1
b1100100 /
b1100100 C
b1100100 A
b1100100 D
b1100100 2
b1100100 ;
b1111111111111111100111011110101000111000 ,
b1001001001101000100100010100 >
1$
#1864
0$
#1865
b11001011001110011101001001 !
b11001011001110011101001001 ?
b1111111111111110110011000000010110000001 #
b1111111111111110110011000000010110000001 -
b1110100100 )
b1010110101110 '
b1010110101110 <
b1100100 :
b1100100 8
b1100100 1
b1100100 /
b1100100 C
b1100100 A
b1100100 D
b1100100 2
b1100100 ;
b1111111111111110110011000000010110000001 ,
b11001011001110011101001001 >
1$
#1866
0$
#1867
b1111111111111100000110100010001101100001 !
b1111111111111100000110100010001101100001 ?
b1111111111111110100000111100111010001110 #
b1111111111111110100000111100111010001110 -
b1110100101 )
b1111000000010101 '
b1111000000010101 <
b1100100 :
b1100100 8
b1100100 1
b1100100 /
b1100100 C
b1100100 A
b1100100 D
b1100100 2
b1100100 ;
b1111111111111110100000111100111010001110 ,
b1111111111111100000110100010001101100001 >
1$
#1868
0$
#1869
b1111111111110110011000000111100101011111 !
b1111111111110110011000000111100101011111 ?
b1111111111111110111011010000001010000000 #
b1111111111111110111011010000001010000000 -
b1110100110 )
b1100111111111110 '
b1100111111111110 <
b1100100 :
b1100100 8
b1100100 1
b1100100 /
b1100100 C
b1100100 A
b1100100 D
b1100100 2
b1100100 ;
b1111111111111110111011010000001010000000 ,
b1111111111110110011000000111100101011111 >
1$
#1870
0$
#1871
b1111111111110011111110101100101110110110 !
b1111111111110011111110101100101110110110 ?
b1111111111111111110111100010110010111110 #
b1111111111111111110111100010110010111110 -
b1110100111 )
b1100000010000001 '
b1100000010000001 <
b1100100 :
b1100100 8
b1100100 1
b1100100 /
b1100100 C
b1100100 A
b1100100 D
b1100100 2
b1100100 ;
b1111111111111111110111100010110010111110 ,
b1111111111110011111110101100101110110110 >
1$
#1872
0$
#1873
b1111111111110101101111010101011001010111 !
b1111111111110101101111010101011001010111 ?
b111011001010011011110010 #
b111011001010011011110010 -
b1110101000 )
b1100011011111010 '
b1100011011111010 <
b1100100 :
b1100100 8
b1100100 1
b1100100 /
b1100100 C
b1100100 A
b1100100 D
b1100100 2
b1100100 ;
b111011001010011011110010 ,
b1111111111110101101111010101011001010111 >
1$
#1874
0$
#1875
b1111111111111011000011000100100010010011 !
b1111111111111011000011000100100010010011 ?
b1100110110101011010111000 #
b1100110110101011010111000 -
b1110101001 )
b1110000100101011 '
b1110000100101011 <
b1100100 :
b1100100 8
b1100100 1
b1100100 /
b1100100 C
b1100100 A
b1100100 D
b1100100 2
b1100100 ;
b1100110110101011010111000 ,
b1111111111111011000011000100100010010011 >
1$
#1876
0$
#1877
b10000100011010100000101100 !
b10000100011010100000101100 ?
b1100100110100111000111101 #
b1100100110100111000111101 -
b1110101010 )
b11000000110 '
b11000000110 <
b1100100 :
b1100100 8
b1100100 1
b1100100 /
b1100100 C
b1100100 A
b1100100 D
b1100100 2
b1100100 ;
b1100100110100111000111101 ,
b10000100011010100000101100 >
1$
#1878
0$
#1879
b1000010111111101101010111101 !
b1000010111111101101010111101 ?
b110011010110010101110110 #
b110011010110010101110110 -
b1110101011 )
b10100011001100 '
b10100011001100 <
b1100100 :
b1100100 8
b1100100 1
b1100100 /
b1100100 C
b1100100 A
b1100100 D
b1100100 2
b1100100 ;
b110011010110010101110110 ,
b1000010111111101101010111101 >
1$
#1880
0$
#1881
b1011110010001001111100111010 !
b1011110010001001111100111010 ?
b1111111111111111100110010101111110011100 #
b1111111111111111100110010101111110011100 -
b1110101100 )
b11110101110101 '
b11110101110101 <
b1100100 :
b1100100 8
b1100100 1
b1100100 /
b1100100 C
b1100100 A
b1100100 D
b1100100 2
b1100100 ;
b1111111111111111100110010101111110011100 ,
b1011110010001001111100111010 >
1$
#1882
0$
#1883
b1011000111100001111011101011 !
b1011000111100001111011101011 ?
b1111111111111110011111100001110000111100 #
b1111111111111110011111100001110000111100 -
b1110101101 )
b11110011011110 '
b11110011011110 <
b1100100 :
b1100100 8
b1100100 1
b1100100 /
b1100100 C
b1100100 A
b1100100 D
b1100100 2
b1100100 ;
b1111111111111110011111100001110000111100 ,
b1011000111100001111011101011 >
1$
#1884
0$
#1885
b110100110110101000010101011 !
b110100110110101000010101011 ?
b1111111111111101111111110110010000000001 #
b1111111111111101111111110110010000000001 -
b1110101110 )
b10011100111010 '
b10011100111010 <
b1100100 :
b1100100 8
b1100100 1
b1100100 /
b1100100 C
b1100100 A
b1100100 D
b1100100 2
b1100100 ;
b1111111111111101111111110110010000000001 ,
b110100110110101000010101011 >
1$
#1886
0$
#1887
b1111111111111111110011111001010010010111 !
b1111111111111111110011111001010010010111 ?
b1111111111111110011000100101101101000011 #
b1111111111111110011000100101101101000011 -
b1110101111 )
b10000000101 '
b10000000101 <
b1100100 :
b1100100 8
b1100100 1
b1100100 /
b1100100 C
b1100100 A
b1100100 D
b1100100 2
b1100100 ;
b1111111111111110011000100101101101000011 ,
b1111111111111111110011111001010010010111 >
1$
#1888
0$
#1889
b1111111111111001000101001001010101110010 !
b1111111111111001000101001001010101110010 ?
b1111111111111111100010101100000000000101 #
b1111111111111111100010101100000000000101 -
b1110110000 )
b1101111101101100 '
b1101111101101100 <
b1100100 :
b1100100 8
b1100100 1
b1100100 /
b1100100 C
b1100100 A
b1100100 D
b1100100 2
b1100100 ;
b1111111111111111100010101100000000000101 ,
b1111111111111001000101001001010101110010 >
1$
#1890
0$
#1891
b1111111111110100101111100011010001000100 !
b1111111111110100101111100011010001000100 ?
b1000000011111100000111011 #
b1000000011111100000111011 -
b1110110001 )
b1100011000010111 '
b1100011000010111 <
b1100100 :
b1100100 8
b1100100 1
b1100100 /
b1100100 C
b1100100 A
b1100100 D
b1100100 2
b1100100 ;
b1000000011111100000111011 ,
b1111111111110100101111100011010001000100 >
1$
#1892
0$
#1893
b1111111111110100010011000111010001001111 !
b1111111111110100010011000111010001001111 ?
b10001001100000000001100001 #
b10001001100000000001100001 -
b1110110010 )
b1100000011001010 '
b1100000011001010 <
b1100100 :
b1100100 8
b1100100 1
b1100100 /
b1100100 C
b1100100 A
b1100100 D
b1100100 2
b1100100 ;
b10001001100000000001100001 ,
b1111111111110100010011000111010001001111 >
1$
#1894
0$
#1895
b1111111111110111111001101010110010011000 !
b1111111111110111111001101010110010011000 ?
b10011011100000101111001101 #
b10011011100000101111001101 -
b1110110011 )
b1101000101011001 '
b1101000101011001 <
b1100100 :
b1100100 8
b1100100 1
b1100100 /
b1100100 C
b1100100 A
b1100100 D
b1100100 2
b1100100 ;
b10011011100000101111001101 ,
b1111111111110111111001101010110010011000 >
1$
#1896
0$
#1897
b1111111111111110010011011110110011101000 !
b1111111111111110010011011110110011101000 ?
b1101001111110001111110010 #
b1101001111110001111110010 -
b1110110100 )
b1111001000001010 '
b1111001000001010 <
b1100100 :
b1100100 8
b1100100 1
b1100100 /
b1100100 C
b1100100 A
b1100100 D
b1100100 2
b1100100 ;
b1101001111110001111110010 ,
b1111111111111110010011011110110011101000 >
1$
#1898
0$
#1899
b101010010110100101011100000 !
b101010010110100101011100000 ?
b100110001111100110101 #
b100110001111100110101 -
b1110110101 )
b1011110001111 '
b1011110001111 <
b1100100 :
b1100100 8
b1100100 1
b1100100 /
b1100100 C
b1100100 A
b1100100 D
b1100100 2
b1100100 ;
b100110001111100110101 ,
b101010010110100101011100000 >
1$
#1900
0$
#1901
b1010011100111111000110100111 !
b1010011100111111000110100111 ?
b1111111111111110010011011000001010001001 #
b1111111111111110010011011000001010001001 -
b1110110110 )
b11010011101111 '
b11010011101111 <
b1100100 :
b1100100 8
b1100100 1
b1100100 /
b1100100 C
b1100100 A
b1100100 D
b1100100 2
b1100100 ;
b1111111111111110010011011000001010001001 ,
b1010011100111111000110100111 >
1$
#1902
0$
#1903
b1011111111110010010111111010 !
b1011111111110010010111111010 ?
b1111111111111101000101100100101101001110 #
b1111111111111101000101100100101101001110 -
b1110110111 )
b100000000000000 '
b100000000000000 <
b1100100 :
b1100100 8
b1100100 1
b1100100 /
b1100100 C
b1100100 A
b1100100 D
b1100100 2
b1100100 ;
b1111111111111101000101100100101101001110 ,
b1011111111110010010111111010 >
1$
#1904
0$
#1905
b1001011001000011101010110111 !
b1001011001000011101010110111 ?
b1111111111111101000000000001010001110000 #
b1111111111111101000000000001010001110000 -
b1110111000 )
b11010011101111 '
b11010011101111 <
b1100100 :
b1100100 8
b1100100 1
b1100100 /
b1100100 C
b1100100 A
b1100100 D
b1100100 2
b1100100 ;
b1111111111111101000000000001010001110000 ,
b1001011001000011101010110111 >
1$
#1906
0$
#1907
b11100010011101010110000011 !
b11100010011101010110000011 ?
b1111111111111110001100001100111110100111 #
b1111111111111110001100001100111110100111 -
b1110111001 )
b1011110001111 '
b1011110001111 <
b1100100 :
b1100100 8
b1100100 1
b1100100 /
b1100100 C
b1100100 A
b1100100 D
b1100100 2
b1100100 ;
b1111111111111110001100001100111110100111 ,
b11100010011101010110000011 >
1$
#1908
0$
#1909
b1111111111111100011101100010101001111101 !
b1111111111111100011101100010101001111101 ?
b10010101110000001001111 #
b10010101110000001001111 -
b1110111010 )
b1111001000001010 '
b1111001000001010 <
b1100100 :
b1100100 8
b1100100 1
b1100100 /
b1100100 C
b1100100 A
b1100100 D
b1100100 2
b1100100 ;
b10010101110000001001111 ,
b1111111111111100011101100010101001111101 >
1$
#1910
0$
#1911
b1111111111110110100110111100010101001001 !
b1111111111110110100110111100010101001001 ?
b10100010010101101001100111 #
b10100010010101101001100111 -
b1110111011 )
b1101000101011001 '
b1101000101011001 <
b1100100 :
b1100100 8
b1100100 1
b1100100 /
b1100100 C
b1100100 A
b1100100 D
b1100100 2
b1100100 ;
b10100010010101101001100111 ,
b1111111111110110100110111100010101001001 >
1$
#1912
0$
#1913
b1111111111110100000000001101101000000110 !
b1111111111110100000000001101101000000110 ?
b100000001100011100100000011 #
b100000001100011100100000011 -
b1110111100 )
b1100000011001010 '
b1100000011001010 <
b1100100 :
b1100100 8
b1100100 1
b1100100 /
b1100100 C
b1100100 A
b1100100 D
b1100100 2
b1100100 ;
b100000001100011100100000011 ,
b1111111111110100000000001101101000000110 >
1$
#1914
0$
#1915
b1111111111110101100011000000111001011001 !
b1111111111110101100011000000111001011001 ?
b100000100000111010111101111 #
b100000100000111010111101111 -
b1110111101 )
b1100011000010111 '
b1100011000010111 <
b1100100 :
b1100100 8
b1100100 1
b1100100 /
b1100100 C
b1100100 A
b1100100 D
b1100100 2
b1100100 ;
b100000100000111010111101111 ,
b1111111111110101100011000000111001011001 >
1$
#1916
0$
#1917
b1111111111111010101101001011010100100000 !
b1111111111111010101101001011010100100000 ?
b10011100001101011011011110 #
b10011100001101011011011110 -
b1110111110 )
b1101111101101100 '
b1101111101101100 <
b1100100 :
b1100100 8
b1100100 1
b1100100 /
b1100100 C
b1100100 A
b1100100 D
b1100100 2
b1100100 ;
b10011100001101011011011110 ,
b1111111111111010101101001011010100100000 >
1$
#1918
0$
#1919
b1101100100001001100011000 !
b1101100100001001100011000 ?
b1111111111111111100000110010110010001010 #
b1111111111111111100000110010110010001010 -
b1110111111 )
b10000000101 '
b10000000101 <
b1100100 :
b1100100 8
b1100100 1
b1100100 /
b1100100 C
b1100100 A
b1100100 D
b1100100 2
b1100100 ;
b1111111111111111100000110010110010001010 ,
b1101100100001001100011000 >
1$
#1920
0$
#1921
b1000000110010101001101101000 !
b1000000110010101001101101000 ?
b1111111111111100000110011100111110110110 #
b1111111111111100000110011100111110110110 -
b1111000000 )
b10011100111010 '
b10011100111010 <
b1100100 :
b1100100 8
b1100100 1
b1100100 /
b1100100 C
b1100100 A
b1100100 D
b1100100 2
b1100100 ;
b1111111111111100000110011100111110110110 ,
b1000000110010101001101101000 >
1$
#1922
0$
#1923
b1011101100111000101110110001 !
b1011101100111000101110110001 ?
b1111111111111001001101101010000100110101 #
b1111111111111001001101101010000100110101 -
b1111000001 )
b11110011011110 '
b11110011011110 <
b1100100 :
b1100100 8
b1100100 1
b1100100 /
b1100100 C
b1100100 A
b1100100 D
b1100100 2
b1100100 ;
b1111111111111001001101101010000100110101 ,
b1011101100111000101110110001 >
1$
#1924
0$
#1925
b1011010000011100101110111100 !
b1011010000011100101110111100 ?
b1111111111110111101100110010110001111110 #
b1111111111110111101100110010110001111110 -
b1111000010 )
b11110101110101 '
b11110101110101 <
b1100100 :
b1100100 8
b1100100 1
b1100100 /
b1100100 C
b1100100 A
b1100100 D
b1100100 2
b1100100 ;
b1111111111110111101100110010110001111110 ,
b1011010000011100101110111100 >
1$
#1926
0$
#1927
b110111010110110101010001110 !
b110111010110110101010001110 ?
b1111111111110111111110001001111111010011 #
b1111111111110111111110001001111111010011 -
b1111000011 )
b10100011001100 '
b10100011001100 <
b1100100 :
b1100100 8
b1100100 1
b1100100 /
b1100100 C
b1100100 A
b1100100 D
b1100100 2
b1100100 ;
b1111111111110111111110001001111111010011 ,
b110111010110110101010001110 >
1$
#1928
0$
#1929
b1100000110101101101001 !
b1100000110101101101001 ?
b1111111111111001111000001001001110000101 #
b1111111111111001111000001001001110000101 -
b1111000100 )
b11000000110 '
b11000000110 <
b1100100 :
b1100100 8
b1100100 1
b1100100 /
b1100100 C
b1100100 A
b1100100 D
b1100100 2
b1100100 ;
b1111111111111001111000001001001110000101 ,
b1100000110101101101001 >
1$
#1930
0$
#1931
b1111111111111001011001001010111101010101 !
b1111111111111001011001001010111101010101 ?
b1111111111111100110010000011010000110111 #
b1111111111111100110010000011010000110111 -
b1111000101 )
b1110000100101011 '
b1110000100101011 <
b1100100 :
b1100100 8
b1100100 1
b1100100 /
b1100100 C
b1100100 A
b1100100 D
b1100100 2
b1100100 ;
b1111111111111100110010000011010000110111 ,
b1111111111111001011001001010111101010101 >
1$
#1932
0$
#1933
b1111111111110100111000011110000100010101 !
b1111111111110100111000011110000100010101 ?
b1111111111111111110011001001011111000101 #
b1111111111111111110011001001011111000101 -
b1111000110 )
b1100011011111010 '
b1100011011111010 <
b1100100 :
b1100100 8
b1100100 1
b1100100 /
b1100100 C
b1100100 A
b1100100 D
b1100100 2
b1100100 ;
b1111111111111111110011001001011111000101 ,
b1111111111110100111000011110000100010101 >
1$
#1934
0$
#1935
b1111111111110100001101110110000011000110 !
b1111111111110100001101110110000011000110 ?
b10000110001000001110111100 #
b10000110001000001110111100 -
b1111000111 )
b1100000010000001 '
b1100000010000001 <
b1100100 :
b1100100 8
b1100100 1
b1100100 /
b1100100 C
b1100100 A
b1100100 D
b1100100 2
b1100100 ;
b10000110001000001110111100 ,
b1111111111110100001101110110000011000110 >
1$
#1936
0$
#1937
b1111111111110111101000000010010101000011 !
b1111111111110111101000000010010101000011 ?
b11001001111011100001100010 #
b11001001111011100001100010 -
b1111001000 )
b1100111111111110 '
b1100111111111110 <
b1100100 :
b1100100 8
b1100100 1
b1100100 /
b1100100 C
b1100100 A
b1100100 D
b1100100 2
b1100100 ;
b11001001111011100001100010 ,
b1111111111110111101000000010010101000011 >
1$
#1938
0$
#1939
b1111111111111101111011100101011111010100 !
b1111111111111101111011100101011111010100 ?
b10111010001000111010100010 #
b10111010001000111010100010 -
b1111001001 )
b1111000000010101 '
b1111000000010101 <
b1100100 :
b1100100 8
b1100100 1
b1100100 /
b1100100 C
b1100100 A
b1100100 D
b1100100 2
b1100100 ;
b10111010001000111010100010 ,
b1111111111111101111011100101011111010100 >
1$
#1940
0$
#1941
b100111100111011011101101101 !
b100111100111011011101101101 ?
b1101100111111101000111111 #
b1101100111111101000111111 -
b1111001010 )
b1010110101110 '
b1010110101110 <
b1100100 :
b1100100 8
b1100100 1
b1100100 /
b1100100 C
b1100100 A
b1100100 D
b1100100 2
b1100100 ;
b1101100111111101000111111 ,
b100111100111011011101101101 >
1$
#1942
0$
#1943
b1010010000101010100110101001 !
b1010010000101010100110101001 ?
b1000100011110100100110 #
b1000100011110100100110 -
b1111001011 )
b11001111000111 '
b11001111000111 <
b1100100 :
b1100100 8
b1100100 1
b1100100 /
b1100100 C
b1100100 A
b1100100 D
b1100100 2
b1100100 ;
b1000100011110100100110 ,
b1010010000101010100110101001 >
1$
#1944
0$
#1945
b1100000001010011010001001010 !
b1100000001010011010001001010 ?
b1111111111111110110011110111111000000110 #
b1111111111111110110011110111111000000110 -
b1111001100 )
b11111111111000 '
b11111111111000 <
b1100100 :
b1100100 8
b1100100 1
b1100100 /
b1100100 C
b1100100 A
b1100100 D
b1100100 2
b1100100 ;
b1111111111111110110011110111111000000110 ,
b1100000001010011010001001010 >
1$
#1946
0$
#1947
b1001100111111000011010100001 !
b1001100111111000011010100001 ?
b1111111111111110001001101011101011101001 #
b1111111111111110001001101011101011101001 -
b1111001101 )
b11011000001001 '
b11011000001001 <
b1100100 :
b1100100 8
b1100100 1
b1100100 /
b1100100 C
b1100100 A
b1100100 D
b1100100 2
b1100100 ;
b1111111111111110001001101011101011101001 ,
b1001100111111000011010100001 >
1$
#1948
0$
#1949
b11111001011101110010011111 !
b11111001011101110010011111 ?
b1111111111111110010001010011010110101111 #
b1111111111111110010001010011010110101111 -
b1111001110 )
b1100101101011 '
b1100101101011 <
b1100100 :
b1100100 8
b1100100 1
b1100100 /
b1100100 C
b1100100 A
b1100100 D
b1100100 2
b1100100 ;
b1111111111111110010001010011010110101111 ,
b11111001011101110010011111 >
1$
#1950
0$
#1951
b1111111111111100110100110001100010110111 !
b1111111111111100110100110001100010110111 ?
b1111111111111110111111010010000000100111 #
b1111111111111110111111010010000000100111 -
b1111001111 )
b1111010000000010 '
b1111010000000010 <
b1100100 :
b1100100 8
b1100100 1
b1100100 /
b1100100 C
b1100100 A
b1100100 D
b1100100 2
b1100100 ;
b1111111111111110111111010010000000100111 ,
b1111111111111100110100110001100010110111 >
1$
#1952
0$
#1953
b1111111111110110110110010111011011101100 !
b1111111111110110110110010111011011101100 ?
b1111111111111111111100011101111011111101 #
b1111111111111111111100011101111011111101 -
b1111010000 )
b1101001010111111 '
b1101001010111111 <
b1100100 :
b1100100 8
b1100100 1
b1100100 /
b1100100 C
b1100100 A
b1100100 D
b1100100 2
b1100100 ;
b1111111111111111111100011101111011111101 ,
b1111111111110110110110010111011011101100 >
1$
#1954
0$
#1955
b1111111111110100000010011111100100111001 !
b1111111111110100000010011111100100111001 ?
b110000001100110110010100 #
b110000001100110110010100 -
b1111010001 )
b1100000100100010 '
b1100000100100010 <
b1100100 :
b1100100 8
b1100100 1
b1100100 /
b1100100 C
b1100100 A
b1100100 D
b1100100 2
b1100100 ;
b110000001100110110010100 ,
b1111111111110100000010011111100100111001 >
1$
#1956
0$
#1957
b1111111111110101010111010111001111100111 !
b1111111111110101010111010111001111100111 ?
b1001001011011111000100111 #
b1001001011011111000100111 -
b1111010010 )
b1100010101000100 '
b1100010101000100 <
b1100100 :
b1100100 8
b1100100 1
b1100100 /
b1100100 C
b1100100 A
b1100100 D
b1100100 2
b1100100 ;
b1001001011011111000100111 ,
b1111111111110101010111010111001111100111 >
1$
#1958
0$
#1959
b1111111111111010010111100111111101110100 !
b1111111111111010010111100111111101110100 ?
b1000011101010000101100001 #
b1000011101010000101100001 -
b1111010011 )
b1101110110110101 '
b1101110110110101 <
b1100100 :
b1100100 8
b1100100 1
b1100100 /
b1100100 C
b1100100 A
b1100100 D
b1100100 2
b1100100 ;
b1000011101010000101100001 ,
b1111111111111010010111100111111101110100 >
1$
#1960
0$
#1961
b1010100100001001011011100 !
b1010100100001001011011100 ?
b100110011000111010100101 #
b100110011000111010100101 -
b1111010100 )
b1000000011 '
b1000000011 <
b1100100 :
b1100100 8
b1100100 1
b1100100 /
b1100100 C
b1100100 A
b1100100 D
b1100100 2
b1100100 ;
b100110011000111010100101 ,
b1010100100001001011011100 >
1$
#1962
0$
#1963
b111110100001011101110011010 !
b111110100001011101110011010 ?
b11011100001010010 #
b11011100001010010 -
b1111010101 )
b10010110011110 '
b10010110011110 <
b1100100 :
b1100100 8
b1100100 1
b1100100 /
b1100100 C
b1100100 A
b1100100 D
b1100100 2
b1100100 ;
b11011100001010010 ,
b111110100001011101110011010 >
1$
#1964
0$
#1965
b1011100110110111011000101001 !
b1011100110110111011000101001 ?
b1111111111111111100001001010110101110110 #
b1111111111111111100001001010110101110110 -
b1111010110 )
b11110000110111 '
b11110000110111 <
b1100100 :
b1100100 8
b1100100 1
b1100100 /
b1100100 C
b1100100 A
b1100100 D
b1100100 2
b1100100 ;
b1111111111111111100001001010110101110110 ,
b1011100110110111011000101001 >
1$
#1966
0$
#1967
b1011011000101000101011001100 !
b1011011000101000101011001100 ?
b1111111111111111010010110010111111110100 #
b1111111111111111010010110010111111110100 -
b1111010111 )
b11110111111101 '
b11110111111101 <
b1100100 :
b1100100 8
b1100100 1
b1100100 /
b1100100 C
b1100100 A
b1100100 D
b1100100 2
b1100100 ;
b1111111111111111010010110010111111110100 ,
b1011011000101000101011001100 >
1$
#1968
0$
#1969
b111001110011010100001010100 !
b111001110011010100001010100 ?
b1111111111111111010111011111000001011000 #
b1111111111111111010111011111000001011000 -
b1111011000 )
b10101001010011 '
b10101001010011 <
b1100100 :
b1100100 8
b1100100 1
b1100100 /
b1100100 C
b1100100 A
b1100100 D
b1100100 2
b1100100 ;
b1111111111111111010111011111000001011000 ,
b111001110011010100001010100 >
1$
#1970
0$
#1971
b100100010001010110100000 !
b100100010001010110100000 ?
b1111111111111111101001111110001100110110 #
b1111111111111111101001111110001100110110 -
b1111011001 )
b100000000101 '
b100000000101 <
b1100100 :
b1100100 8
b1100100 1
b1100100 /
b1100100 C
b1100100 A
b1100100 D
b1100100 2
b1100100 ;
b1111111111111111101001111110001100110110 ,
b100100010001010110100000 >
1$
#1972
0$
#1973
b1111111111111001101101100101010001100010 !
b1111111111111001101101100101010001100010 ?
b111001100010000111 #
b111001100010000111 -
b1111011010 )
b1110001011110010 '
b1110001011110010 <
b1100100 :
b1100100 8
b1100100 1
b1100100 /
b1100100 C
b1100100 A
b1100100 D
b1100100 2
b1100100 ;
b111001100010000111 ,
b1111111111111001101101100101010001100010 >
1$
#1974
0$
#1975
b1111111111110101000010000100000101011110 !
b1111111111110101000010000100000101011110 ?
b10011000010100001101000 #
b10011000010100001101000 -
b1111011011 )
b1100011111101011 '
b1100011111101011 <
b1100100 :
b1100100 8
b1100100 1
b1100100 /
b1100100 C
b1100100 A
b1100100 D
b1100100 2
b1100100 ;
b10011000010100001101000 ,
b1111111111110101000010000100000101011110 >
1$
#1976
0$
#1977
b1111111111110100001001010011010000000100 !
b1111111111110100001001010011010000000100 ?
b11010101101011110111110 #
b11010101101011110111110 -
b1111011100 )
b1100000001001001 '
b1100000001001001 <
b1100100 :
b1100100 8
b1100100 1
b1100100 /
b1100100 C
b1100100 A
b1100100 D
b1100100 2
b1100100 ;
b11010101101011110111110 ,
b1111111111110100001001010011010000000100 >
1$
#1978
0$
#1979
b1111111111110111010110111011001010111101 !
b1111111111110111010110111011001010111101 ?
b10111001100011000010100 #
b10111001100011000010100 -
b1111011101 )
b1100111010110000 '
b1100111010110000 <
b1100100 :
b1100100 8
b1100100 1
b1100100 /
b1100100 C
b1100100 A
b1100100 D
b1100100 2
b1100100 ;
b10111001100011000010100 ,
b1111111111110111010110111011001010111101 >
1$
#1980
0$
#1981
b1111111111111101100011110100101010101110 !
b1111111111111101100011110100101010101110 ?
b1100000001101010011010 #
b1100000001101010011010 -
b1111011110 )
b1110111000100101 '
b1110111000100101 <
b1100100 :
b1100100 8
b1100100 1
b1100100 /
b1100100 C
b1100100 A
b1100100 D
b1100100 2
b1100100 ;
b1100000001101010011010 ,
b1111111111111101100011110100101010101110 >
1$
#1982
0$
#1983
b100100110101110111100111000 !
b100100110101110111100111000 ?
b1111111111111111111110110101110101001100 #
b1111111111111111111110110101110101001100 -
b1111011111 )
b1001111000111 '
b1001111000111 <
b1100100 :
b1100100 8
b1100100 1
b1100100 /
b1100100 C
b1100100 A
b1100100 D
b1100100 2
b1100100 ;
b1111111111111111111110110101110101001100 ,
b100100110101110111100111000 >
1$
#1984
0$
#1985
b1010000011101101101111010011 !
b1010000011101101101111010011 ?
b1111111111111111110100111000010111011100 #
b1111111111111111110100111000010111011100 -
b1111100000 )
b11001010010010 '
b11001010010010 <
b1100100 :
b1100100 8
b1100100 1
b1100100 /
b1100100 C
b1100100 A
b1100100 D
b1100100 2
b1100100 ;
b1111111111111111110100111000010111011100 ,
b1010000011101101101111010011 >
1$
#1986
0$
#1987
b1100000010000100110100011101 !
b1100000010000100110100011101 ?
b1111111111111111110001000101010100101010 #
b1111111111111111110001000101010100101010 -
b1111100001 )
b11111111100000 '
b11111111100000 <
b1100100 :
b1100100 8
b1100100 1
b1100100 /
b1100100 C
b1100100 A
b1100100 D
b1100100 2
b1100100 ;
b1111111111111111110001000101010100101010 ,
b1100000010000100110100011101 >
1$
#1988
0$
#1989
b1001110110000111011000011111 !
b1001110110000111011000011111 ?
b1111111111111111110011011110111101000010 #
b1111111111111111110011011110111101000010 -
b1111100010 )
b11011100010110 '
b11011100010110 <
b1100100 :
b1100100 8
b1100100 1
b1100100 /
b1100100 C
b1100100 A
b1100100 D
b1100100 2
b1100100 ;
b1111111111111111110011011110111101000010 ,
b1001110110000111011000011111 >
1$
#1990
0$
#1991
b100010000001111010001000001 !
b100010000001111010001000001 ?
b1111111111111111111001110100101101110101 #
b1111111111111111111001110100101101110101 -
b1111100011 )
b1101101000000 '
b1101101000000 <
b1100100 :
b1100100 8
b1100100 1
b1100100 /
b1100100 C
b1100100 A
b1100100 D
b1100100 2
b1100100 ;
b1111111111111111111001110100101101110101 ,
b100010000001111010001000001 >
1$
#1992
0$
#1993
b1111111111111101001100001101100110100110 !
b1111111111111101001100001101100110100110 ?
b111001110101101010 #
b111001110101101010 -
b1111100100 )
b1111010111111101 '
b1111010111111101 <
b1100100 :
b1100100 8
b1100100 1
b1100100 /
b1100100 C
b1100100 A
b1100100 D
b1100100 2
b1100100 ;
b111001110101101010 ,
b1111111111111101001100001101100110100110 >
1$
#1994
0$
#1995
b1111111111110111000110010111011001000010 !
b1111111111110111000110010111011001000010 ?
b101111110000000100111 #
b101111110000000100111 -
b1111100101 )
b1101010000110000 '
b1101010000110000 <
b1100100 :
b1100100 8
b1100100 1
b1100100 /
b1100100 C
b1100100 A
b1100100 D
b1100100 2
b1100100 ;
b101111110000000100111 ,
b1111111111110111000110010111011001000010 >
1$
#1996
0$
#1997
b1111111111110100000101100001010111111100 !
b1111111111110100000101100001010111111100 ?
b111101010101111010011 #
b111101010101111010011 -
b1111100110 )
b1100000110001011 '
b1100000110001011 <
b1100100 :
b1100100 8
b1100100 1
b1100100 /
b1100100 C
b1100100 A
b1100100 D
b1100100 2
b1100100 ;
b111101010101111010011 ,
b1111111111110100000101100001010111111100 >
1$
#1998
0$
#1999
b1111111111110101001100010111111001001000 !
b1111111111110101001100010111111001001000 ?
b110001100110101000111 #
b110001100110101000111 -
b1111100111 )
b1100010001111111 '
b1100010001111111 <
b1100100 :
b1100100 8
b1100100 1
b1100100 /
b1100100 C
b1100100 A
b1100100 D
b1100100 2
b1100100 ;
b110001100110101000111 ,
b1111111111110101001100010111111001001000 >
1$
#2000
0$
#2001
b1111111111111010000010011010101110011110 !
b1111111111111010000010011010101110011110 ?
b10111000101011011011 #
b10111000101011011011 -
b1111101000 )
b1101110000000111 '
b1101110000000111 <
b1100100 :
b1100100 8
b1100100 1
b1100100 /
b1100100 C
b1100100 A
b1100100 D
b1100100 2
b1100100 ;
b10111000101011011011 ,
b1111111111111010000010011010101110011110 >
1$
#2002
0$
#2003
b111100011011011100100001 !
b111100011011011100100001 ?
b1111111111111111111111011010011110100101 #
b1111111111111111111111011010011110100101 -
b1111101001 )
b0 '
b0 <
b1100100 :
b1100100 8
b1100100 1
b1100100 /
b1100100 C
b1100100 A
b1100100 D
b1100100 2
b1100100 ;
b1111111111111111111111011010011110100101 ,
b111100011011011100100001 >
1$
#2004
0$
#2005
b111100001100010101101010101 !
b111100001100010101101010101 ?
b1111111111111111111101000110001010000010 #
b1111111111111111111101000110001010000010 -
b1111101010 )
b10001111111001 '
b10001111111001 <
b1100100 :
b1100100 8
b1100100 1
b1100100 /
b1100100 C
b1100100 A
b1100100 D
b1100100 2
b1100100 ;
b1111111111111111111101000110001010000010 ,
b111100001100010101101010101 >
1$
#2006
0$
#2007
b1011100000000111101101111101 !
b1011100000000111101101111101 ?
b1111111111111111111100011100110111011011 #
b1111111111111111111100011100110111011011 -
b1111101011 )
b11101110000001 '
b11101110000001 <
b1100100 :
b1100100 8
b1100100 1
b1100100 /
b1100100 C
b1100100 A
b1100100 D
b1100100 2
b1100100 ;
b1111111111111111111100011100110111011011 ,
b1011100000000111101101111101 >
1$
#2008
0$
#2009
b1111111111111111111101001111011110011011 #
b1111111111111111111101001111011110011011 -
b1111101100 )
b11111001110101 '
b11111001110101 <
b1100100 :
b1100100 8
b1100100 1
b1100100 /
b1100100 C
b1100100 A
b1100100 D
b1100100 2
b1100100 ;
b1111111111111111111101001111011110011011 ,
b1011100000000111101101111101 >
1$
#2010
0$
#2011
b111100001100010101101010101 !
b111100001100010101101010101 ?
b1111111111111111111110110000101011101000 #
b1111111111111111111110110000101011101000 -
b1111101101 )
b10101111010000 '
b10101111010000 <
b1100100 :
b1100100 8
b1100100 1
b1100100 /
b1100100 C
b1100100 A
b1100100 D
b1100100 2
b1100100 ;
b1111111111111111111110110000101011101000 ,
b111100001100010101101010101 >
1$
#2012
0$
#2013
b111100011011011100100001 !
b111100011011011100100001 ?
b1111100000100101 #
b1111100000100101 -
b1111101110 )
b101000000011 '
b101000000011 <
b1100100 :
b1100100 8
b1100100 1
b1100100 /
b1100100 C
b1100100 A
b1100100 D
b1100100 2
b1100100 ;
b1111100000100101 ,
b111100011011011100100001 >
1$
#2014
0$
#2015
b1111111111111010000010011010101110011110 !
b1111111111111010000010011010101110011110 ?
b1001001100101101001 #
b1001001100101101001 -
b1111101111 )
b1110010011000000 '
b1110010011000000 <
b1100100 :
b1100100 8
b1100100 1
b1100100 /
b1100100 C
b1100100 A
b1100100 D
b1100100 2
b1100100 ;
b1001001100101101001 ,
b1111111111111010000010011010101110011110 >
1$
#2016
0$
#2017
b1111111111110101001100010111111001001000 !
b1111111111110101001100010111111001001000 ?
b1010101101110011010 #
b1010101101110011010 -
b1111110000 )
b1100100011101010 '
b1100100011101010 <
b1100100 :
b1100100 8
b1100100 1
b1100100 /
b1100100 C
b1100100 A
b1100100 D
b1100100 2
b1100100 ;
b1010101101110011010 ,
b1111111111110101001100010111111001001000 >
1$
#2018
0$
#2019
b1111111111110100000101100001010111111100 !
b1111111111110100000101100001010111111100 ?
b1000000100100001100 #
b1000000100100001100 -
b1111110001 )
b1100000000100000 '
b1100000000100000 <
b1100100 :
b1100100 8
b1100100 1
b1100100 /
b1100100 C
b1100100 A
b1100100 D
b1100100 2
b1100100 ;
b1000000100100001100 ,
b1111111111110100000101100001010111111100 >
1$
#2020
0$
#2021
b1111111111110111000110010111011001000010 !
b1111111111110111000110010111011001000010 ?
b100001010101011010 #
b100001010101011010 -
b1111110010 )
b1100110101101110 '
b1100110101101110 <
b1100100 :
b1100100 8
b1100100 1
b1100100 /
b1100100 C
b1100100 A
b1100100 D
b1100100 2
b1100100 ;
b100001010101011010 ,
b1111111111110111000110010111011001000010 >
1$
#2022
0$
#2023
b1111111111111101001100001101100110100110 !
b1111111111111101001100001101100110100110 ?
b1001111110010011 #
b1001111110010011 -
b1111110011 )
b1110110000111001 '
b1110110000111001 <
b1100100 :
b1100100 8
b1100100 1
b1100100 /
b1100100 C
b1100100 A
b1100100 D
b1100100 2
b1100100 ;
b1001111110010011 ,
b1111111111111101001100001101100110100110 >
1$
#2024
0$
#2025
b100010000001111010001000001 !
b100010000001111010001000001 ?
b110000001111 #
b110000001111 -
b1111110100 )
b1000111011011 '
b1000111011011 <
b1100100 :
b1100100 8
b1100100 1
b1100100 /
b1100100 C
b1100100 A
b1100100 D
b1100100 2
b1100100 ;
b110000001111 ,
b100010000001111010001000001 >
1$
#2026
0$
#2027
b1001110110000111011000011111 !
b1001110110000111011000011111 ?
b0 #
b0 -
b1111110101 )
b11000101010000 '
b11000101010000 <
b1100100 :
b1100100 8
b1100100 1
b1100100 /
b1100100 C
b1100100 A
b1100100 D
b1100100 2
b1100100 ;
b0 ,
b1001110110000111011000011111 >
1$
#2028
0$
#2029
b1100000010000100110100011101 !
b1100000010000100110100011101 ?
b1111110110 )
b11111110110111 '
b11111110110111 <
b1100100 :
b1100100 8
b1100100 1
b1100100 /
b1100100 C
b1100100 A
b1100100 D
b1100100 2
b1100100 ;
b1100000010000100110100011101 >
1$
#2030
0$
#2031
b1010000011101101101111010011 !
b1010000011101101101111010011 ?
b1111110111 )
b11100000010101 '
b11100000010101 <
b1100100 :
b1100100 8
b1100100 1
b1100100 /
b1100100 C
b1100100 A
b1100100 D
b1100100 2
b1100100 ;
b1010000011101101101111010011 >
1$
#2032
0$
#2033
b100100110101110111100111000 !
b100100110101110111100111000 ?
b1111111000 )
b1110100001110 '
b1110100001110 <
b1100100 :
b1100100 8
b1100100 1
b1100100 /
b1100100 C
b1100100 A
b1100100 D
b1100100 2
b1100100 ;
b100100110101110111100111000 >
1$
#2034
0$
#2035
b1111111111111101100011110100101010101110 !
b1111111111111101100011110100101010101110 ?
b1111111001 )
b1111011111111011 '
b1111011111111011 <
b1100100 :
b1100100 8
b1100100 1
b1100100 /
b1100100 C
b1100100 A
b1100100 D
b1100100 2
b1100100 ;
b1111111111111101100011110100101010101110 >
1$
#2036
0$
#2037
b1111111111110111010110111011001010111101 !
b1111111111110111010110111011001010111101 ?
b1111111010 )
b1101010110101101 '
b1101010110101101 <
b1100100 :
b1100100 8
b1100100 1
b1100100 /
b1100100 C
b1100100 A
b1100100 D
b1100100 2
b1100100 ;
b1111111111110111010110111011001010111101 >
1$
#2038
0$
#2039
b1111111111110100001001010011010000000100 !
b1111111111110100001001010011010000000100 ?
b1111111011 )
b1100001000000011 '
b1100001000000011 <
b1100100 :
b1100100 8
b1100100 1
b1100100 /
b1100100 C
b1100100 A
b1100100 D
b1100100 2
b1100100 ;
b1111111111110100001001010011010000000100 >
1$
#2040
0$
#2041
b1111111111110101000010000100000101011110 !
b1111111111110101000010000100000101011110 ?
b1111111100 )
b1100001111001001 '
b1100001111001001 <
b1100100 :
b1100100 8
b1100100 1
b1100100 /
b1100100 C
b1100100 A
b1100100 D
b1100100 2
b1100100 ;
b1111111111110101000010000100000101011110 >
1$
#2042
0$
#2043
b1111111111111001101101100101010001100010 !
b1111111111111001101101100101010001100010 ?
b1111111101 )
b1101101001100010 '
b1101101001100010 <
b1100100 :
b1100100 8
b1100100 1
b1100100 /
b1100100 C
b1100100 A
b1100100 D
b1100100 2
b1100100 ;
b1111111111111001101101100101010001100010 >
1$
#2044
0$
#2045
b100100010001010110100000 !
b100100010001010110100000 ?
b1111111110 )
b1111110111111101 '
b1111110111111101 <
b1100100 :
b1100100 8
b1100100 1
b1100100 /
b1100100 C
b1100100 A
b1100100 D
b1100100 2
b1100100 ;
b100100010001010110100000 >
1$
#2046
0$
#2047
b111001110011010100001010100 !
b111001110011010100001010100 ?
b1111111111 )
b10001001001011 '
b10001001001011 <
b1100100 :
b1100100 8
b1100100 1
b1100100 /
b1100100 C
b1100100 A
b1100100 D
b1100100 2
b1100100 ;
b111001110011010100001010100 >
1$
#2048
0$
#2049
b1011011000101000101011001100 !
b1011011000101000101011001100 ?
b10000000000 )
b11101010111100 '
b11101010111100 <
b1100100 :
b1100100 8
b1100100 1
b1100100 /
b1100100 C
b1100100 A
b1100100 D
b1100100 2
b1100100 ;
b1011011000101000101011001100 >
1$
#2050
0$
#2051
b1011100110110111011000101001 !
b1011100110110111011000101001 ?
b10000000001 )
b11111011011110 '
b11111011011110 <
b1100100 :
b1100100 8
b1100100 1
b1100100 /
b1100100 C
b1100100 A
b1100100 D
b1100100 2
b1100100 ;
b1011100110110111011000101001 >
1$
#2052
0$
#2053
b111110100001011101110011010 !
b111110100001011101110011010 ?
b10000000010 )
b10110101000001 '
b10110101000001 <
b1100100 :
b1100100 8
b1100100 1
b1100100 /
b1100100 C
b1100100 A
b1100100 D
b1100100 2
b1100100 ;
b111110100001011101110011010 >
1$
#2054
0$
#2055
b1010100100001001011011100 !
b1010100100001001011011100 ?
b10000000011 )
b101111111110 '
b101111111110 <
b1100100 :
b1100100 8
b1100100 1
b1100100 /
b1100100 C
b1100100 A
b1100100 D
b1100100 2
b1100100 ;
b1010100100001001011011100 >
1$
#2056
0$
#2057
b1111111111111010010111100111111101110100 !
b1111111111111010010111100111111101110100 ?
b10000000100 )
b1110011010010101 '
b1110011010010101 <
b1100100 :
b1100100 8
b1100100 1
b1100100 /
b1100100 C
b1100100 A
b1100100 D
b1100100 2
b1100100 ;
b1111111111111010010111100111111101110100 >
1$
#2058
0$
#2059
b1111111111110101010111010111001111100111 !
b1111111111110101010111010111001111100111 ?
b10000000101 )
b1100100111110111 '
b1100100111110111 <
b1100100 :
b1100100 8
b1100100 1
b1100100 /
b1100100 C
b1100100 A
b1100100 D
b1100100 2
b1100100 ;
b1111111111110101010111010111001111100111 >
1$
#2060
0$
#2061
b1111111111110100000010011111100100111001 !
b1111111111110100000010011111100100111001 ?
b10000000110 )
b1100000000001000 '
b1100000000001000 <
b1100100 :
b1100100 8
b1100100 1
b1100100 /
b1100100 C
b1100100 A
b1100100 D
b1100100 2
b1100100 ;
b1111111111110100000010011111100100111001 >
1$
#2062
0$
#2063
b1111111111110110110110010111011011101100 !
b1111111111110110110110010111011011101100 ?
b10000000111 )
b1100110000111001 '
b1100110000111001 <
b1100100 :
b1100100 8
b1100100 1
b1100100 /
b1100100 C
b1100100 A
b1100100 D
b1100100 2
b1100100 ;
b1111111111110110110110010111011011101100 >
1$
#2064
0$
#2065
b1111111111111100110100110001100010110111 !
b1111111111111100110100110001100010110111 ?
b10000001000 )
b1110101001010010 '
b1110101001010010 <
b1100100 :
b1100100 8
b1100100 1
b1100100 /
b1100100 C
b1100100 A
b1100100 D
b1100100 2
b1100100 ;
b1111111111111100110100110001100010110111 >
1$
#2066
0$
#2067
b11111001011101110010011111 !
b11111001011101110010011111 ?
b10000001001 )
b111111101011 '
b111111101011 <
b1100100 :
b1100100 8
b1100100 1
b1100100 /
b1100100 C
b1100100 A
b1100100 D
b1100100 2
b1100100 ;
b11111001011101110010011111 >
1$
#2068
0$
#2069
b1001100111111000011010100001 !
b1001100111111000011010100001 ?
b10000001010 )
b11000000000010 '
b11000000000010 <
b1100100 :
b1100100 8
b1100100 1
b1100100 /
b1100100 C
b1100100 A
b1100100 D
b1100100 2
b1100100 ;
b1001100111111000011010100001 >
1$
#2070
0$
#2071
b1100000001010011010001001010 !
b1100000001010011010001001010 ?
b10000001011 )
b11111101111111 '
b11111101111111 <
b1100100 :
b1100100 8
b1100100 1
b1100100 /
b1100100 C
b1100100 A
b1100100 D
b1100100 2
b1100100 ;
b1100000001010011010001001010 >
1$
#2072
0$
#2073
b1010010000101010100110101001 !
b1010010000101010100110101001 ?
b10000001100 )
b11100100000110 '
b11100100000110 <
b1100100 :
b1100100 8
b1100100 1
b1100100 /
b1100100 C
b1100100 A
b1100100 D
b1100100 2
b1100100 ;
b1010010000101010100110101001 >
1$
#2074
0$
#2075
b100111100111011011101101101 !
b100111100111011011101101101 ?
b10000001101 )
b1111011010101 '
b1111011010101 <
b1100100 :
b1100100 8
b1100100 1
b1100100 /
b1100100 C
b1100100 A
b1100100 D
b1100100 2
b1100100 ;
b100111100111011011101101101 >
1$
#2076
0$
#2077
b1111111111111101111011100101011111010100 !
b1111111111111101111011100101011111010100 ?
b10000001110 )
b1111100111111010 '
b1111100111111010 <
b1100100 :
b1100100 8
b1100100 1
b1100100 /
b1100100 C
b1100100 A
b1100100 D
b1100100 2
b1100100 ;
b1111111111111101111011100101011111010100 >
1$
#2078
0$
#2079
b1111111111110111101000000010010101000011 !
b1111111111110111101000000010010101000011 ?
b10000001111 )
b1101011100110100 '
b1101011100110100 <
b1100100 :
b1100100 8
b1100100 1
b1100100 /
b1100100 C
b1100100 A
b1100100 D
b1100100 2
b1100100 ;
b1111111111110111101000000010010101000011 >
1$
#2080
0$
#2081
b1111111111110100001101110110000011000110 !
b1111111111110100001101110110000011000110 ?
b10000010000 )
b1100001010001011 '
b1100001010001011 <
b1100100 :
b1100100 8
b1100100 1
b1100100 /
b1100100 C
b1100100 A
b1100100 D
b1100100 2
b1100100 ;
b1111111111110100001101110110000011000110 >
1$
#2082
0$
#2083
b1111111111110100111000011110000100010101 !
b1111111111110100111000011110000100010101 ?
b10000010001 )
b1100001100100010 '
b1100001100100010 <
b1100100 :
b1100100 8
b1100100 1
b1100100 /
b1100100 C
b1100100 A
b1100100 D
b1100100 2
b1100100 ;
b1111111111110100111000011110000100010101 >
1$
#2084
0$
#2085
b1111111111111001011001001010111101010101 !
b1111111111111001011001001010111101010101 ?
b10000010010 )
b1101100011000110 '
b1101100011000110 <
b1100100 :
b1100100 8
b1100100 1
b1100100 /
b1100100 C
b1100100 A
b1100100 D
b1100100 2
b1100100 ;
b1111111111111001011001001010111101010101 >
1$
#2086
0$
#2087
b1100000110101101101001 !
b1100000110101101101001 ?
b10000010011 )
b1111101111111011 '
b1111101111111011 <
b1100100 :
b1100100 8
b1100100 1
b1100100 /
b1100100 C
b1100100 A
b1100100 D
b1100100 2
b1100100 ;
b1100000110101101101001 >
1$
#2088
0$
#2089
b110111010110110101010001110 !
b110111010110110101010001110 ?
b10000010100 )
b10000010010100 '
b10000010010100 <
b1100100 :
b1100100 8
b1100100 1
b1100100 /
b1100100 C
b1100100 A
b1100100 D
b1100100 2
b1100100 ;
b110111010110110101010001110 >
1$
#2090
0$
#2091
b1011010000011100101110111100 !
b1011010000011100101110111100 ?
b10000010101 )
b11100111101001 '
b11100111101001 <
b1100100 :
b1100100 8
b1100100 1
b1100100 /
b1100100 C
b1100100 A
b1100100 D
b1100100 2
b1100100 ;
b1011010000011100101110111100 >
1$
#2092
0$
#2093
b1011101100111000101110110001 !
b1011101100111000101110110001 ?
b10000010110 )
b11111100110110 '
b11111100110110 <
b1100100 :
b1100100 8
b1100100 1
b1100100 /
b1100100 C
b1100100 A
b1100100 D
b1100100 2
b1100100 ;
b1011101100111000101110110001 >
1$
#2094
0$
#2095
b1000000110010101001101101000 !
b1000000110010101001101101000 ?
b10000010111 )
b10111010100111 '
b10111010100111 <
b1100100 :
b1100100 8
b1100100 1
b1100100 /
b1100100 C
b1100100 A
b1100100 D
b1100100 2
b1100100 ;
b1000000110010101001101101000 >
1$
#2096
0$
#2097
b1101100100001001100011000 !
b1101100100001001100011000 ?
b10000011000 )
b110111110110 '
b110111110110 <
b1100100 :
b1100100 8
b1100100 1
b1100100 /
b1100100 C
b1100100 A
b1100100 D
b1100100 2
b1100100 ;
b1101100100001001100011000 >
1$
#2098
0$
#2099
b1111111111111010101101001011010100100000 !
b1111111111111010101101001011010100100000 ?
b10000011001 )
b1110100001110001 '
b1110100001110001 <
b1100100 :
b1100100 8
b1100100 1
b1100100 /
b1100100 C
b1100100 A
b1100100 D
b1100100 2
b1100100 ;
b1111111111111010101101001011010100100000 >
1$
#2100
0$
#2101
b1111111111110101100011000000111001011001 !
b1111111111110101100011000000111001011001 ?
b10000011010 )
b1100101100010001 '
b1100101100010001 <
b1100100 :
b1100100 8
b1100100 1
b1100100 /
b1100100 C
b1100100 A
b1100100 D
b1100100 2
b1100100 ;
b1111111111110101100011000000111001011001 >
1$
#2102
0$
#2103
b1111111111110100000000001101101000000110 !
b1111111111110100000000001101101000000110 ?
b10000011011 )
b1100000000000000 '
b1100000000000000 <
b1100100 :
b1100100 8
b1100100 1
b1100100 /
b1100100 C
b1100100 A
b1100100 D
b1100100 2
b1100100 ;
b1111111111110100000000001101101000000110 >
1$
#2104
0$
#2105
b1111111111110110100110111100010101001001 !
b1111111111110110100110111100010101001001 ?
b10000011100 )
b1100101100010001 '
b1100101100010001 <
b1100100 :
b1100100 8
b1100100 1
b1100100 /
b1100100 C
b1100100 A
b1100100 D
b1100100 2
b1100100 ;
b1111111111110110100110111100010101001001 >
1$
#2106
0$
#2107
b1111111111111100011101100010101001111101 !
b1111111111111100011101100010101001111101 ?
b10000011101 )
b1110100001110001 '
b1110100001110001 <
b1100100 :
b1100100 8
b1100100 1
b1100100 /
b1100100 C
b1100100 A
b1100100 D
b1100100 2
b1100100 ;
b1111111111111100011101100010101001111101 >
1$
#2108
0$
#2109
b11100010011101010110000011 !
b11100010011101010110000011 ?
b10000011110 )
b0 '
b0 <
b1100100 :
b1100100 8
b1100100 1
b1100100 /
b1100100 C
b1100100 A
b1100100 D
b1100100 2
b1100100 ;
b11100010011101010110000011 >
1$
#2110
0$
#2111
b1001011001000011101010110111 !
b1001011001000011101010110111 ?
b10000011111 )
b1100100 :
b1100100 8
b1100100 1
b1100100 /
b1100100 C
b1100100 A
b1100100 D
b1100100 2
b1100100 ;
b1001011001000011101010110111 >
1$
#2112
0$
#2113
b1011111111110010010111111010 !
b1011111111110010010111111010 ?
b10000100000 )
b1100100 :
b1100100 8
b1100100 1
b1100100 /
b1100100 C
b1100100 A
b1100100 D
b1100100 2
b1100100 ;
b1011111111110010010111111010 >
1$
#2114
0$
#2115
b1010011101000001101110001001 !
b1010011101000001101110001001 ?
b10000100001 )
b1100100 :
b1100100 8
b1100100 1
b1100100 /
b1100100 C
b1100100 A
b1100100 D
b1100100 2
b1100100 ;
b1010011101000001101110001001 >
1$
#2116
0$
#2117
b101010011000011100010001111 !
b101010011000011100010001111 ?
b10000100010 )
b1100100 :
b1100100 8
b1100100 1
b1100100 /
b1100100 C
b1100100 A
b1100100 D
b1100100 2
b1100100 ;
b101010011000011100010001111 >
1$
#2118
0$
#2119
b1111111111111110010100000110111011000001 !
b1111111111111110010100000110111011000001 ?
b10000100011 )
b1100100 :
b1100100 8
b1100100 1
b1100100 /
b1100100 C
b1100100 A
b1100100 D
b1100100 2
b1100100 ;
b1111111111111110010100000110111011000001 >
1$
#2120
0$
#2121
b1111111111110111111010110010100001011100 !
b1111111111110111111010110010100001011100 ?
b10000100100 )
b1100100 :
b1100100 8
b1100100 1
b1100100 /
b1100100 C
b1100100 A
b1100100 D
b1100100 2
b1100100 ;
b1111111111110111111010110010100001011100 >
1$
#2122
0$
#2123
b1111111111110100010100100100001101101010 !
b1111111111110100010100100100001101101010 ?
b10000100101 )
b1100100 :
b1100100 8
b1100100 1
b1100100 /
b1100100 C
b1100100 A
b1100100 D
b1100100 2
b1100100 ;
b1111111111110100010100100100001101101010 >
1$
#2124
0$
#2125
b1111111111110100110000110110001100111111 !
b1111111111110100110000110110001100111111 ?
b10000100110 )
b1100100 :
b1100100 8
b1100100 1
b1100100 /
b1100100 C
b1100100 A
b1100100 D
b1100100 2
b1100100 ;
b1111111111110100110000110110001100111111 >
1$
#2126
0$
#2127
b1111111111111001000101100110000110010001 !
b1111111111111001000101100110000110010001 ?
b10000100111 )
b1100100 :
b1100100 8
b1100100 1
b1100100 /
b1100100 C
b1100100 A
b1100100 D
b1100100 2
b1100100 ;
b1111111111111001000101100110000110010001 >
1$
#2128
0$
#2129
b1111111111111111110010111000101000100110 !
b1111111111111111110010111000101000100110 ?
b10000101000 )
b1100100 :
b1100100 8
b1100100 1
b1100100 /
b1100100 C
b1100100 A
b1100100 D
b1100100 2
b1100100 ;
b1111111111111111110010111000101000100110 >
1$
#2130
0$
#2131
b110100100001011000010010001 !
b110100100001011000010010001 ?
b10000101001 )
b1100100 :
b1100100 8
b1100100 1
b1100100 /
b1100100 C
b1100100 A
b1100100 D
b1100100 2
b1100100 ;
b110100100001011000010010001 >
1$
#2132
0$
#2133
b1011000011101111100001000100 !
b1011000011101111100001000100 ?
b10000101010 )
b1100100 :
b1100100 8
b1100100 1
b1100100 /
b1100100 C
b1100100 A
b1100100 D
b1100100 2
b1100100 ;
b1011000011101111100001000100 >
1$
#2134
0$
#2135
b1011101110100000001111000110 !
b1011101110100000001111000110 ?
b10000101011 )
b1100100 :
b1100100 8
b1100100 1
b1100100 /
b1100100 C
b1100100 A
b1100100 D
b1100100 2
b1100100 ;
b1011101110100000001111000110 >
1$
#2136
0$
#2137
b1000010110001010000111010100 !
b1000010110001010000111010100 ?
b10000101100 )
b1100100 :
b1100100 8
b1100100 1
b1100100 /
b1100100 C
b1100100 A
b1100100 D
b1100100 2
b1100100 ;
b1000010110001010000111010100 >
1$
#2138
0$
#2139
b10000101111101010011011010 !
b10000101111101010011011010 ?
b10000101101 )
b1100100 :
b1100100 8
b1100100 1
b1100100 /
b1100100 C
b1100100 A
b1100100 D
b1100100 2
b1100100 ;
b10000101111101010011011010 >
1$
#2140
0$
#2141
b1111111111111011001000011100111001101001 !
b1111111111111011001000011100111001101001 ?
b10000101110 )
b1100100 :
b1100100 8
b1100100 1
b1100100 /
b1100100 C
b1100100 A
b1100100 D
b1100100 2
b1100100 ;
b1111111111111011001000011100111001101001 >
1$
#2142
0$
#2143
b1111111111110101110111011100000111110100 !
b1111111111110101110111011100000111110100 ?
b10000101111 )
b1100100 :
b1100100 8
b1100100 1
b1100100 /
b1100100 C
b1100100 A
b1100100 D
b1100100 2
b1100100 ;
b1111111111110101110111011100000111110100 >
1$
#2144
0$
#2145
b1111111111110100000110110011010001110011 !
b1111111111110100000110110011010001110011 ?
b10000110000 )
b1100100 :
b1100100 8
b1100100 1
b1100100 /
b1100100 C
b1100100 A
b1100100 D
b1100100 2
b1100100 ;
b1111111111110100000110110011010001110011 >
1$
#2146
0$
#2147
b1111111111110110011100100110010100011100 !
b1111111111110110011100100110010100011100 ?
b10000110001 )
b1100100 :
b1100100 8
b1100100 1
b1100100 /
b1100100 C
b1100100 A
b1100100 D
b1100100 2
b1100100 ;
b1111111111110110011100100110010100011100 >
1$
#2148
0$
#2149
b1111111111111100000100010000101001000001 !
b1111111111111100000100010000101001000001 ?
b10000110010 )
b1100100 :
b1100100 8
b1100100 1
b1100100 /
b1100100 C
b1100100 A
b1100100 D
b1100100 2
b1100100 ;
b1111111111111100000100010000101001000001 >
1$
#2150
0$
#2151
b11000001001001010110000011 !
b11000001001001010110000011 ?
b10000110011 )
b1100100 :
b1100100 8
b1100100 1
b1100100 /
b1100100 C
b1100100 A
b1100100 D
b1100100 2
b1100100 ;
b11000001001001010110000011 >
1$
#2152
0$
#2153
b1000111001111000010111001001 !
b1000111001111000010111001001 ?
b10000110100 )
b1100100 :
b1100100 8
b1100100 1
b1100100 /
b1100100 C
b1100100 A
b1100100 D
b1100100 2
b1100100 ;
b1000111001111000010111001001 >
1$
#2154
0$
#2155
b1011101101010111100010111010 !
b1011101101010111100010111010 ?
b10000110101 )
b1100100 :
b1100100 8
b1100100 1
b1100100 /
b1100100 C
b1100100 A
b1100100 D
b1100100 2
b1100100 ;
b1011101101010111100010111010 >
1$
#2156
0$
#2157
b1010011111000100101001110011 !
b1010011111000100101001110011 ?
b10000110110 )
b1100100 :
b1100100 8
b1100100 1
b1100100 /
b1100100 C
b1100100 A
b1100100 D
b1100100 2
b1100100 ;
b1010011111000100101001110011 >
1$
#2158
0$
#2159
b101101011010110100011000011 !
b101101011010110100011000011 ?
b10000110111 )
b1100100 :
b1100100 8
b1100100 1
b1100100 /
b1100100 C
b1100100 A
b1100100 D
b1100100 2
b1100100 ;
b101101011010110100011000011 >
1$
#2160
0$
#2161
b1111111111111110111101000010001110110100 !
b1111111111111110111101000010001110110100 ?
b10000111000 )
b1100100 :
b1100100 8
b1100100 1
b1100100 /
b1100100 C
b1100100 A
b1100100 D
b1100100 2
b1100100 ;
b1111111111111110111101000010001110110100 >
1$
#2162
0$
#2163
b1111111111111000101000000111101101101000 !
b1111111111111000101000000111101101101000 ?
b10000111001 )
b1100100 :
b1100100 8
b1100100 1
b1100100 /
b1100100 C
b1100100 A
b1100100 D
b1100100 2
b1100100 ;
b1111111111111000101000000111101101101000 >
1$
#2164
0$
#2165
b1111111111110100110110101010110010111110 !
b1111111111110100110110101010110010111110 ?
b10000111010 )
b1100100 :
b1100100 8
b1100100 1
b1100100 /
b1100100 C
b1100100 A
b1100100 D
b1100100 2
b1100100 ;
b1111111111110100110110101010110010111110 >
1$
#2166
0$
#2167
b1111111111110100111001101010110010111110 !
b1111111111110100111001101010110010111110 ?
b10000111011 )
b1100100 :
b1100100 8
b1100100 1
b1100100 /
b1100100 C
b1100100 A
b1100100 D
b1100100 2
b1100100 ;
b1111111111110100111001101010110010111110 >
1$
#2168
0$
#2169
b1111111111111000101110000000111011100000 !
b1111111111111000101110000000111011100000 ?
b10000111100 )
b1100100 :
b1100100 8
b1100100 1
b1100100 /
b1100100 C
b1100100 A
b1100100 D
b1100100 2
b1100100 ;
b1111111111111000101110000000111011100000 >
1$
#2170
0$
#2171
b1111111111111110111110100100011011010100 !
b1111111111111110111110100100011011010100 ?
b10000111101 )
b1100100 :
b1100100 8
b1100100 1
b1100100 /
b1100100 C
b1100100 A
b1100100 D
b1100100 2
b1100100 ;
b1111111111111110111110100100011011010100 >
1$
#2172
0$
#2173
b101100010001010110011101110 !
b101100010001010110011101110 ?
b10000111110 )
b1100100 :
b1100100 8
b1100100 1
b1100100 /
b1100100 C
b1100100 A
b1100100 D
b1100100 2
b1100100 ;
b101100010001010110011101110 >
1$
#2174
0$
#2175
b1010001010110111011000110001 !
b1010001010110111011000110001 ?
b10000111111 )
b1100100 :
b1100100 8
b1100100 1
b1100100 /
b1100100 C
b1100100 A
b1100100 D
b1100100 2
b1100100 ;
b1010001010110111011000110001 >
1$
#2176
0$
#2177
b1011010110000001000001101110 !
b1011010110000001000001101110 ?
b10001000000 )
b1100100 :
b1100100 8
b1100100 1
b1100100 /
b1100100 C
b1100100 A
b1100100 D
b1100100 2
b1100100 ;
b1011010110000001000001101110 >
1$
#2178
0$
#2179
b1000101100111000100000100011 !
b1000101100111000100000100011 ?
b10001000001 )
b1100100 :
b1100100 8
b1100100 1
b1100100 /
b1100100 C
b1100100 A
b1100100 D
b1100100 2
b1100100 ;
b1000101100111000100000100011 >
1$
#2180
0$
#2181
b11001010111100111011011110 !
b11001010111100111011011110 ?
b10001000010 )
b1100100 :
b1100100 8
b1100100 1
b1100100 /
b1100100 C
b1100100 A
b1100100 D
b1100100 2
b1100100 ;
b11001010111100111011011110 >
1$
#2182
0$
#2183
b1111111111111100101000011111110001000100 !
b1111111111111100101000011111110001000100 ?
b10001000011 )
b1100100 :
b1100100 8
b1100100 1
b1100100 /
b1100100 C
b1100100 A
b1100100 D
b1100100 2
b1100100 ;
b1111111111111100101000011111110001000100 >
1$
#2184
0$
#2185
b1111111111110111010001001111010000111100 !
b1111111111110111010001001111010000111100 ?
b10001000100 )
b1100100 :
b1100100 8
b1100100 1
b1100100 /
b1100100 C
b1100100 A
b1100100 D
b1100100 2
b1100100 ;
b1111111111110111010001001111010000111100 >
1$
#2186
0$
#2187
b1111111111110100110101100010101010100001 !
b1111111111110100110101100010101010100001 ?
b10001000101 )
b1100100 :
b1100100 8
b1100100 1
b1100100 /
b1100100 C
b1100100 A
b1100100 D
b1100100 2
b1100100 ;
b1111111111110100110101100010101010100001 >
1$
#2188
0$
#2189
b1111111111110110000101111110001011111010 !
b1111111111110110000101111110001011111010 ?
b10001000110 )
b1100100 :
b1100100 8
b1100100 1
b1100100 /
b1100100 C
b1100100 A
b1100100 D
b1100100 2
b1100100 ;
b1111111111110110000101111110001011111010 >
1$
#2190
0$
#2191
b1111111111111010100100111110001011111110 !
b1111111111111010100100111110001011111110 ?
b10001000111 )
b1100100 :
b1100100 8
b1100100 1
b1100100 /
b1100100 C
b1100100 A
b1100100 D
b1100100 2
b1100100 ;
b1111111111111010100100111110001011111110 >
1$
#2192
0$
#2193
b110010101000101110110000 !
b110010101000101110110000 ?
b10001001000 )
b1100100 :
b1100100 8
b1100100 1
b1100100 /
b1100100 C
b1100100 A
b1100100 D
b1100100 2
b1100100 ;
b110010101000101110110000 >
1$
#2194
0$
#2195
b110101101101101110110011100 !
b110101101101101110110011100 ?
b10001001001 )
b1100100 :
b1100100 8
b1100100 1
b1100100 /
b1100100 C
b1100100 A
b1100100 D
b1100100 2
b1100100 ;
b110101101101101110110011100 >
1$
#2196
0$
#2197
b1010011110000111001000000010 !
b1010011110000111001000000010 ?
b10001001010 )
b1100100 :
b1100100 8
b1100100 1
b1100100 /
b1100100 C
b1100100 A
b1100100 D
b1100100 2
b1100100 ;
b1010011110000111001000000010 >
1$
#2198
0$
#2199
b1010111010011101110000110010 !
b1010111010011101110000110010 ?
b10001001011 )
b1100100 :
b1100100 8
b1100100 1
b1100100 /
b1100100 C
b1100100 A
b1100100 D
b1100100 2
b1100100 ;
b1010111010011101110000110010 >
1$
#2200
0$
#2201
b111111100111111011001010111 !
b111111100111111011001010111 ?
b10001001100 )
b1100100 :
b1100100 8
b1100100 1
b1100100 /
b1100100 C
b1100100 A
b1100100 D
b1100100 2
b1100100 ;
b111111100111111011001010111 >
1$
#2202
0$
#2203
b10100001110000001000000001 !
b10100001110000001000000001 ?
b10001001101 )
b1100100 :
b1100100 8
b1100100 1
b1100100 /
b1100100 C
b1100100 A
b1100100 D
b1100100 2
b1100100 ;
b10100001110000001000000001 >
1$
#2204
0$
#2205
b1111111111111100010000010101001010001010 !
b1111111111111100010000010101001010001010 ?
b10001001110 )
b1100100 :
b1100100 8
b1100100 1
b1100100 /
b1100100 C
b1100100 A
b1100100 D
b1100100 2
b1100100 ;
b1111111111111100010000010101001010001010 >
1$
#2206
0$
#2207
b1111111111110110111001011010110000111001 !
b1111111111110110111001011010110000111001 ?
b10001001111 )
b1100100 :
b1100100 8
b1100100 1
b1100100 /
b1100100 C
b1100100 A
b1100100 D
b1100100 2
b1100100 ;
b1111111111110110111001011010110000111001 >
1$
#2208
0$
#2209
b1111111111110011110100001100100011011000 !
b1111111111110011110100001100100011011000 ?
b10001010000 )
b1100100 :
b1100100 8
b1100100 1
b1100100 /
b1100100 C
b1100100 A
b1100100 D
b1100100 2
b1100100 ;
b1111111111110011110100001100100011011000 >
1$
#2210
0$
#2211
b1111111111110011100110100011000111001110 !
b1111111111110011100110100011000111001110 ?
b10001010001 )
b1100100 :
b1100100 8
b1100100 1
b1100100 /
b1100100 C
b1100100 A
b1100100 D
b1100100 2
b1100100 ;
b1111111111110011100110100011000111001110 >
1$
#2212
0$
#2213
b1111111111110101111110101000101110011110 !
b1111111111110101111110101000101110011110 ?
b10001010010 )
b1100100 :
b1100100 8
b1100100 1
b1100100 /
b1100100 C
b1100100 A
b1100100 D
b1100100 2
b1100100 ;
b1111111111110101111110101000101110011110 >
1$
#2214
0$
#2215
b1111111111111001111110010010100101010110 !
b1111111111111001111110010010100101010110 ?
b10001010011 )
b1100100 :
b1100100 8
b1100100 1
b1100100 /
b1100100 C
b1100100 A
b1100100 D
b1100100 2
b1100100 ;
b1111111111111001111110010010100101010110 >
1$
#2216
0$
#2217
b1111111111111110010010110001000111001111 !
b1111111111111110010010110001000111001111 ?
b10001010100 )
b1100100 :
b1100100 8
b1100100 1
b1100100 /
b1100100 C
b1100100 A
b1100100 D
b1100100 2
b1100100 ;
b1111111111111110010010110001000111001111 >
1$
#2218
0$
#2219
b1110000000001111000100110 !
b1110000000001111000100110 ?
b10001010101 )
b1100100 :
b1100100 8
b1100100 1
b1100100 /
b1100100 C
b1100100 A
b1100100 D
b1100100 2
b1100100 ;
b1110000000001111000100110 >
1$
#2220
0$
#2221
b11100110011110110101101111 !
b11100110011110110101101111 ?
b10001010110 )
b1100100 :
b1100100 8
b1100100 1
b1100100 /
b1100100 C
b1100100 A
b1100100 D
b1100100 2
b1100100 ;
b11100110011110110101101111 >
1$
#2222
0$
#2223
b11101100111101000110011111 !
b11101100111101000110011111 ?
b10001010111 )
b1100100 :
b1100100 8
b1100100 1
b1100100 /
b1100100 C
b1100100 A
b1100100 D
b1100100 2
b1100100 ;
b11101100111101000110011111 >
1$
#2224
0$
#2225
b10011101010001000011111010 !
b10011101010001000011111010 ?
b10001011000 )
b1100100 :
b1100100 8
b1100100 1
b1100100 /
b1100100 C
b1100100 A
b1100100 D
b1100100 2
b1100100 ;
b10011101010001000011111010 >
1$
#2226
0$
#2227
b100110010001001010000000 !
b100110010001001010000000 ?
b10001011001 )
b1100100 :
b1100100 8
b1100100 1
b1100100 /
b1100100 C
b1100100 A
b1100100 D
b1100100 2
b1100100 ;
b100110010001001010000000 >
1$
#2228
0$
#2229
b1111111111111110111001011011010100010001 !
b1111111111111110111001011011010100010001 ?
b10001011010 )
b1100100 :
b1100100 8
b1100100 1
b1100100 /
b1100100 C
b1100100 A
b1100100 D
b1100100 2
b1100100 ;
b1111111111111110111001011011010100010001 >
1$
#2230
0$
#2231
b1111111111111101111010100010100101001111 !
b1111111111111101111010100010100101001111 ?
b10001011011 )
b1100100 :
b1100100 8
b1100100 1
b1100100 /
b1100100 C
b1100100 A
b1100100 D
b1100100 2
b1100100 ;
b1111111111111101111010100010100101001111 >
1$
#2232
0$
#2233
b1111111111111101110110101000101000000101 !
b1111111111111101110110101000101000000101 ?
b10001011100 )
b1100100 :
b1100100 8
b1100100 1
b1100100 /
b1100100 C
b1100100 A
b1100100 D
b1100100 2
b1100100 ;
b1111111111111101110110101000101000000101 >
1$
#2234
0$
#2235
b1111111111111110100011111011011111001000 !
b1111111111111110100011111011011111001000 ?
b10001011101 )
b1100100 :
b1100100 8
b1100100 1
b1100100 /
b1100100 C
b1100100 A
b1100100 D
b1100100 2
b1100100 ;
b1111111111111110100011111011011111001000 >
1$
#2236
0$
#2237
b1111111111111111101001011100110100000111 !
b1111111111111111101001011100110100000111 ?
b10001011110 )
b1100100 :
b1100100 8
b1100100 1
b1100100 /
b1100100 C
b1100100 A
b1100100 D
b1100100 2
b1100100 ;
b1111111111111111101001011100110100000111 >
1$
#2238
0$
#2239
b101010011010000010011101 !
b101010011010000010011101 ?
b10001011111 )
b1100100 :
b1100100 8
b1100100 1
b1100100 /
b1100100 C
b1100100 A
b1100100 D
b1100100 2
b1100100 ;
b101010011010000010011101 >
1$
#2240
0$
#2241
b1010000110101000011110111 !
b1010000110101000011110111 ?
b10001100000 )
b1100100 :
b1100100 8
b1100100 1
b1100100 /
b1100100 C
b1100100 A
b1100100 D
b1100100 2
b1100100 ;
b1010000110101000011110111 >
1$
#2242
0$
#2243
b1010100000000010111101011 !
b1010100000000010111101011 ?
b10001100001 )
b1100100 :
b1100100 8
b1100100 1
b1100100 /
b1100100 C
b1100100 A
b1100100 D
b1100100 2
b1100100 ;
b1010100000000010111101011 >
1$
#2244
0$
#2245
b111001001010110000000100 !
b111001001010110000000100 ?
b10001100010 )
b1100100 :
b1100100 8
b1100100 1
b1100100 /
b1100100 C
b1100100 A
b1100100 D
b1100100 2
b1100100 ;
b111001001010110000000100 >
1$
#2246
0$
#2247
b1111001001111010001011 !
b1111001001111010001011 ?
b10001100011 )
b1100100 :
b1100100 8
b1100100 1
b1100100 /
b1100100 C
b1100100 A
b1100100 D
b1100100 2
b1100100 ;
b1111001001111010001011 >
1$
#2248
0$
#2249
b1111111111111111100111011101011011010011 !
b1111111111111111100111011101011011010011 ?
b10001100100 )
b1100100 :
b1100100 8
b1100100 1
b1100100 /
b1100100 C
b1100100 A
b1100100 D
b1100100 2
b1100100 ;
b1111111111111111100111011101011011010011 >
1$
#2250
0$
#2251
b1111111111111111001111100110000110101001 !
b1111111111111111001111100110000110101001 ?
b10001100101 )
b1100100 :
b1100100 8
b1100100 1
b1100100 /
b1100100 C
b1100100 A
b1100100 D
b1100100 2
b1100100 ;
b1111111111111111001111100110000110101001 >
1$
#2252
0$
#2253
b1111111111111111001101000001011000001011 !
b1111111111111111001101000001011000001011 ?
b10001100110 )
b1100100 :
b1100100 8
b1100100 1
b1100100 /
b1100100 C
b1100100 A
b1100100 D
b1100100 2
b1100100 ;
b1111111111111111001101000001011000001011 >
1$
#2254
0$
#2255
b1111111111111111011100101011100011001101 !
b1111111111111111011100101011100011001101 ?
b10001100111 )
b1100100 :
b1100100 8
b1100100 1
b1100100 /
b1100100 C
b1100100 A
b1100100 D
b1100100 2
b1100100 ;
b1111111111111111011100101011100011001101 >
1$
#2256
0$
#2257
b1111111111111111110101101001110101001111 !
b1111111111111111110101101001110101001111 ?
b10001101000 )
b1100100 :
b1100100 8
b1100100 1
b1100100 /
b1100100 C
b1100100 A
b1100100 D
b1100100 2
b1100100 ;
b1111111111111111110101101001110101001111 >
1$
#2258
0$
#2259
b1101011010000001011101 !
b1101011010000001011101 ?
b10001101001 )
b1100100 :
b1100100 8
b1100100 1
b1100100 /
b1100100 C
b1100100 A
b1100100 D
b1100100 2
b1100100 ;
b1101011010000001011101 >
1$
#2260
0$
#2261
b11011110111000110111001 !
b11011110111000110111001 ?
b10001101010 )
b1100100 :
b1100100 8
b1100100 1
b1100100 /
b1100100 C
b1100100 A
b1100100 D
b1100100 2
b1100100 ;
b11011110111000110111001 >
1$
#2262
0$
#2263
b11101110010111110010110 !
b11101110010111110010110 ?
b10001101011 )
b1100100 :
b1100100 8
b1100100 1
b1100100 /
b1100100 C
b1100100 A
b1100100 D
b1100100 2
b1100100 ;
b11101110010111110010110 >
1$
#2264
0$
#2265
b10101000011000111101111 !
b10101000011000111101111 ?
b10001101100 )
b1100100 :
b1100100 8
b1100100 1
b1100100 /
b1100100 C
b1100100 A
b1100100 D
b1100100 2
b1100100 ;
b10101000011000111101111 >
1$
#2266
0$
#2267
b110110110000010001100 !
b110110110000010001100 ?
b10001101101 )
b1100100 :
b1100100 8
b1100100 1
b1100100 /
b1100100 C
b1100100 A
b1100100 D
b1100100 2
b1100100 ;
b110110110000010001100 >
1$
#2268
0$
#2269
b1111111111111111111001010000001110100000 !
b1111111111111111111001010000001110100000 ?
b10001101110 )
b1100100 :
b1100100 8
b1100100 1
b1100100 /
b1100100 C
b1100100 A
b1100100 D
b1100100 2
b1100100 ;
b1111111111111111111001010000001110100000 >
1$
#2270
0$
#2271
b1111111111111111110000110111101100011011 !
b1111111111111111110000110111101100011011 ?
b10001101111 )
b1100100 :
b1100100 8
b1100100 1
b1100100 /
b1100100 C
b1100100 A
b1100100 D
b1100100 2
b1100100 ;
b1111111111111111110000110111101100011011 >
1$
#2272
0$
#2273
b1111111111111111101111011111011110011001 !
b1111111111111111101111011111011110011001 ?
b10001110000 )
b1100100 :
b1100100 8
b1100100 1
b1100100 /
b1100100 C
b1100100 A
b1100100 D
b1100100 2
b1100100 ;
b1111111111111111101111011111011110011001 >
1$
#2274
0$
#2275
b1111111111111111110100000011100101011111 !
b1111111111111111110100000011100101011111 ?
b10001110001 )
b1100100 :
b1100100 8
b1100100 1
b1100100 /
b1100100 C
b1100100 A
b1100100 D
b1100100 2
b1100100 ;
b1111111111111111110100000011100101011111 >
1$
#2276
0$
#2277
b1111111111111111111011101001100110010111 !
b1111111111111111111011101001100110010111 ?
b10001110010 )
b1100100 :
b1100100 8
b1100100 1
b1100100 /
b1100100 C
b1100100 A
b1100100 D
b1100100 2
b1100100 ;
b1111111111111111111011101001100110010111 >
1$
#2278
0$
#2279
b10111101010100000101 !
b10111101010100000101 ?
b10001110011 )
b1100100 :
b1100100 8
b1100100 1
b1100100 /
b1100100 C
b1100100 A
b1100100 D
b1100100 2
b1100100 ;
b10111101010100000101 >
1$
#2280
0$
#2281
b111100001110101000100 !
b111100001110101000100 ?
b10001110100 )
b1100100 :
b1100100 8
b1100100 1
b1100100 /
b1100100 C
b1100100 A
b1100100 D
b1100100 2
b1100100 ;
b111100001110101000100 >
1$
#2282
0$
#2283
b1000011100011010010110 !
b1000011100011010010110 ?
b10001110101 )
b1100100 :
b1100100 8
b1100100 1
b1100100 /
b1100100 C
b1100100 A
b1100100 D
b1100100 2
b1100100 ;
b1000011100011010010110 >
1$
#2284
0$
#2285
b110010010100011100010 !
b110010010100011100010 ?
b10001110110 )
b1100100 :
b1100100 8
b1100100 1
b1100100 /
b1100100 C
b1100100 A
b1100100 D
b1100100 2
b1100100 ;
b110010010100011100010 >
1$
#2286
0$
#2287
b10100100010111010011 !
b10100100010111010011 ?
b10001110111 )
b1100100 :
b1100100 8
b1100100 1
b1100100 /
b1100100 C
b1100100 A
b1100100 D
b1100100 2
b1100100 ;
b10100100010111010011 >
1$
#2288
0$
#2289
b1111111111111111111110111100111010110010 !
b1111111111111111111110111100111010110010 ?
b10001111000 )
b1100100 :
b1100100 8
b1100100 1
b1100100 /
b1100100 C
b1100100 A
b1100100 D
b1100100 2
b1100100 ;
b1111111111111111111110111100111010110010 >
1$
#2290
0$
#2291
b1111111111111111111100101001101100101110 !
b1111111111111111111100101001101100101110 ?
b10001111001 )
b1100100 :
b1100100 8
b1100100 1
b1100100 /
b1100100 C
b1100100 A
b1100100 D
b1100100 2
b1100100 ;
b1111111111111111111100101001101100101110 >
1$
#2292
0$
#2293
b1111111111111111111100000101100111111000 !
b1111111111111111111100000101100111111000 ?
b10001111010 )
b1100100 :
b1100100 8
b1100100 1
b1100100 /
b1100100 C
b1100100 A
b1100100 D
b1100100 2
b1100100 ;
b1111111111111111111100000101100111111000 >
1$
#2294
0$
#2295
b1111111111111111111100111101001101011010 !
b1111111111111111111100111101001101011010 ?
b10001111011 )
b1100100 :
b1100100 8
b1100100 1
b1100100 /
b1100100 C
b1100100 A
b1100100 D
b1100100 2
b1100100 ;
b1111111111111111111100111101001101011010 >
1$
#2296
0$
#2297
b1111111111111111111110100011000111000110 !
b1111111111111111111110100011000111000110 ?
b10001111100 )
b1100100 :
b1100100 8
b1100100 1
b1100100 /
b1100100 C
b1100100 A
b1100100 D
b1100100 2
b1100100 ;
b1111111111111111111110100011000111000110 >
1$
#2298
0$
#2299
b111011011101111 !
b111011011101111 ?
b10001111101 )
b1100100 :
b1100100 8
b1100100 1
b1100100 /
b1100100 C
b1100100 A
b1100100 D
b1100100 2
b1100100 ;
b111011011101111 >
1$
#2300
0$
#2301
b1001001011111111111 !
b1001001011111111111 ?
b10001111110 )
b1100100 :
b1100100 8
b1100100 1
b1100100 /
b1100100 C
b1100100 A
b1100100 D
b1100100 2
b1100100 ;
b1001001011111111111 >
1$
#2302
0$
#2303
b1011110011101011011 !
b1011110011101011011 ?
b10001111111 )
b1100100 :
b1100100 8
b1100100 1
b1100100 /
b1100100 C
b1100100 A
b1100100 D
b1100100 2
b1100100 ;
b1011110011101011011 >
1$
#2304
0$
#2305
b1001111011110101100 !
b1001111011110101100 ?
b10010000000 )
b1100100 :
b1100100 8
b1100100 1
b1100100 /
b1100100 C
b1100100 A
b1100100 D
b1100100 2
b1100100 ;
b1001111011110101100 >
1$
#2306
0$
#2307
b110000011010010000 !
b110000011010010000 ?
b10010000001 )
b1100100 :
b1100100 8
b1100100 1
b1100100 /
b1100100 C
b1100100 A
b1100100 D
b1100100 2
b1100100 ;
b110000011010010000 >
1$
#2308
0$
b10010000001 M
b10000000000000000000000000000101 O
b10000000000000000000000000000100 N
b10000000000000000000000000000011 P
